# first_seen_epoch	block_number	sender	deploy_count	parents	block_hash
1790872291	0	04f700a417754b775d95421973bdbdadb2d23c8a5af46f1829b1431f5c136e549e8a0d61aa0c793f1a614f8e437711c7758473c6ceb0859ac7e9e07911ca66b5c4	16	0	03ff0de945abaf593c1f6636930a17dd7be88f2ea481b6875e6a531618f1defb
1790872291	1	04dbe32c2062240a4ba0bcad01d7edd98c78b51c77765d5e1e5e9fa3743d2f12a1f82f42cd7dc4f41445979117d790f23e9b3d08d0aa06d527c236172043e747fc	1	1	88fb4a1c580debaa5f6805c20b16ecfc37a28c9580264b76d21e192904c6ba62
1790872291	1	04f700a417754b775d95421973bdbdadb2d23c8a5af46f1829b1431f5c136e549e8a0d61aa0c793f1a614f8e437711c7758473c6ceb0859ac7e9e07911ca66b5c4	1	1	7eb02bee08682ff9219e8648671b20754cd73a5ea9cad4b493cb3023b6767a49
1790872291	1	04d8b6c325ae12e89823866b2a292a62d7acee520954761890a1621fef79dca1c8e8df79dd8519480e5c015ae6cf3ba7de8669e260561616a36eb9c308b5983ab0	1	1	586ce6d70de6acfa93a7e3b56aa128cd09a90a988c58fdf1cd5a9d802c00d06f
1790872291	2	04f700a417754b775d95421973bdbdadb2d23c8a5af46f1829b1431f5c136e549e8a0d61aa0c793f1a614f8e437711c7758473c6ceb0859ac7e9e07911ca66b5c4	1	3	1dc9bb9cdabaa4f9b741464c2e8db61309d08f24f82a0a60ccb36922702ac3f2
1790872291	2	04d8b6c325ae12e89823866b2a292a62d7acee520954761890a1621fef79dca1c8e8df79dd8519480e5c015ae6cf3ba7de8669e260561616a36eb9c308b5983ab0	1	3	180a4c3b5f05107e69ef410fd50681bcd61311fa56dff19b7c68d4625ea001b5
1790872292	2	04dbe32c2062240a4ba0bcad01d7edd98c78b51c77765d5e1e5e9fa3743d2f12a1f82f42cd7dc4f41445979117d790f23e9b3d08d0aa06d527c236172043e747fc	1	3	7f48783e7bb3c87716822f399e990300f694983434b2df75942486ed53973d78
1790872292	3	04d8b6c325ae12e89823866b2a292a62d7acee520954761890a1621fef79dca1c8e8df79dd8519480e5c015ae6cf3ba7de8669e260561616a36eb9c308b5983ab0	1	3	c203b0f3239bce929a41e4f89c8b97838317d7f4534bcfa189da9d6e8eda5030
1790872292	3	04dbe32c2062240a4ba0bcad01d7edd98c78b51c77765d5e1e5e9fa3743d2f12a1f82f42cd7dc4f41445979117d790f23e9b3d08d0aa06d527c236172043e747fc	1	3	28a0da40d07396df660b93e49aa22598579756d963c684054be10ace041a3e1b
1790872292	3	04f700a417754b775d95421973bdbdadb2d23c8a5af46f1829b1431f5c136e549e8a0d61aa0c793f1a614f8e437711c7758473c6ceb0859ac7e9e07911ca66b5c4	1	3	03e1be651dcd42712065cd476fa878001551cd54173fa1aeedbaecf69ff6497a
1790872293	4	04f700a417754b775d95421973bdbdadb2d23c8a5af46f1829b1431f5c136e549e8a0d61aa0c793f1a614f8e437711c7758473c6ceb0859ac7e9e07911ca66b5c4	1	3	c08d0e39a47359140e773e590659dba607e31b92af7b673ea5479dcd95796beb
1790872293	4	04d8b6c325ae12e89823866b2a292a62d7acee520954761890a1621fef79dca1c8e8df79dd8519480e5c015ae6cf3ba7de8669e260561616a36eb9c308b5983ab0	1	3	10aef118652ad4ec4d738b660686c9de08cc5861692fc0f85e57879c53a9ca11
1790872294	4	04dbe32c2062240a4ba0bcad01d7edd98c78b51c77765d5e1e5e9fa3743d2f12a1f82f42cd7dc4f41445979117d790f23e9b3d08d0aa06d527c236172043e747fc	1	3	840a66020c93b578912bb56d6be7d000f703725f8d05c02136c22874b3e74a98
1790872295	5	04f700a417754b775d95421973bdbdadb2d23c8a5af46f1829b1431f5c136e549e8a0d61aa0c793f1a614f8e437711c7758473c6ceb0859ac7e9e07911ca66b5c4	1	3	92358907b0c1c063923c221330e7055b88cdb434b0653ce2d02abdd19265d4ee
1790872295	5	04d8b6c325ae12e89823866b2a292a62d7acee520954761890a1621fef79dca1c8e8df79dd8519480e5c015ae6cf3ba7de8669e260561616a36eb9c308b5983ab0	1	3	6d11d5a39330eb341fe5742a84c6f9b0c88b569641ce1d62d4dfd21ec7719721
1790872295	5	04dbe32c2062240a4ba0bcad01d7edd98c78b51c77765d5e1e5e9fa3743d2f12a1f82f42cd7dc4f41445979117d790f23e9b3d08d0aa06d527c236172043e747fc	1	3	6c44a9f2a0cbb95d925728ff8b30b6dc405c28655e646facd2d8a1775ba38c17
1790872297	6	04f700a417754b775d95421973bdbdadb2d23c8a5af46f1829b1431f5c136e549e8a0d61aa0c793f1a614f8e437711c7758473c6ceb0859ac7e9e07911ca66b5c4	1	3	0d7e60a709fe781939da90ec7dc8e94c8348f182a442813a11a2907e86c7cdbb
1790872297	6	04d8b6c325ae12e89823866b2a292a62d7acee520954761890a1621fef79dca1c8e8df79dd8519480e5c015ae6cf3ba7de8669e260561616a36eb9c308b5983ab0	1	3	d834ed8cc7f1addacfd566e1191427449d5a0f1d84cbb279eb685a81a7dc257c
1790872298	6	04dbe32c2062240a4ba0bcad01d7edd98c78b51c77765d5e1e5e9fa3743d2f12a1f82f42cd7dc4f41445979117d790f23e9b3d08d0aa06d527c236172043e747fc	1	3	08e66b464436dc0e2ea3a92e2fa56578b1b14430df81fc7d2c5e6dbc1cf7d39f
1790872299	7	04dbe32c2062240a4ba0bcad01d7edd98c78b51c77765d5e1e5e9fa3743d2f12a1f82f42cd7dc4f41445979117d790f23e9b3d08d0aa06d527c236172043e747fc	1	3	8a4a6f3598290457e734c679b6eeb875c327b52b4b2a766ab6b4a9f77bacc7be
1790872299	7	04f700a417754b775d95421973bdbdadb2d23c8a5af46f1829b1431f5c136e549e8a0d61aa0c793f1a614f8e437711c7758473c6ceb0859ac7e9e07911ca66b5c4	1	3	86176d2fc09b8e2dd76a9ae57ed36f70e5c10c2e5e9bd3a754e098c88ce66467
1790872299	7	04d8b6c325ae12e89823866b2a292a62d7acee520954761890a1621fef79dca1c8e8df79dd8519480e5c015ae6cf3ba7de8669e260561616a36eb9c308b5983ab0	1	3	2c0d19fe19e1efde1c7513c88256e45a141a9a7d0a1156ad1c68e778741b10bb
1790872300	8	04f700a417754b775d95421973bdbdadb2d23c8a5af46f1829b1431f5c136e549e8a0d61aa0c793f1a614f8e437711c7758473c6ceb0859ac7e9e07911ca66b5c4	1	3	0a40462fdc1907c6976b43bd6b49eb0fa540b96613e4cb60cc2febc120fe15e4
1790872300	8	04d8b6c325ae12e89823866b2a292a62d7acee520954761890a1621fef79dca1c8e8df79dd8519480e5c015ae6cf3ba7de8669e260561616a36eb9c308b5983ab0	1	3	bb3d09b939f91976d404b0a3dd0d847581d55124171bf0afdeb9adcdd494fb48
1790872302	8	04dbe32c2062240a4ba0bcad01d7edd98c78b51c77765d5e1e5e9fa3743d2f12a1f82f42cd7dc4f41445979117d790f23e9b3d08d0aa06d527c236172043e747fc	1	3	d8380952188176e08ee3a6da0957b9b7acc83b5082bc608222ae0c4f9e2c9259
1790872303	9	04f700a417754b775d95421973bdbdadb2d23c8a5af46f1829b1431f5c136e549e8a0d61aa0c793f1a614f8e437711c7758473c6ceb0859ac7e9e07911ca66b5c4	1	3	df2c9d502cd9b2b9d1e8c7478044dc376c39413d5fdb8b785e10924cbab5a72e
1790872303	9	04dbe32c2062240a4ba0bcad01d7edd98c78b51c77765d5e1e5e9fa3743d2f12a1f82f42cd7dc4f41445979117d790f23e9b3d08d0aa06d527c236172043e747fc	1	3	1c88d92cc1d9ae04c7c1aafb76762b038301f7e7f4a58ec5017f85812350e01e
1790872303	9	04d8b6c325ae12e89823866b2a292a62d7acee520954761890a1621fef79dca1c8e8df79dd8519480e5c015ae6cf3ba7de8669e260561616a36eb9c308b5983ab0	1	3	e02dbaf95a73d99e8152c6b5a955bab2774ba983ff0987db87d981b4446600cc
1790872304	10	04f700a417754b775d95421973bdbdadb2d23c8a5af46f1829b1431f5c136e549e8a0d61aa0c793f1a614f8e437711c7758473c6ceb0859ac7e9e07911ca66b5c4	1	3	74437da667e0cd31b800053bec9e3e0d5962b8388f877a1cb26020e26c6ac529
1790872304	10	04d8b6c325ae12e89823866b2a292a62d7acee520954761890a1621fef79dca1c8e8df79dd8519480e5c015ae6cf3ba7de8669e260561616a36eb9c308b5983ab0	1	3	389595443e2c35147e48b51b8b2d2d7f186cafaac6e29a458c669c34f569ae1a
1790872305	10	04dbe32c2062240a4ba0bcad01d7edd98c78b51c77765d5e1e5e9fa3743d2f12a1f82f42cd7dc4f41445979117d790f23e9b3d08d0aa06d527c236172043e747fc	1	3	dedd6705f74466e6e5ccd63d3a6072a932c31e606804edcb3b20a0f2f473b76e
1790872306	11	04dbe32c2062240a4ba0bcad01d7edd98c78b51c77765d5e1e5e9fa3743d2f12a1f82f42cd7dc4f41445979117d790f23e9b3d08d0aa06d527c236172043e747fc	1	3	dcdf281c6f697159408502038995388bb0924364daa5ae858debea9a3a45f099
1790872306	11	04f700a417754b775d95421973bdbdadb2d23c8a5af46f1829b1431f5c136e549e8a0d61aa0c793f1a614f8e437711c7758473c6ceb0859ac7e9e07911ca66b5c4	1	3	8d4dc48cde5852f5b916eec6f4eae36f755a7d4ee66284dae4458ebf71a1a6fc
1790872306	11	04d8b6c325ae12e89823866b2a292a62d7acee520954761890a1621fef79dca1c8e8df79dd8519480e5c015ae6cf3ba7de8669e260561616a36eb9c308b5983ab0	1	3	c4e14928faca55869fe97d193ba1fdacdc1f58616bbc5a0dc08473d17b1b1467
1790872307	12	04f700a417754b775d95421973bdbdadb2d23c8a5af46f1829b1431f5c136e549e8a0d61aa0c793f1a614f8e437711c7758473c6ceb0859ac7e9e07911ca66b5c4	1	3	e1d539424d30f6a7b5ad07501115d7925ef5efe737eba7f920295dd6b5e37cc2
1790872307	12	04d8b6c325ae12e89823866b2a292a62d7acee520954761890a1621fef79dca1c8e8df79dd8519480e5c015ae6cf3ba7de8669e260561616a36eb9c308b5983ab0	1	3	d01df3cdd6a91cc03c64935d64bd658a736c7d8bb8a70f06d401e815628be6e3
1790872309	12	04dbe32c2062240a4ba0bcad01d7edd98c78b51c77765d5e1e5e9fa3743d2f12a1f82f42cd7dc4f41445979117d790f23e9b3d08d0aa06d527c236172043e747fc	1	3	dc1085d22f18ee93657268a40c8a2b2c4e6c141b1c921cb86e79f98534dbe11c
1790872310	13	04d8b6c325ae12e89823866b2a292a62d7acee520954761890a1621fef79dca1c8e8df79dd8519480e5c015ae6cf3ba7de8669e260561616a36eb9c308b5983ab0	1	3	d605397cee1b40bcd6a6d4af35983dd578cfa2b5de130de8d4960a36da1ff18e
1790872310	13	04f700a417754b775d95421973bdbdadb2d23c8a5af46f1829b1431f5c136e549e8a0d61aa0c793f1a614f8e437711c7758473c6ceb0859ac7e9e07911ca66b5c4	1	3	9703cd1a40e836593f2c1f546c6a26580bc1187bf4a7dd957f57e2ae53875f88
1790872310	13	04dbe32c2062240a4ba0bcad01d7edd98c78b51c77765d5e1e5e9fa3743d2f12a1f82f42cd7dc4f41445979117d790f23e9b3d08d0aa06d527c236172043e747fc	1	3	010c064a143f75bda2299fdffff0cd7f442f71456ac16de7ecd9f1fe66576801
1790872311	14	04f700a417754b775d95421973bdbdadb2d23c8a5af46f1829b1431f5c136e549e8a0d61aa0c793f1a614f8e437711c7758473c6ceb0859ac7e9e07911ca66b5c4	1	3	e53acbbb7e9f984190bfef91e1eb208c7a47a9f526655b2e34b010a5536404b9
1790872311	14	04dbe32c2062240a4ba0bcad01d7edd98c78b51c77765d5e1e5e9fa3743d2f12a1f82f42cd7dc4f41445979117d790f23e9b3d08d0aa06d527c236172043e747fc	1	3	25f9977e5cfaa61428701797617bd80686e7afdddcd39525c9e868f29be92489
1790872311	14	04d8b6c325ae12e89823866b2a292a62d7acee520954761890a1621fef79dca1c8e8df79dd8519480e5c015ae6cf3ba7de8669e260561616a36eb9c308b5983ab0	1	3	4133da87a09493ccbc840bdcfdf091e692d06dbe74c2740a65d4da5a36291582
1790872312	15	04f700a417754b775d95421973bdbdadb2d23c8a5af46f1829b1431f5c136e549e8a0d61aa0c793f1a614f8e437711c7758473c6ceb0859ac7e9e07911ca66b5c4	1	3	e59acf1635ba30ac9921bcfff01216e830aaaeda73d61a1c32e9bf929b5dd141
1790872314	15	04dbe32c2062240a4ba0bcad01d7edd98c78b51c77765d5e1e5e9fa3743d2f12a1f82f42cd7dc4f41445979117d790f23e9b3d08d0aa06d527c236172043e747fc	1	3	197819787f28e93579ae251a3d544e8358281389e056ec09b2957af97095a980
1790872314	15	04d8b6c325ae12e89823866b2a292a62d7acee520954761890a1621fef79dca1c8e8df79dd8519480e5c015ae6cf3ba7de8669e260561616a36eb9c308b5983ab0	1	3	c18225644be10271368848b20c896aaa82543ce6968fb0f5bfd2952b88a97ff3
1790872315	16	04f700a417754b775d95421973bdbdadb2d23c8a5af46f1829b1431f5c136e549e8a0d61aa0c793f1a614f8e437711c7758473c6ceb0859ac7e9e07911ca66b5c4	1	3	60a35080f885954b1fa2fc2e5e644b0b3c926c7152e354d57f25ae816c8b0605
1790872315	16	04d8b6c325ae12e89823866b2a292a62d7acee520954761890a1621fef79dca1c8e8df79dd8519480e5c015ae6cf3ba7de8669e260561616a36eb9c308b5983ab0	1	3	244b0fd8a92ac37bbb1635580c10c83d94f78deb4c022c42858e7f7ab513b0e8
1790872316	16	04dbe32c2062240a4ba0bcad01d7edd98c78b51c77765d5e1e5e9fa3743d2f12a1f82f42cd7dc4f41445979117d790f23e9b3d08d0aa06d527c236172043e747fc	1	3	1d3008db8e907e8e5a3f1e9878893964917fd9bb2e736cd94f6ed987f5d8d08a
1790872316	17	04f700a417754b775d95421973bdbdadb2d23c8a5af46f1829b1431f5c136e549e8a0d61aa0c793f1a614f8e437711c7758473c6ceb0859ac7e9e07911ca66b5c4	1	3	f96af48068797e5e0f7b53e386f6a5683fd010357ba519b17fdc83c0d7973dc7
1790872316	17	04dbe32c2062240a4ba0bcad01d7edd98c78b51c77765d5e1e5e9fa3743d2f12a1f82f42cd7dc4f41445979117d790f23e9b3d08d0aa06d527c236172043e747fc	1	3	2eaa51468f1a8680ea2f09f74c8f1a0bdab961d6d14aef157524b7b3f947cf55
1790872317	17	04d8b6c325ae12e89823866b2a292a62d7acee520954761890a1621fef79dca1c8e8df79dd8519480e5c015ae6cf3ba7de8669e260561616a36eb9c308b5983ab0	1	3	c6fc19c4d078b203ae85f958dcb6a808e32248a49eae9708e464c999477b0b02
1790872317	18	04f700a417754b775d95421973bdbdadb2d23c8a5af46f1829b1431f5c136e549e8a0d61aa0c793f1a614f8e437711c7758473c6ceb0859ac7e9e07911ca66b5c4	1	3	2ddfd63ce7dd7a1c04900de6fb851c1a552fea2608199546954d9afee0338222
1790872317	18	04d8b6c325ae12e89823866b2a292a62d7acee520954761890a1621fef79dca1c8e8df79dd8519480e5c015ae6cf3ba7de8669e260561616a36eb9c308b5983ab0	1	3	cf6d2de54613fd96e2d270dd46f7033fa97fc9387279c6d19a1958572c1dfaad
1790872318	18	04dbe32c2062240a4ba0bcad01d7edd98c78b51c77765d5e1e5e9fa3743d2f12a1f82f42cd7dc4f41445979117d790f23e9b3d08d0aa06d527c236172043e747fc	1	3	7e926140c7448e57a9138a102dca3b9e566d88e585132c7483b114fd918c6249
1790872320	19	04f700a417754b775d95421973bdbdadb2d23c8a5af46f1829b1431f5c136e549e8a0d61aa0c793f1a614f8e437711c7758473c6ceb0859ac7e9e07911ca66b5c4	1	3	91304fe0ab85daa9b46a48b2a69c0351bc6a7f6cc219ea27defb7a996dc8d590
1790872320	19	04dbe32c2062240a4ba0bcad01d7edd98c78b51c77765d5e1e5e9fa3743d2f12a1f82f42cd7dc4f41445979117d790f23e9b3d08d0aa06d527c236172043e747fc	1	3	31da4ff865437d16e4d30e1153323d9e0d3a6160084b1b249605b9aa8ad0420c
1790872321	19	04d8b6c325ae12e89823866b2a292a62d7acee520954761890a1621fef79dca1c8e8df79dd8519480e5c015ae6cf3ba7de8669e260561616a36eb9c308b5983ab0	1	3	0e209b39f55b86e0c7f9ccbbe304591bb2da3fef947225ba7152adbe82e5dd02
1790872322	20	04f700a417754b775d95421973bdbdadb2d23c8a5af46f1829b1431f5c136e549e8a0d61aa0c793f1a614f8e437711c7758473c6ceb0859ac7e9e07911ca66b5c4	1	3	98246cfb1dcc128ae1d27c556863d979dc09962e03e0fc0d18796e4645c11a92
1790872322	20	04d8b6c325ae12e89823866b2a292a62d7acee520954761890a1621fef79dca1c8e8df79dd8519480e5c015ae6cf3ba7de8669e260561616a36eb9c308b5983ab0	1	3	4a69d6635536b616577389efcef0eff0fe0eef9fe7df5f74b255d484a7180a05
1790872323	20	04dbe32c2062240a4ba0bcad01d7edd98c78b51c77765d5e1e5e9fa3743d2f12a1f82f42cd7dc4f41445979117d790f23e9b3d08d0aa06d527c236172043e747fc	1	3	b87a0083b662c1d2eb8a0900c18dd689ae338a2e62a11b10964c25bf7b60e826
1790872324	21	04f700a417754b775d95421973bdbdadb2d23c8a5af46f1829b1431f5c136e549e8a0d61aa0c793f1a614f8e437711c7758473c6ceb0859ac7e9e07911ca66b5c4	1	3	188ffd6e6f5b1c4db3552d14b49bb617e411dd4a52df3d191e5224b153b35e75
1790872324	21	04dbe32c2062240a4ba0bcad01d7edd98c78b51c77765d5e1e5e9fa3743d2f12a1f82f42cd7dc4f41445979117d790f23e9b3d08d0aa06d527c236172043e747fc	1	3	dcd93def6fe9e6a471d51f4cadf0008009a67cb57b5469bbb61702eefe8b6667
1790872324	21	04d8b6c325ae12e89823866b2a292a62d7acee520954761890a1621fef79dca1c8e8df79dd8519480e5c015ae6cf3ba7de8669e260561616a36eb9c308b5983ab0	1	3	f3205ee72e2c4c7f3ec888c58a7f872bf30ac52a8c64fdf6f131a4ca8c867040
1790872327	22	04d8b6c325ae12e89823866b2a292a62d7acee520954761890a1621fef79dca1c8e8df79dd8519480e5c015ae6cf3ba7de8669e260561616a36eb9c308b5983ab0	1	3	8dff225b2dffadb815f70dd089d080fcc3133c74b793381aeaa511e594b748c2
1790872327	22	04f700a417754b775d95421973bdbdadb2d23c8a5af46f1829b1431f5c136e549e8a0d61aa0c793f1a614f8e437711c7758473c6ceb0859ac7e9e07911ca66b5c4	1	3	729933820864d41426a478d93f3da57041a2c38b8144880c0e84dcae5f79269b
1790872327	22	04dbe32c2062240a4ba0bcad01d7edd98c78b51c77765d5e1e5e9fa3743d2f12a1f82f42cd7dc4f41445979117d790f23e9b3d08d0aa06d527c236172043e747fc	1	3	7d77ff138becca48bb03487ce8dbf2cc7588f47024c6f0620c4b0d49dfb1c86a
1790872328	23	04f700a417754b775d95421973bdbdadb2d23c8a5af46f1829b1431f5c136e549e8a0d61aa0c793f1a614f8e437711c7758473c6ceb0859ac7e9e07911ca66b5c4	1	3	ca434984b99a246fbfdb46a62394e008fafa54a7c3b5fef92036109e7b7a20d3
1790872328	23	04dbe32c2062240a4ba0bcad01d7edd98c78b51c77765d5e1e5e9fa3743d2f12a1f82f42cd7dc4f41445979117d790f23e9b3d08d0aa06d527c236172043e747fc	1	3	07d7bfb79954accf398880b0d34732d82c0f0e4c20daf80d32204f2b5f3e5bef
1790872329	23	04d8b6c325ae12e89823866b2a292a62d7acee520954761890a1621fef79dca1c8e8df79dd8519480e5c015ae6cf3ba7de8669e260561616a36eb9c308b5983ab0	1	3	68ff586f131cdeadd3f035603ee9e0bee99033678d57f507455816492e7f3e02
1790872330	24	04f700a417754b775d95421973bdbdadb2d23c8a5af46f1829b1431f5c136e549e8a0d61aa0c793f1a614f8e437711c7758473c6ceb0859ac7e9e07911ca66b5c4	1	3	d7b03876ebd042f97f289bd4bf1e1d9163b1b7628281f865e2331d9fa3606bd6
1790872330	24	04d8b6c325ae12e89823866b2a292a62d7acee520954761890a1621fef79dca1c8e8df79dd8519480e5c015ae6cf3ba7de8669e260561616a36eb9c308b5983ab0	1	3	b188df99b1841bfe59a1cd868378dcf106253c5fb94e1133e52fb7b7636cc21a
1790872332	24	04dbe32c2062240a4ba0bcad01d7edd98c78b51c77765d5e1e5e9fa3743d2f12a1f82f42cd7dc4f41445979117d790f23e9b3d08d0aa06d527c236172043e747fc	1	3	6c8803d5db1baa3ac3e9d87c8e858184f08db90768026ed026a68e2194883304
1790872333	25	04f700a417754b775d95421973bdbdadb2d23c8a5af46f1829b1431f5c136e549e8a0d61aa0c793f1a614f8e437711c7758473c6ceb0859ac7e9e07911ca66b5c4	1	3	9d9d14637f3d7450a7dba1ae890cc3ca4919f4134b6f31fefa9e3689629153c5
1790872333	25	04dbe32c2062240a4ba0bcad01d7edd98c78b51c77765d5e1e5e9fa3743d2f12a1f82f42cd7dc4f41445979117d790f23e9b3d08d0aa06d527c236172043e747fc	1	3	29aebcf452af6aef04208c19dc2799255cadf9fbfd32129d00c3829d014d5934
1790872334	25	04d8b6c325ae12e89823866b2a292a62d7acee520954761890a1621fef79dca1c8e8df79dd8519480e5c015ae6cf3ba7de8669e260561616a36eb9c308b5983ab0	1	3	3c3010e75ac2ca4e6fc3efcc0f42bf393f7013e334ff8d50e2cb2117e0455643
1790872335	26	04f700a417754b775d95421973bdbdadb2d23c8a5af46f1829b1431f5c136e549e8a0d61aa0c793f1a614f8e437711c7758473c6ceb0859ac7e9e07911ca66b5c4	1	3	28bc33a132053ac5c54e6a7064aa5a4ed9a78ea7fdf5936d3b155a1977fa233e
1790872335	26	04dbe32c2062240a4ba0bcad01d7edd98c78b51c77765d5e1e5e9fa3743d2f12a1f82f42cd7dc4f41445979117d790f23e9b3d08d0aa06d527c236172043e747fc	1	3	1dac64ca6635853099adedc651396da7a3446f6a660fb4aae63a3d96427e5fb7
1790872335	26	04d8b6c325ae12e89823866b2a292a62d7acee520954761890a1621fef79dca1c8e8df79dd8519480e5c015ae6cf3ba7de8669e260561616a36eb9c308b5983ab0	1	3	b69c683ec784d0d048b97558809f2e842ff19f13c9e3637cb6181d66ca5a481e
1790872338	27	04f700a417754b775d95421973bdbdadb2d23c8a5af46f1829b1431f5c136e549e8a0d61aa0c793f1a614f8e437711c7758473c6ceb0859ac7e9e07911ca66b5c4	1	3	721fda1bfd7b049ce9422501c9fe150befbe65f3d41e3cfca698df32ae09b761
1790872338	27	04dbe32c2062240a4ba0bcad01d7edd98c78b51c77765d5e1e5e9fa3743d2f12a1f82f42cd7dc4f41445979117d790f23e9b3d08d0aa06d527c236172043e747fc	1	3	69bf9022ee1199db19a605af2904525a1e688af6eb3de55b6e0bf4f18b5946b6
1790872339	27	04d8b6c325ae12e89823866b2a292a62d7acee520954761890a1621fef79dca1c8e8df79dd8519480e5c015ae6cf3ba7de8669e260561616a36eb9c308b5983ab0	1	3	7ca9f26df7064322c095bacff4ba42850e065cb177aa34e2a40038e2ca0b980e
1790872339	28	04d8b6c325ae12e89823866b2a292a62d7acee520954761890a1621fef79dca1c8e8df79dd8519480e5c015ae6cf3ba7de8669e260561616a36eb9c308b5983ab0	1	3	fc7c4c5102487a4a4b128d723f128a9f04511540e5d718dfcb0e4e1b8d469a0c
1790872340	28	04f700a417754b775d95421973bdbdadb2d23c8a5af46f1829b1431f5c136e549e8a0d61aa0c793f1a614f8e437711c7758473c6ceb0859ac7e9e07911ca66b5c4	1	3	c673e943d84046e34cbbf9119a15d33ff74f2191e4a2608abfaf4f5b08af96cf
1790872340	28	04dbe32c2062240a4ba0bcad01d7edd98c78b51c77765d5e1e5e9fa3743d2f12a1f82f42cd7dc4f41445979117d790f23e9b3d08d0aa06d527c236172043e747fc	1	3	d24969f341223c6cab3ae7e1bd739d4e0d1ba9b962e07ab6dc731782620d8736
1790872341	29	04f700a417754b775d95421973bdbdadb2d23c8a5af46f1829b1431f5c136e549e8a0d61aa0c793f1a614f8e437711c7758473c6ceb0859ac7e9e07911ca66b5c4	1	3	294e5b8786836bda96838e30a5b5a67ff9b243846cffcf807fb954040582e590
1790872341	29	04dbe32c2062240a4ba0bcad01d7edd98c78b51c77765d5e1e5e9fa3743d2f12a1f82f42cd7dc4f41445979117d790f23e9b3d08d0aa06d527c236172043e747fc	1	3	ff9bdd371528da06153e1bd3db76755a95dfbeb156909e2efec58a8865ce36de
1790872343	29	04d8b6c325ae12e89823866b2a292a62d7acee520954761890a1621fef79dca1c8e8df79dd8519480e5c015ae6cf3ba7de8669e260561616a36eb9c308b5983ab0	1	3	8bb19d26e504a57e15c36c73b258107bf1d9e15910cd616563012b2aac01f828
1790872344	30	04d8b6c325ae12e89823866b2a292a62d7acee520954761890a1621fef79dca1c8e8df79dd8519480e5c015ae6cf3ba7de8669e260561616a36eb9c308b5983ab0	1	3	2c64f7eb168e1e80270f386b08dd95f060314fe77940ac5636540380cac6b763
1790872344	30	04f700a417754b775d95421973bdbdadb2d23c8a5af46f1829b1431f5c136e549e8a0d61aa0c793f1a614f8e437711c7758473c6ceb0859ac7e9e07911ca66b5c4	1	3	29d965dae40a7f5b686348a4bdbbb26a2aeae331fd79d839821229c245ad1037
1790872344	30	04dbe32c2062240a4ba0bcad01d7edd98c78b51c77765d5e1e5e9fa3743d2f12a1f82f42cd7dc4f41445979117d790f23e9b3d08d0aa06d527c236172043e747fc	1	3	793aca938f954d3e99db8fb4441f505f707e27c47cb78439bb879f202618a9e3
1790872346	31	04d8b6c325ae12e89823866b2a292a62d7acee520954761890a1621fef79dca1c8e8df79dd8519480e5c015ae6cf3ba7de8669e260561616a36eb9c308b5983ab0	1	3	f967e06a03c12b32b2c155a7ae7128db8aa055c9e6ee72a02415e6e9b545ee72
1790872346	31	04f700a417754b775d95421973bdbdadb2d23c8a5af46f1829b1431f5c136e549e8a0d61aa0c793f1a614f8e437711c7758473c6ceb0859ac7e9e07911ca66b5c4	1	3	682a414d9c3bcd26c257fce7fb533662698a1259dfa91f8b4d5d0409d3e775e2
1790872346	31	04dbe32c2062240a4ba0bcad01d7edd98c78b51c77765d5e1e5e9fa3743d2f12a1f82f42cd7dc4f41445979117d790f23e9b3d08d0aa06d527c236172043e747fc	1	3	281e2459e4c48e3d91fd55025afa48e2613782ec87638c46541a578ca358b05a
1790872347	32	04f700a417754b775d95421973bdbdadb2d23c8a5af46f1829b1431f5c136e549e8a0d61aa0c793f1a614f8e437711c7758473c6ceb0859ac7e9e07911ca66b5c4	1	3	09a979d8836a5cff9211fa5e1c0f14f08988927e947ac6b6b64a38e3410f1584
1790872347	32	04d8b6c325ae12e89823866b2a292a62d7acee520954761890a1621fef79dca1c8e8df79dd8519480e5c015ae6cf3ba7de8669e260561616a36eb9c308b5983ab0	1	3	161477cd08145cf9ec6984ff33672eadf12ac5d9a2f7c9dbe28b692b56950cce
1790872349	32	04dbe32c2062240a4ba0bcad01d7edd98c78b51c77765d5e1e5e9fa3743d2f12a1f82f42cd7dc4f41445979117d790f23e9b3d08d0aa06d527c236172043e747fc	1	3	ff6b1149497a6bbbf2b54f4896eba6e60826badc9077ee915c63c7ce0888cf47
1790872350	33	04f700a417754b775d95421973bdbdadb2d23c8a5af46f1829b1431f5c136e549e8a0d61aa0c793f1a614f8e437711c7758473c6ceb0859ac7e9e07911ca66b5c4	1	3	31a866e6990f76e898cc1094ecf904bc8ee78ef9679ac8cdf6f021716eccd498
1790872350	33	04dbe32c2062240a4ba0bcad01d7edd98c78b51c77765d5e1e5e9fa3743d2f12a1f82f42cd7dc4f41445979117d790f23e9b3d08d0aa06d527c236172043e747fc	1	3	a61e7ba39de92dff7bfeda5bb14171c71aa2ffcc37985fe713b94d730fef55aa
1790872350	33	04d8b6c325ae12e89823866b2a292a62d7acee520954761890a1621fef79dca1c8e8df79dd8519480e5c015ae6cf3ba7de8669e260561616a36eb9c308b5983ab0	1	3	72abd60139456fb0110c4f21d0750378fd49e9e60020d0ed1c1f6bb61a2ee5b4
1790872351	34	04f700a417754b775d95421973bdbdadb2d23c8a5af46f1829b1431f5c136e549e8a0d61aa0c793f1a614f8e437711c7758473c6ceb0859ac7e9e07911ca66b5c4	1	3	5747969ba577bbe8242b3ec90730951fa0a1410a8a6a7c0ae67d47d8356e44db
1790872351	34	04d8b6c325ae12e89823866b2a292a62d7acee520954761890a1621fef79dca1c8e8df79dd8519480e5c015ae6cf3ba7de8669e260561616a36eb9c308b5983ab0	1	3	a9756085c04d137b4562d89f607c74c6370e7dcb277cd6413cdcbe78634e8265
1790872352	34	04dbe32c2062240a4ba0bcad01d7edd98c78b51c77765d5e1e5e9fa3743d2f12a1f82f42cd7dc4f41445979117d790f23e9b3d08d0aa06d527c236172043e747fc	1	3	664ff7a5a56299e0565865736607ce8578c2f47d0ac6064bbffa07421b5e6ac9
1790872354	35	04f700a417754b775d95421973bdbdadb2d23c8a5af46f1829b1431f5c136e549e8a0d61aa0c793f1a614f8e437711c7758473c6ceb0859ac7e9e07911ca66b5c4	1	3	61eebfca8a7ea191132ad61836bf2aaba889b1e38b335ed20dc52bf357a5c994
1790872354	35	04dbe32c2062240a4ba0bcad01d7edd98c78b51c77765d5e1e5e9fa3743d2f12a1f82f42cd7dc4f41445979117d790f23e9b3d08d0aa06d527c236172043e747fc	1	3	f639b3ba253f8290bb0033e07a9bb225741bc0605483e0b39957957b29f6a898
1790872354	35	04d8b6c325ae12e89823866b2a292a62d7acee520954761890a1621fef79dca1c8e8df79dd8519480e5c015ae6cf3ba7de8669e260561616a36eb9c308b5983ab0	1	3	d6ce5d9216ce92f7703c3f1b37809ee29e84df014e48d5ca3677bd688a8de1dd
1790872355	36	04f700a417754b775d95421973bdbdadb2d23c8a5af46f1829b1431f5c136e549e8a0d61aa0c793f1a614f8e437711c7758473c6ceb0859ac7e9e07911ca66b5c4	1	3	989974e26e03d704c09bc9733a2c091334cc920af925a82922dbd1823ab0a415
1790872355	36	04d8b6c325ae12e89823866b2a292a62d7acee520954761890a1621fef79dca1c8e8df79dd8519480e5c015ae6cf3ba7de8669e260561616a36eb9c308b5983ab0	1	3	a293ce3df64e75a7dcfc076f3d4480666bfcbab0de5fec8e64bfdfc0449f68fe
1790872356	36	04dbe32c2062240a4ba0bcad01d7edd98c78b51c77765d5e1e5e9fa3743d2f12a1f82f42cd7dc4f41445979117d790f23e9b3d08d0aa06d527c236172043e747fc	1	3	323553634a037ff5f0dbe652cc953f2952ea1bc10a75164f3c3c6ad03b4f2967
1790872357	37	04dbe32c2062240a4ba0bcad01d7edd98c78b51c77765d5e1e5e9fa3743d2f12a1f82f42cd7dc4f41445979117d790f23e9b3d08d0aa06d527c236172043e747fc	1	3	b99815410e8435da7e18221267fa7b1e2c82ac2be718aaa5cf848c4b9d6c5a42
1790872357	37	04f700a417754b775d95421973bdbdadb2d23c8a5af46f1829b1431f5c136e549e8a0d61aa0c793f1a614f8e437711c7758473c6ceb0859ac7e9e07911ca66b5c4	1	3	79f6f79b0d4f2e22db1aad4d9b5a7851dcbc4141c641193b7d890fc6a71a520e
1790872357	37	04d8b6c325ae12e89823866b2a292a62d7acee520954761890a1621fef79dca1c8e8df79dd8519480e5c015ae6cf3ba7de8669e260561616a36eb9c308b5983ab0	1	3	1f4b781005c3fc588fac80f4634d1a3822f1e2894a827d9cf9128e01e4d4497d
1790872359	38	04f700a417754b775d95421973bdbdadb2d23c8a5af46f1829b1431f5c136e549e8a0d61aa0c793f1a614f8e437711c7758473c6ceb0859ac7e9e07911ca66b5c4	1	3	a89959239c98cfea149fb52e6a669952b1a3b4e147f85ddd7d8d11b569a625f5
1790872359	38	04dbe32c2062240a4ba0bcad01d7edd98c78b51c77765d5e1e5e9fa3743d2f12a1f82f42cd7dc4f41445979117d790f23e9b3d08d0aa06d527c236172043e747fc	1	3	22958eaa6891267d62a746a256a68d0285a38c5233893e08ce471cda7529ad80
1790872359	38	04d8b6c325ae12e89823866b2a292a62d7acee520954761890a1621fef79dca1c8e8df79dd8519480e5c015ae6cf3ba7de8669e260561616a36eb9c308b5983ab0	1	3	43e9961b52dc9e56a8fa29379c04073289b5e66420849acc523809bac10a188a
1790872360	39	04f700a417754b775d95421973bdbdadb2d23c8a5af46f1829b1431f5c136e549e8a0d61aa0c793f1a614f8e437711c7758473c6ceb0859ac7e9e07911ca66b5c4	1	3	52bf17705bacb82040f91511b42cd39c191513001cc63660b6923831d66ceb2d
1790872360	39	04dbe32c2062240a4ba0bcad01d7edd98c78b51c77765d5e1e5e9fa3743d2f12a1f82f42cd7dc4f41445979117d790f23e9b3d08d0aa06d527c236172043e747fc	1	3	1d007bf8aa5c9a84af426a3a08757934c03346f5bf041412e9dfc51da035736d
1790872360	39	04d8b6c325ae12e89823866b2a292a62d7acee520954761890a1621fef79dca1c8e8df79dd8519480e5c015ae6cf3ba7de8669e260561616a36eb9c308b5983ab0	1	3	aa5ebdd4b5e0fb8367a2b3f4832f45464006cdee47b696fb5c48952de386b802
1790872361	40	04f700a417754b775d95421973bdbdadb2d23c8a5af46f1829b1431f5c136e549e8a0d61aa0c793f1a614f8e437711c7758473c6ceb0859ac7e9e07911ca66b5c4	1	3	ee1a21f0cbf8ad068a1c2100378798078b86958a3c0228b52c359b63c8fb7711
1790872361	40	04d8b6c325ae12e89823866b2a292a62d7acee520954761890a1621fef79dca1c8e8df79dd8519480e5c015ae6cf3ba7de8669e260561616a36eb9c308b5983ab0	1	3	7b631d816a06bd8b0df359587f8cd1e9b0b78f7063c66a799e0791a01813aaca
1790872362	40	04dbe32c2062240a4ba0bcad01d7edd98c78b51c77765d5e1e5e9fa3743d2f12a1f82f42cd7dc4f41445979117d790f23e9b3d08d0aa06d527c236172043e747fc	1	3	945e4ae94f0df71e34f9486e8a4b87b9362709075cc76e61b5ffa59f95ca9b09
1790872362	41	04f700a417754b775d95421973bdbdadb2d23c8a5af46f1829b1431f5c136e549e8a0d61aa0c793f1a614f8e437711c7758473c6ceb0859ac7e9e07911ca66b5c4	1	3	cc983b86fc2ce43f9dde0beef3f22acbaad80b09358bab6b07c8d7f66690e5f3
1790872362	41	04dbe32c2062240a4ba0bcad01d7edd98c78b51c77765d5e1e5e9fa3743d2f12a1f82f42cd7dc4f41445979117d790f23e9b3d08d0aa06d527c236172043e747fc	1	3	25bca046cc28deafcacd85e9a76ab64456da72298474d5c3ef61dbde8f7d0547
1790872364	41	04d8b6c325ae12e89823866b2a292a62d7acee520954761890a1621fef79dca1c8e8df79dd8519480e5c015ae6cf3ba7de8669e260561616a36eb9c308b5983ab0	1	3	d667af47702031e876320ac8dc06892da9ff0acc5c52c3e66be9846d17ea8f7e
1790872364	42	04f700a417754b775d95421973bdbdadb2d23c8a5af46f1829b1431f5c136e549e8a0d61aa0c793f1a614f8e437711c7758473c6ceb0859ac7e9e07911ca66b5c4	1	3	fb667590446256bb6df60e5e2ff044a4d00048a155e99035b616e57898569027
1790872364	42	04d8b6c325ae12e89823866b2a292a62d7acee520954761890a1621fef79dca1c8e8df79dd8519480e5c015ae6cf3ba7de8669e260561616a36eb9c308b5983ab0	1	3	9203827ad59f863e9462dbd8f214a4e767ed0f4bc63d118d03b90251388005ad
1790872364	42	04dbe32c2062240a4ba0bcad01d7edd98c78b51c77765d5e1e5e9fa3743d2f12a1f82f42cd7dc4f41445979117d790f23e9b3d08d0aa06d527c236172043e747fc	1	3	b7af648bfdb65ee37158434f2a8690d64c1a91600ff27e6531337fc11aaeed6c
1790872365	43	04dbe32c2062240a4ba0bcad01d7edd98c78b51c77765d5e1e5e9fa3743d2f12a1f82f42cd7dc4f41445979117d790f23e9b3d08d0aa06d527c236172043e747fc	1	3	ee910730922d9c9c3773b73eec32542f5020b72423bab7d9aecd8564e393397f
1790872365	43	04f700a417754b775d95421973bdbdadb2d23c8a5af46f1829b1431f5c136e549e8a0d61aa0c793f1a614f8e437711c7758473c6ceb0859ac7e9e07911ca66b5c4	1	3	c92d7efb3414a5399f744bc1d91620de07b7777a47cf04d5f9fb6e512422ade9
1790872365	43	04d8b6c325ae12e89823866b2a292a62d7acee520954761890a1621fef79dca1c8e8df79dd8519480e5c015ae6cf3ba7de8669e260561616a36eb9c308b5983ab0	1	3	277186f13dc7a7ec58fa03395ad78a1d93808de7ec7f26b9a6d0a789d50b1a55
1790872365	44	04f700a417754b775d95421973bdbdadb2d23c8a5af46f1829b1431f5c136e549e8a0d61aa0c793f1a614f8e437711c7758473c6ceb0859ac7e9e07911ca66b5c4	1	3	ef9ec036930b4e434ff896e6d781b3d2e608ab0b282ab850014d01b0cff39707
1790872365	44	04d8b6c325ae12e89823866b2a292a62d7acee520954761890a1621fef79dca1c8e8df79dd8519480e5c015ae6cf3ba7de8669e260561616a36eb9c308b5983ab0	1	3	2be357d96b96a5416a9a2d52947496564b2277c65ca70f93894281b67c885327
1790872366	44	04dbe32c2062240a4ba0bcad01d7edd98c78b51c77765d5e1e5e9fa3743d2f12a1f82f42cd7dc4f41445979117d790f23e9b3d08d0aa06d527c236172043e747fc	1	3	4aed7cfd2e6379f3a788a7e84f27e74f2cd8122fdc097132bac10f49def7f7a2
1790872366	45	04dbe32c2062240a4ba0bcad01d7edd98c78b51c77765d5e1e5e9fa3743d2f12a1f82f42cd7dc4f41445979117d790f23e9b3d08d0aa06d527c236172043e747fc	1	3	ee994689276c0c1ed29ca98a351b8d57def689b940324e440cead908787fcf4b
1790872366	45	04f700a417754b775d95421973bdbdadb2d23c8a5af46f1829b1431f5c136e549e8a0d61aa0c793f1a614f8e437711c7758473c6ceb0859ac7e9e07911ca66b5c4	1	3	0a16232eac6642943ed0d00cf0f63955bf9aa072bb72e5da4ba7ac161f0c275e
1790872366	45	04d8b6c325ae12e89823866b2a292a62d7acee520954761890a1621fef79dca1c8e8df79dd8519480e5c015ae6cf3ba7de8669e260561616a36eb9c308b5983ab0	1	3	8d5bd7f75346929b8c8560913a1d4f03e91575b94bdfadb6440a2278c9edcf3d
1790872367	46	04d8b6c325ae12e89823866b2a292a62d7acee520954761890a1621fef79dca1c8e8df79dd8519480e5c015ae6cf3ba7de8669e260561616a36eb9c308b5983ab0	1	3	dfe99395074f536159fd1941c8f8dfb81bd00b4707dbfa30f51e620aeaf8d9d8
1790872367	46	04dbe32c2062240a4ba0bcad01d7edd98c78b51c77765d5e1e5e9fa3743d2f12a1f82f42cd7dc4f41445979117d790f23e9b3d08d0aa06d527c236172043e747fc	1	3	b4a38fd9466346e6805c74a43ab4c787e180d65b65286f1467c2974addf92e4d
1790872367	46	04f700a417754b775d95421973bdbdadb2d23c8a5af46f1829b1431f5c136e549e8a0d61aa0c793f1a614f8e437711c7758473c6ceb0859ac7e9e07911ca66b5c4	1	3	7f716b63ffd10847922e6ce647f500d8af87001a54399a023e8c1b00e41da009
1790872367	47	04dbe32c2062240a4ba0bcad01d7edd98c78b51c77765d5e1e5e9fa3743d2f12a1f82f42cd7dc4f41445979117d790f23e9b3d08d0aa06d527c236172043e747fc	1	3	784d1808de9aff94c7e7d442d7cba99e24bc25222093ea50600f3623478ac4af
1790872369	47	04f700a417754b775d95421973bdbdadb2d23c8a5af46f1829b1431f5c136e549e8a0d61aa0c793f1a614f8e437711c7758473c6ceb0859ac7e9e07911ca66b5c4	1	3	ffe0389388134a27ac53a94894cf1ba048e42f39ab8edc8b8ffd17c80ae1266a
1790872369	47	04d8b6c325ae12e89823866b2a292a62d7acee520954761890a1621fef79dca1c8e8df79dd8519480e5c015ae6cf3ba7de8669e260561616a36eb9c308b5983ab0	1	3	a0d60101b6ad737a1b7507d87e73143bef8f7eecaead7793690c256e2ad55ca9
1790872369	48	04f700a417754b775d95421973bdbdadb2d23c8a5af46f1829b1431f5c136e549e8a0d61aa0c793f1a614f8e437711c7758473c6ceb0859ac7e9e07911ca66b5c4	1	3	bacfc327ad21eb0d5b04d19c5c9117d17cb6551eb4c66b2ccb6802529e0f9ac7
1790872369	48	04d8b6c325ae12e89823866b2a292a62d7acee520954761890a1621fef79dca1c8e8df79dd8519480e5c015ae6cf3ba7de8669e260561616a36eb9c308b5983ab0	1	3	44b09207ec9ecb66611b368271646e0d9caba3b7735134233e6a607e5668b764
1790872369	48	04dbe32c2062240a4ba0bcad01d7edd98c78b51c77765d5e1e5e9fa3743d2f12a1f82f42cd7dc4f41445979117d790f23e9b3d08d0aa06d527c236172043e747fc	1	3	5d7461c75dc7d4484091eb70e200cb567188f3862cb00dde65a24031e78378a1
1790872370	49	04dbe32c2062240a4ba0bcad01d7edd98c78b51c77765d5e1e5e9fa3743d2f12a1f82f42cd7dc4f41445979117d790f23e9b3d08d0aa06d527c236172043e747fc	1	3	5b237f2248499c69873c73b668c11d664dcb73850e696d587d38657480bcfaec
1790872370	49	04f700a417754b775d95421973bdbdadb2d23c8a5af46f1829b1431f5c136e549e8a0d61aa0c793f1a614f8e437711c7758473c6ceb0859ac7e9e07911ca66b5c4	1	3	2becb25ef43b4ffc8a27a6859b9f842a3387f6ddbae84f850c55039af766b94c
1790872370	49	04d8b6c325ae12e89823866b2a292a62d7acee520954761890a1621fef79dca1c8e8df79dd8519480e5c015ae6cf3ba7de8669e260561616a36eb9c308b5983ab0	1	3	d81ae48e59ba3a7ae45b60a8a7da0c6b3df11a2914f7b9e31cb58e0b1a15a45d
1790872371	50	04d8b6c325ae12e89823866b2a292a62d7acee520954761890a1621fef79dca1c8e8df79dd8519480e5c015ae6cf3ba7de8669e260561616a36eb9c308b5983ab0	1	3	f5e7ccdea7790bae9589a731303b804b1924e03aab5c32cb63cae81a6da383dd
1790872372	50	04f700a417754b775d95421973bdbdadb2d23c8a5af46f1829b1431f5c136e549e8a0d61aa0c793f1a614f8e437711c7758473c6ceb0859ac7e9e07911ca66b5c4	1	3	e6e956fae12984314192d4d791e8da664ce5923b01ebe858261edf30bd660422
1790872372	50	04dbe32c2062240a4ba0bcad01d7edd98c78b51c77765d5e1e5e9fa3743d2f12a1f82f42cd7dc4f41445979117d790f23e9b3d08d0aa06d527c236172043e747fc	1	3	521ec58b2ccdc1e44e7da2269c50d5e09c984db60c4b698080e621f74d7ea6a6
1790872372	51	04f700a417754b775d95421973bdbdadb2d23c8a5af46f1829b1431f5c136e549e8a0d61aa0c793f1a614f8e437711c7758473c6ceb0859ac7e9e07911ca66b5c4	1	3	6ed32b5b3b8a526b494536402eae375e6fc84b7e06a37682e707fc4354731c1a
1790872372	51	04dbe32c2062240a4ba0bcad01d7edd98c78b51c77765d5e1e5e9fa3743d2f12a1f82f42cd7dc4f41445979117d790f23e9b3d08d0aa06d527c236172043e747fc	1	3	405ebb7e7b1fe62c0d2bc8ccfc88ed37d7cfb06af0485c87468d4638ee593c04
1790872374	51	04d8b6c325ae12e89823866b2a292a62d7acee520954761890a1621fef79dca1c8e8df79dd8519480e5c015ae6cf3ba7de8669e260561616a36eb9c308b5983ab0	1	3	190ae9a0d78733d8f43a9405fb5299a485a39ece2d17d9b58a442a887c613350
1790872374	52	04f700a417754b775d95421973bdbdadb2d23c8a5af46f1829b1431f5c136e549e8a0d61aa0c793f1a614f8e437711c7758473c6ceb0859ac7e9e07911ca66b5c4	1	3	a591f9ed7f1fd9b5a1cdf9200614d65cb2ef3ea45d65bf38f9239f0acd299c77
1790872374	52	04d8b6c325ae12e89823866b2a292a62d7acee520954761890a1621fef79dca1c8e8df79dd8519480e5c015ae6cf3ba7de8669e260561616a36eb9c308b5983ab0	1	3	7fc497a61c6840563bfb996b3cf077a20c58ae0200e7595ce1aee6e9f250e99d
1790872375	52	04dbe32c2062240a4ba0bcad01d7edd98c78b51c77765d5e1e5e9fa3743d2f12a1f82f42cd7dc4f41445979117d790f23e9b3d08d0aa06d527c236172043e747fc	1	3	4a1d7ff12a7ea6b7935fe21eab4c676f8211035ec57183612cd77535ca8e3509
1790872376	53	04dbe32c2062240a4ba0bcad01d7edd98c78b51c77765d5e1e5e9fa3743d2f12a1f82f42cd7dc4f41445979117d790f23e9b3d08d0aa06d527c236172043e747fc	1	3	6dafc9b9e9eefe879d9ddbf94e0f0f0d093589365adfa4a7a81e4d893e7d141d
1790872376	53	04f700a417754b775d95421973bdbdadb2d23c8a5af46f1829b1431f5c136e549e8a0d61aa0c793f1a614f8e437711c7758473c6ceb0859ac7e9e07911ca66b5c4	1	3	337a7d2976820c95c35231b20cf0fcc2ad22ceeaa41290f88911013b48cec797
1790872376	53	04d8b6c325ae12e89823866b2a292a62d7acee520954761890a1621fef79dca1c8e8df79dd8519480e5c015ae6cf3ba7de8669e260561616a36eb9c308b5983ab0	1	3	664f2e1298ba74cb14614470f1d473911dd4d3d0c20955eb5cfc7261ba2668ab
1790872377	54	04d8b6c325ae12e89823866b2a292a62d7acee520954761890a1621fef79dca1c8e8df79dd8519480e5c015ae6cf3ba7de8669e260561616a36eb9c308b5983ab0	1	3	adea41db58efa49da6a8e67347cccf4e65fa0285f4deeabe47bb7782d005948f
1790872377	54	04f700a417754b775d95421973bdbdadb2d23c8a5af46f1829b1431f5c136e549e8a0d61aa0c793f1a614f8e437711c7758473c6ceb0859ac7e9e07911ca66b5c4	1	3	9a44631c8b1c705bb9048632408d17fd6637696dd60076df20a0420d9726ee05
1790872377	54	04dbe32c2062240a4ba0bcad01d7edd98c78b51c77765d5e1e5e9fa3743d2f12a1f82f42cd7dc4f41445979117d790f23e9b3d08d0aa06d527c236172043e747fc	1	3	6673bbcb92aa9d29c43c70a7e05053a8a1c515e5a984692966eb5f71c9a3566a
1790872379	55	04dbe32c2062240a4ba0bcad01d7edd98c78b51c77765d5e1e5e9fa3743d2f12a1f82f42cd7dc4f41445979117d790f23e9b3d08d0aa06d527c236172043e747fc	1	3	b69a94115d5afd5ee234b255703ab3acf5fd78ef86f7ed7fb70c540e4b6c45e4
1790872379	55	04d8b6c325ae12e89823866b2a292a62d7acee520954761890a1621fef79dca1c8e8df79dd8519480e5c015ae6cf3ba7de8669e260561616a36eb9c308b5983ab0	1	3	4e99e64f8c6530282bed0df07232fb84646dda457f8aea9a3ad8c67bc8d04149
1790872379	55	04f700a417754b775d95421973bdbdadb2d23c8a5af46f1829b1431f5c136e549e8a0d61aa0c793f1a614f8e437711c7758473c6ceb0859ac7e9e07911ca66b5c4	1	3	24641c4a4d59ccd3077007cf28ccd5ff53d88153b88d90a84221851e610c7409
1790872379	56	04d8b6c325ae12e89823866b2a292a62d7acee520954761890a1621fef79dca1c8e8df79dd8519480e5c015ae6cf3ba7de8669e260561616a36eb9c308b5983ab0	1	3	d824796f9b6c622a8ea02e4dff4103c23c6373807098a878028870d951bd1716
1790872380	56	04dbe32c2062240a4ba0bcad01d7edd98c78b51c77765d5e1e5e9fa3743d2f12a1f82f42cd7dc4f41445979117d790f23e9b3d08d0aa06d527c236172043e747fc	1	3	d61cca88f862a124a2e03054ea039317beadef8ce2fa471079fdc1938311d151
1790872380	56	04f700a417754b775d95421973bdbdadb2d23c8a5af46f1829b1431f5c136e549e8a0d61aa0c793f1a614f8e437711c7758473c6ceb0859ac7e9e07911ca66b5c4	1	3	71aa101cfedb31d0b7ea7b9e2203cf736adb4c8862f8a9f54e7547b9b88e10ab
1790872380	57	04dbe32c2062240a4ba0bcad01d7edd98c78b51c77765d5e1e5e9fa3743d2f12a1f82f42cd7dc4f41445979117d790f23e9b3d08d0aa06d527c236172043e747fc	1	3	962fdcc8a5fac56c1663df94417b1498188cd1c6038a724e09ccf52aebc6e4d6
1790872380	57	04f700a417754b775d95421973bdbdadb2d23c8a5af46f1829b1431f5c136e549e8a0d61aa0c793f1a614f8e437711c7758473c6ceb0859ac7e9e07911ca66b5c4	1	3	38f22c000a47632b28b6f8107db2a713c86da5d1c73cd063c10d5f7d724c8371
1790872380	57	04d8b6c325ae12e89823866b2a292a62d7acee520954761890a1621fef79dca1c8e8df79dd8519480e5c015ae6cf3ba7de8669e260561616a36eb9c308b5983ab0	1	3	fd62ca1a3c531ff21bdc7811c06510353c27c9369e5afbd096d1574cb3e4c437
1790872381	58	04d8b6c325ae12e89823866b2a292a62d7acee520954761890a1621fef79dca1c8e8df79dd8519480e5c015ae6cf3ba7de8669e260561616a36eb9c308b5983ab0	1	3	da068a42ceb0dfa4c1c02d39bd221f4fc27afbed111e2d38df14b3c348c6bb10
1790872381	58	04dbe32c2062240a4ba0bcad01d7edd98c78b51c77765d5e1e5e9fa3743d2f12a1f82f42cd7dc4f41445979117d790f23e9b3d08d0aa06d527c236172043e747fc	1	3	555389ee395fa5456a2cfa3ab92eee5aba9584d84395de15718c9dde77e39533
1790872381	58	04f700a417754b775d95421973bdbdadb2d23c8a5af46f1829b1431f5c136e549e8a0d61aa0c793f1a614f8e437711c7758473c6ceb0859ac7e9e07911ca66b5c4	1	3	03187456cecde81ce99958affc27b69a1676144961bfa9d7caabd6f891f6ee8b
1790872382	59	04d8b6c325ae12e89823866b2a292a62d7acee520954761890a1621fef79dca1c8e8df79dd8519480e5c015ae6cf3ba7de8669e260561616a36eb9c308b5983ab0	1	3	ef6634eeb44e6d2f8087b8b98dd08556cef983cc108bebd06a2260eb91b4d6a8
1790872382	59	04dbe32c2062240a4ba0bcad01d7edd98c78b51c77765d5e1e5e9fa3743d2f12a1f82f42cd7dc4f41445979117d790f23e9b3d08d0aa06d527c236172043e747fc	1	3	c3931940f455347254fe2ee82e42942c0d65e66d00670925ded9c064da8ea77e
1790872382	59	04f700a417754b775d95421973bdbdadb2d23c8a5af46f1829b1431f5c136e549e8a0d61aa0c793f1a614f8e437711c7758473c6ceb0859ac7e9e07911ca66b5c4	1	3	447dbbb45eeb3a65787e8da1b10772eb1b2567be6664177155c6c56f004c4c29
1790872382	60	04f700a417754b775d95421973bdbdadb2d23c8a5af46f1829b1431f5c136e549e8a0d61aa0c793f1a614f8e437711c7758473c6ceb0859ac7e9e07911ca66b5c4	1	3	f35642942af7737408c6058b1cb3e5d2f3212a3827a5c90fc55cc062cdb790d5
1790872382	60	04dbe32c2062240a4ba0bcad01d7edd98c78b51c77765d5e1e5e9fa3743d2f12a1f82f42cd7dc4f41445979117d790f23e9b3d08d0aa06d527c236172043e747fc	1	3	02fb94950dd4fdbf3a6f8be840bee6835be27a612c8436d493e4c0fa0423a266
1790872382	60	04d8b6c325ae12e89823866b2a292a62d7acee520954761890a1621fef79dca1c8e8df79dd8519480e5c015ae6cf3ba7de8669e260561616a36eb9c308b5983ab0	1	3	6087dce4da9bf6da02dc6e82211392f9bbc769e352b2b6888c2e8b236f547bf0
1790872384	61	04f700a417754b775d95421973bdbdadb2d23c8a5af46f1829b1431f5c136e549e8a0d61aa0c793f1a614f8e437711c7758473c6ceb0859ac7e9e07911ca66b5c4	1	3	246f9cbf5ee75f6ab9ad243bae5a10af476f24f513ed873183a4845e11387418
1790872384	61	04d8b6c325ae12e89823866b2a292a62d7acee520954761890a1621fef79dca1c8e8df79dd8519480e5c015ae6cf3ba7de8669e260561616a36eb9c308b5983ab0	1	3	158ab98c62e47775ff3b1eee553ec1f8df8a29a6ae3d63962febdfd95a63e211
1790872384	61	04dbe32c2062240a4ba0bcad01d7edd98c78b51c77765d5e1e5e9fa3743d2f12a1f82f42cd7dc4f41445979117d790f23e9b3d08d0aa06d527c236172043e747fc	1	3	13e26711409dd254a7d1a7901fbb9e0166ccbcb9ecdaf0d2665af44132a6b900
1790872385	62	04dbe32c2062240a4ba0bcad01d7edd98c78b51c77765d5e1e5e9fa3743d2f12a1f82f42cd7dc4f41445979117d790f23e9b3d08d0aa06d527c236172043e747fc	1	3	304d66f94a7e1ae66980df3e255739ca9cdc22c334b69dfa623319ebe2def5fa
1790872385	62	04d8b6c325ae12e89823866b2a292a62d7acee520954761890a1621fef79dca1c8e8df79dd8519480e5c015ae6cf3ba7de8669e260561616a36eb9c308b5983ab0	1	3	1547c4ffa68f01794a9c83ade7cb16d8d605348e76d080f8dcb8555106ef799e
1790872385	62	04f700a417754b775d95421973bdbdadb2d23c8a5af46f1829b1431f5c136e549e8a0d61aa0c793f1a614f8e437711c7758473c6ceb0859ac7e9e07911ca66b5c4	1	3	0f30e96d6ece148f16a17dc1c50869e71ad3e3d89c96f6d642fea7679572a5de
1790872385	63	04f700a417754b775d95421973bdbdadb2d23c8a5af46f1829b1431f5c136e549e8a0d61aa0c793f1a614f8e437711c7758473c6ceb0859ac7e9e07911ca66b5c4	1	3	72628b90a63294115aa31ff8476fee943b3c9b86146c04170255b7b89b87d6a5
1790872385	63	04dbe32c2062240a4ba0bcad01d7edd98c78b51c77765d5e1e5e9fa3743d2f12a1f82f42cd7dc4f41445979117d790f23e9b3d08d0aa06d527c236172043e747fc	1	3	a07dd0b6f2e2c9f3106888293ad501f87586aecb0a1b48ac264de96be6798d70
1790872386	63	04d8b6c325ae12e89823866b2a292a62d7acee520954761890a1621fef79dca1c8e8df79dd8519480e5c015ae6cf3ba7de8669e260561616a36eb9c308b5983ab0	1	3	5ca08480418edd8e88eb6a38b0947ffcfe14b796681a081ff791e94b2fbfa5b5
1790872387	64	04d8b6c325ae12e89823866b2a292a62d7acee520954761890a1621fef79dca1c8e8df79dd8519480e5c015ae6cf3ba7de8669e260561616a36eb9c308b5983ab0	1	3	f7e273d44771ed3dad55cd41e0030543dfef26f5a99e28fbea96a3b43ac2fd93
1790872387	64	04dbe32c2062240a4ba0bcad01d7edd98c78b51c77765d5e1e5e9fa3743d2f12a1f82f42cd7dc4f41445979117d790f23e9b3d08d0aa06d527c236172043e747fc	1	3	dc147f096d175bef40c6e468ab60e5acb1395ba5640fbc6c3675d6089b907a71
1790872387	64	04f700a417754b775d95421973bdbdadb2d23c8a5af46f1829b1431f5c136e549e8a0d61aa0c793f1a614f8e437711c7758473c6ceb0859ac7e9e07911ca66b5c4	1	3	dab59a6ef9f8555cc44db1fb1f4bf04cbb48de80ca5dbeb6ffd468561a91c9d7
1790872387	65	04f700a417754b775d95421973bdbdadb2d23c8a5af46f1829b1431f5c136e549e8a0d61aa0c793f1a614f8e437711c7758473c6ceb0859ac7e9e07911ca66b5c4	1	3	293d08d51c215f75d5af6cd506b7c2b38d82e511ab0c344c3bfec47a8fd8e098
1790872389	65	04dbe32c2062240a4ba0bcad01d7edd98c78b51c77765d5e1e5e9fa3743d2f12a1f82f42cd7dc4f41445979117d790f23e9b3d08d0aa06d527c236172043e747fc	1	3	fa4c0cd81449ccf49cd7002e8957305f43c69b99cc6f6b8634c7b69d0a7cfcbe
1790872389	65	04d8b6c325ae12e89823866b2a292a62d7acee520954761890a1621fef79dca1c8e8df79dd8519480e5c015ae6cf3ba7de8669e260561616a36eb9c308b5983ab0	1	3	6c0b3f16b25f338ca261d19c06733db641d36668baabba0e2b988d2ea0bdb15b
1790872389	66	04f700a417754b775d95421973bdbdadb2d23c8a5af46f1829b1431f5c136e549e8a0d61aa0c793f1a614f8e437711c7758473c6ceb0859ac7e9e07911ca66b5c4	1	3	f9e4942f9e7a3342ccf7c115522f1dc2cd1e800ff4ae597ffcf93ca7b2cd99f0
1790872389	66	04d8b6c325ae12e89823866b2a292a62d7acee520954761890a1621fef79dca1c8e8df79dd8519480e5c015ae6cf3ba7de8669e260561616a36eb9c308b5983ab0	1	3	7d5f25433d8e2cbd97430ae96ea1f04bd7ce046dbed3a1f6e593289c9a2755d6
1790872389	66	04dbe32c2062240a4ba0bcad01d7edd98c78b51c77765d5e1e5e9fa3743d2f12a1f82f42cd7dc4f41445979117d790f23e9b3d08d0aa06d527c236172043e747fc	1	3	8b520dc39b020573cdb0380dd3472a75577dc0dda47a28257602e9ea260da949
1790872390	67	04dbe32c2062240a4ba0bcad01d7edd98c78b51c77765d5e1e5e9fa3743d2f12a1f82f42cd7dc4f41445979117d790f23e9b3d08d0aa06d527c236172043e747fc	1	3	a09e21c54f8b0658ebe04f31b30985a508ffcc4d484c8f16d550de3bd3e973d7
1790872390	67	04f700a417754b775d95421973bdbdadb2d23c8a5af46f1829b1431f5c136e549e8a0d61aa0c793f1a614f8e437711c7758473c6ceb0859ac7e9e07911ca66b5c4	1	3	2e75132f8d6b2d5f1b5e50153e30f76ec7d6d431980f1b5329a663c438ec8ce2
1790872390	67	04d8b6c325ae12e89823866b2a292a62d7acee520954761890a1621fef79dca1c8e8df79dd8519480e5c015ae6cf3ba7de8669e260561616a36eb9c308b5983ab0	1	3	0b5d54e72fe1837ace41736144d13b903f6757367ab56d695633cd0bd2a22ac4
1790872390	68	04f700a417754b775d95421973bdbdadb2d23c8a5af46f1829b1431f5c136e549e8a0d61aa0c793f1a614f8e437711c7758473c6ceb0859ac7e9e07911ca66b5c4	1	3	5c9d6c2e22f3cc0ca2bfea6c46a60c736a3add1b2a4bbb54ef1ced270b3b4789
1790872390	68	04d8b6c325ae12e89823866b2a292a62d7acee520954761890a1621fef79dca1c8e8df79dd8519480e5c015ae6cf3ba7de8669e260561616a36eb9c308b5983ab0	1	3	d245006fb23a0fa7e40fb6a43c2e1990df9ea4dbc92253ea4da03633d0fee20d
1790872391	68	04dbe32c2062240a4ba0bcad01d7edd98c78b51c77765d5e1e5e9fa3743d2f12a1f82f42cd7dc4f41445979117d790f23e9b3d08d0aa06d527c236172043e747fc	1	3	435f8d8d6e7706d8f03fb1a2409715a0181e7d15e0aa2e9432ce0f53fb3e4427
1790872391	69	04d8b6c325ae12e89823866b2a292a62d7acee520954761890a1621fef79dca1c8e8df79dd8519480e5c015ae6cf3ba7de8669e260561616a36eb9c308b5983ab0	1	3	88e082e9dd4654a3013408159fb743f2619683f05da0b730a04ba0c744ee3211
1790872391	69	04f700a417754b775d95421973bdbdadb2d23c8a5af46f1829b1431f5c136e549e8a0d61aa0c793f1a614f8e437711c7758473c6ceb0859ac7e9e07911ca66b5c4	1	3	78dd5cce589cf39bdff0c5d22bc096d9f4d6a5b18689a1f781637fc8eb03997a
1790872391	69	04dbe32c2062240a4ba0bcad01d7edd98c78b51c77765d5e1e5e9fa3743d2f12a1f82f42cd7dc4f41445979117d790f23e9b3d08d0aa06d527c236172043e747fc	1	3	47212104a8ac53b5dd714311cce06ff6e049445b497e4e7001b95d6ecc6b952c
1790872392	70	04dbe32c2062240a4ba0bcad01d7edd98c78b51c77765d5e1e5e9fa3743d2f12a1f82f42cd7dc4f41445979117d790f23e9b3d08d0aa06d527c236172043e747fc	1	3	6b97038bf86ebc8077987cb0c0ddb96e42508f472592f9dc7b0dbcd31db925c9
1790872392	70	04f700a417754b775d95421973bdbdadb2d23c8a5af46f1829b1431f5c136e549e8a0d61aa0c793f1a614f8e437711c7758473c6ceb0859ac7e9e07911ca66b5c4	1	3	630730f208842f009194e62c86786c4109d9f9c183bfd2a4190198b2c9e9c956
1790872392	70	04d8b6c325ae12e89823866b2a292a62d7acee520954761890a1621fef79dca1c8e8df79dd8519480e5c015ae6cf3ba7de8669e260561616a36eb9c308b5983ab0	1	3	312cdca84e84295c235bf43488435bb0335be2ef151c8f11095a8394eb7ef76a
1790872392	71	04f700a417754b775d95421973bdbdadb2d23c8a5af46f1829b1431f5c136e549e8a0d61aa0c793f1a614f8e437711c7758473c6ceb0859ac7e9e07911ca66b5c4	1	3	b0fdbbb22df629876d8985c6cb9823e800cccb3860e4c851f615a29625491d6e
1790872392	71	04dbe32c2062240a4ba0bcad01d7edd98c78b51c77765d5e1e5e9fa3743d2f12a1f82f42cd7dc4f41445979117d790f23e9b3d08d0aa06d527c236172043e747fc	1	3	bfcc40b045db917ea5b2801ae6761c5e67d1434f56aa3949e0a0b14c6f636996
1790872392	71	04d8b6c325ae12e89823866b2a292a62d7acee520954761890a1621fef79dca1c8e8df79dd8519480e5c015ae6cf3ba7de8669e260561616a36eb9c308b5983ab0	1	3	f100d06a7759d5dd1301636b13f87352df8d4c71b174556d1f74c4c6b233c8d1
1790872393	72	04f700a417754b775d95421973bdbdadb2d23c8a5af46f1829b1431f5c136e549e8a0d61aa0c793f1a614f8e437711c7758473c6ceb0859ac7e9e07911ca66b5c4	1	3	1280af95e8996a960788830ffff17ee8326001089ac1cf841422b4b8d58928ac
1790872393	72	04dbe32c2062240a4ba0bcad01d7edd98c78b51c77765d5e1e5e9fa3743d2f12a1f82f42cd7dc4f41445979117d790f23e9b3d08d0aa06d527c236172043e747fc	1	3	f53a0e034b9bc1defca093347d26fef716d320d7881afb80defbfff20f1b6d04
1790872393	72	04d8b6c325ae12e89823866b2a292a62d7acee520954761890a1621fef79dca1c8e8df79dd8519480e5c015ae6cf3ba7de8669e260561616a36eb9c308b5983ab0	1	3	0c8e2e7e590e5b9fff2f594c456684d33c6be1c02cfba4a76461ba898f631398
1790872395	73	04f700a417754b775d95421973bdbdadb2d23c8a5af46f1829b1431f5c136e549e8a0d61aa0c793f1a614f8e437711c7758473c6ceb0859ac7e9e07911ca66b5c4	1	3	e9f6fd1904a1be23788286f41b5e6b8128ec8ebd5e1f4ea8ea148d753c8b1c93
1790872395	73	04dbe32c2062240a4ba0bcad01d7edd98c78b51c77765d5e1e5e9fa3743d2f12a1f82f42cd7dc4f41445979117d790f23e9b3d08d0aa06d527c236172043e747fc	1	3	b7896dbfd96b8d5a1fc847523dd204fab4ab065a6514d17b70521c6bb155ede3
1790872395	73	04d8b6c325ae12e89823866b2a292a62d7acee520954761890a1621fef79dca1c8e8df79dd8519480e5c015ae6cf3ba7de8669e260561616a36eb9c308b5983ab0	1	3	961a7ea9b50f76e0312f033be36d32d73c748fe354dc52ef5688054883160b37
1790872395	74	04d8b6c325ae12e89823866b2a292a62d7acee520954761890a1621fef79dca1c8e8df79dd8519480e5c015ae6cf3ba7de8669e260561616a36eb9c308b5983ab0	1	3	a44b515a250b9d8f5ede898cc0bf9ee4a93dc6cb061912c54701fd9077492f40
1790872396	74	04dbe32c2062240a4ba0bcad01d7edd98c78b51c77765d5e1e5e9fa3743d2f12a1f82f42cd7dc4f41445979117d790f23e9b3d08d0aa06d527c236172043e747fc	1	3	86a1b16178fb64be1ac17f2c9e0ce140ee0a172426f22b050fc02aefa9ed40f0
1790872396	74	04f700a417754b775d95421973bdbdadb2d23c8a5af46f1829b1431f5c136e549e8a0d61aa0c793f1a614f8e437711c7758473c6ceb0859ac7e9e07911ca66b5c4	1	3	8303fd1768077d16f8abc3fa993ddb28f1d5718fd5cf628bac6e496686ae64f5
1790872396	75	04dbe32c2062240a4ba0bcad01d7edd98c78b51c77765d5e1e5e9fa3743d2f12a1f82f42cd7dc4f41445979117d790f23e9b3d08d0aa06d527c236172043e747fc	1	3	8a7f86ad3fe78e7aa54a9cf22b4d501a14efd414a5ecca344b7b350f7e7f4462
1790872396	75	04f700a417754b775d95421973bdbdadb2d23c8a5af46f1829b1431f5c136e549e8a0d61aa0c793f1a614f8e437711c7758473c6ceb0859ac7e9e07911ca66b5c4	1	3	6c6005a962b5e015eaa69c8ae15fdcf77bf41fec2ef41db628dde7a08377b9b9
1790872396	75	04d8b6c325ae12e89823866b2a292a62d7acee520954761890a1621fef79dca1c8e8df79dd8519480e5c015ae6cf3ba7de8669e260561616a36eb9c308b5983ab0	1	3	8d1090a3aacbcfa1509e977ec3029fcba736a5ce05972d96143cd0af5b9c5d88
1790872397	76	04dbe32c2062240a4ba0bcad01d7edd98c78b51c77765d5e1e5e9fa3743d2f12a1f82f42cd7dc4f41445979117d790f23e9b3d08d0aa06d527c236172043e747fc	1	3	887e1a323a4177d252426b1da776bfa9b4f60d1b7618a53fde90a41a15840f19
1790872397	76	04d8b6c325ae12e89823866b2a292a62d7acee520954761890a1621fef79dca1c8e8df79dd8519480e5c015ae6cf3ba7de8669e260561616a36eb9c308b5983ab0	1	3	26497cd416621e4d9fcc641d97118fe8ec427a66832b61eeba1cd046ee98bf54
1790872397	76	04f700a417754b775d95421973bdbdadb2d23c8a5af46f1829b1431f5c136e549e8a0d61aa0c793f1a614f8e437711c7758473c6ceb0859ac7e9e07911ca66b5c4	1	3	1a24b1cd6bec63dfc7abe9e8507c3c96f57e7223e1dfa8b43644273a615e3dc0
1790872397	77	04dbe32c2062240a4ba0bcad01d7edd98c78b51c77765d5e1e5e9fa3743d2f12a1f82f42cd7dc4f41445979117d790f23e9b3d08d0aa06d527c236172043e747fc	1	3	7115a48202e430acf5ce6d19154b98928ec206071fc5d1ff2c45cf41b3bac7e8
1790872398	77	04f700a417754b775d95421973bdbdadb2d23c8a5af46f1829b1431f5c136e549e8a0d61aa0c793f1a614f8e437711c7758473c6ceb0859ac7e9e07911ca66b5c4	1	3	8df262a3bf123c554842c5f341cc9dab3d44c991b8b533296b978ebcebcf8f66
1790872398	77	04d8b6c325ae12e89823866b2a292a62d7acee520954761890a1621fef79dca1c8e8df79dd8519480e5c015ae6cf3ba7de8669e260561616a36eb9c308b5983ab0	1	3	7b855e073d85c66514df4ecedf3195f78dea8f059d4c6f0e7deb72be1a45d69c
1790872398	78	04f700a417754b775d95421973bdbdadb2d23c8a5af46f1829b1431f5c136e549e8a0d61aa0c793f1a614f8e437711c7758473c6ceb0859ac7e9e07911ca66b5c4	1	3	e738fd72fc6f7efd6588023aad0ceefe1116da514e8684595b306e03b4610065
1790872398	78	04d8b6c325ae12e89823866b2a292a62d7acee520954761890a1621fef79dca1c8e8df79dd8519480e5c015ae6cf3ba7de8669e260561616a36eb9c308b5983ab0	1	3	cf0ac99c718efc3a33236135f6e512946614abb0fe0ac7f32e4c5aec441c50ba
1790872398	78	04dbe32c2062240a4ba0bcad01d7edd98c78b51c77765d5e1e5e9fa3743d2f12a1f82f42cd7dc4f41445979117d790f23e9b3d08d0aa06d527c236172043e747fc	1	3	06321e95a00ada5df05d4dc351a5a93e3a1ea235155e7014ef13cf7b4fa168c5
1790872400	79	04f700a417754b775d95421973bdbdadb2d23c8a5af46f1829b1431f5c136e549e8a0d61aa0c793f1a614f8e437711c7758473c6ceb0859ac7e9e07911ca66b5c4	1	3	793641159f10acb2a36ecfa1d3afd2ac6339de630cbb7a82c5baed4802f52b70
1790872400	79	04dbe32c2062240a4ba0bcad01d7edd98c78b51c77765d5e1e5e9fa3743d2f12a1f82f42cd7dc4f41445979117d790f23e9b3d08d0aa06d527c236172043e747fc	1	3	084ee724b35b664892bf734e20c9c3dbb99bc3efb4243eded3f35f83cc8f792f
1790872401	79	04d8b6c325ae12e89823866b2a292a62d7acee520954761890a1621fef79dca1c8e8df79dd8519480e5c015ae6cf3ba7de8669e260561616a36eb9c308b5983ab0	1	3	462278395a4ded1e27327653ac84f6c52f9c8af359834b7f78f700c2ff29cd4a
1790872401	80	04f700a417754b775d95421973bdbdadb2d23c8a5af46f1829b1431f5c136e549e8a0d61aa0c793f1a614f8e437711c7758473c6ceb0859ac7e9e07911ca66b5c4	1	3	ebd7430ae74ec858f4d1c6f34c6dc1c565c6c563cd94a7f2007095dbc27c0b47
1790872401	80	04d8b6c325ae12e89823866b2a292a62d7acee520954761890a1621fef79dca1c8e8df79dd8519480e5c015ae6cf3ba7de8669e260561616a36eb9c308b5983ab0	1	3	abb2a8f8cbe264f8152abff1c691eeac0b1db17c881e4f6982e5237220651e3f
1790872401	80	04dbe32c2062240a4ba0bcad01d7edd98c78b51c77765d5e1e5e9fa3743d2f12a1f82f42cd7dc4f41445979117d790f23e9b3d08d0aa06d527c236172043e747fc	1	3	643c1337816e443bfe60417810088287f4337b3f2a0fb7559a93de614ef49943
1790872402	81	04dbe32c2062240a4ba0bcad01d7edd98c78b51c77765d5e1e5e9fa3743d2f12a1f82f42cd7dc4f41445979117d790f23e9b3d08d0aa06d527c236172043e747fc	1	3	ddf0b59d186386eba9f42147e8dec827ce1eb4848cf131fdf17e8d6235b08272
1790872402	81	04f700a417754b775d95421973bdbdadb2d23c8a5af46f1829b1431f5c136e549e8a0d61aa0c793f1a614f8e437711c7758473c6ceb0859ac7e9e07911ca66b5c4	1	3	31481ccd15513d80874395f63317d4e6d4bd11d3061ad2f2b3013de1278f21b1
1790872402	81	04d8b6c325ae12e89823866b2a292a62d7acee520954761890a1621fef79dca1c8e8df79dd8519480e5c015ae6cf3ba7de8669e260561616a36eb9c308b5983ab0	1	3	1ea1e07c38e7e05f4dd9a8800e6ec134c5bb64687281adb4cfdb330ca394b3b9
1790872402	82	04d8b6c325ae12e89823866b2a292a62d7acee520954761890a1621fef79dca1c8e8df79dd8519480e5c015ae6cf3ba7de8669e260561616a36eb9c308b5983ab0	1	3	a9c8e43b478b72603b4a8f54e24d2422989ca7bac9a2208b42d044c14541ef6a
1790872403	82	04f700a417754b775d95421973bdbdadb2d23c8a5af46f1829b1431f5c136e549e8a0d61aa0c793f1a614f8e437711c7758473c6ceb0859ac7e9e07911ca66b5c4	1	3	841a6cb9d1e002357448cd0858084b7ad4edd0a62ed0ecf84c6d5c854ae1e868
1790872403	82	04dbe32c2062240a4ba0bcad01d7edd98c78b51c77765d5e1e5e9fa3743d2f12a1f82f42cd7dc4f41445979117d790f23e9b3d08d0aa06d527c236172043e747fc	1	3	6d0c69726ea4d8ec62c5ca27de20ac5eaf7421cd6f5cfa44dc1aff6dcbd69834
1790872403	83	04f700a417754b775d95421973bdbdadb2d23c8a5af46f1829b1431f5c136e549e8a0d61aa0c793f1a614f8e437711c7758473c6ceb0859ac7e9e07911ca66b5c4	1	3	e174b3fbee69072729cdabefda196428d9a9dda36d9eb23c49d4093edc1a527c
1790872403	83	04dbe32c2062240a4ba0bcad01d7edd98c78b51c77765d5e1e5e9fa3743d2f12a1f82f42cd7dc4f41445979117d790f23e9b3d08d0aa06d527c236172043e747fc	1	3	9e62489708bbc042efdb3b368ebd4869d852c22ed9085e933b317a43171317c0
1790872403	83	04d8b6c325ae12e89823866b2a292a62d7acee520954761890a1621fef79dca1c8e8df79dd8519480e5c015ae6cf3ba7de8669e260561616a36eb9c308b5983ab0	1	3	041777d233f7d3670c3393daef9313c773d207cfa17af8bda3b37a250145679c
1790872405	84	04d8b6c325ae12e89823866b2a292a62d7acee520954761890a1621fef79dca1c8e8df79dd8519480e5c015ae6cf3ba7de8669e260561616a36eb9c308b5983ab0	1	3	271167972cec44fb38b679bc165a94c6505512e29857ea6bed3ffb8f00ce29d1
1790872406	84	04f700a417754b775d95421973bdbdadb2d23c8a5af46f1829b1431f5c136e549e8a0d61aa0c793f1a614f8e437711c7758473c6ceb0859ac7e9e07911ca66b5c4	1	3	827d5db119ef6b7741e2cb3792059d3fa6519ff6d5e6b6c99a7afe8bd788675e
1790872406	84	04dbe32c2062240a4ba0bcad01d7edd98c78b51c77765d5e1e5e9fa3743d2f12a1f82f42cd7dc4f41445979117d790f23e9b3d08d0aa06d527c236172043e747fc	1	3	927cdf3b83711ed8c3032646d2305e6fa5b905b33786ed478258241987c217eb
1790872407	85	04d8b6c325ae12e89823866b2a292a62d7acee520954761890a1621fef79dca1c8e8df79dd8519480e5c015ae6cf3ba7de8669e260561616a36eb9c308b5983ab0	1	3	fcaf97b9425ec2b1bf01e754e80fbf82d193c77799476275ff301c08a873686f
1790872407	85	04dbe32c2062240a4ba0bcad01d7edd98c78b51c77765d5e1e5e9fa3743d2f12a1f82f42cd7dc4f41445979117d790f23e9b3d08d0aa06d527c236172043e747fc	1	3	d38a1051b8a8e927e66dc3ee45719062b68850316b2d1ea3ca42a72d4886664e
1790872407	85	04f700a417754b775d95421973bdbdadb2d23c8a5af46f1829b1431f5c136e549e8a0d61aa0c793f1a614f8e437711c7758473c6ceb0859ac7e9e07911ca66b5c4	1	3	11607070f381b0004094b169429fe3f0907d6bc33da3cc07e6f9fc91e988aa8b
1790872407	86	04d8b6c325ae12e89823866b2a292a62d7acee520954761890a1621fef79dca1c8e8df79dd8519480e5c015ae6cf3ba7de8669e260561616a36eb9c308b5983ab0	1	3	59c91060445323299e686dc6367d0909c7c17028b74cc44fd4ddd8ace2bc51d6
1790872408	86	04f700a417754b775d95421973bdbdadb2d23c8a5af46f1829b1431f5c136e549e8a0d61aa0c793f1a614f8e437711c7758473c6ceb0859ac7e9e07911ca66b5c4	1	3	72a5afb321d9280fd1eba0e28d5ad540b3c7e732526ea5b60d50b2d30096ba14
1790872408	86	04dbe32c2062240a4ba0bcad01d7edd98c78b51c77765d5e1e5e9fa3743d2f12a1f82f42cd7dc4f41445979117d790f23e9b3d08d0aa06d527c236172043e747fc	1	3	5f95987da44896ec858a38ac83b91491d9cc1af10d62484ee66e54cf543af996
1790872408	87	04f700a417754b775d95421973bdbdadb2d23c8a5af46f1829b1431f5c136e549e8a0d61aa0c793f1a614f8e437711c7758473c6ceb0859ac7e9e07911ca66b5c4	1	3	a1e7c6c128e83cd03b0e9e814e72716a3290b74bb7e0a698a4aa8aff0d8662f3
1790872408	87	04dbe32c2062240a4ba0bcad01d7edd98c78b51c77765d5e1e5e9fa3743d2f12a1f82f42cd7dc4f41445979117d790f23e9b3d08d0aa06d527c236172043e747fc	1	3	99306bdda8677a9b78a5957905fd80181520414f98c59399f723ee6fa5ce426f
1790872408	87	04d8b6c325ae12e89823866b2a292a62d7acee520954761890a1621fef79dca1c8e8df79dd8519480e5c015ae6cf3ba7de8669e260561616a36eb9c308b5983ab0	1	3	d6f5e6d83badd4036c0ef2a538358b47e8d5a9ee4567cec3cf52bb8a6bbceb2c
1790872410	88	04dbe32c2062240a4ba0bcad01d7edd98c78b51c77765d5e1e5e9fa3743d2f12a1f82f42cd7dc4f41445979117d790f23e9b3d08d0aa06d527c236172043e747fc	1	3	fa9907c351a494a38f1f438385af0f9716f0276f377f1381122d437ca5077a38
1790872410	88	04d8b6c325ae12e89823866b2a292a62d7acee520954761890a1621fef79dca1c8e8df79dd8519480e5c015ae6cf3ba7de8669e260561616a36eb9c308b5983ab0	1	3	e0cb83299f83b6d0305ef5fcd297839f1c4e937852809096bcee5c6660297be9
1790872410	88	04f700a417754b775d95421973bdbdadb2d23c8a5af46f1829b1431f5c136e549e8a0d61aa0c793f1a614f8e437711c7758473c6ceb0859ac7e9e07911ca66b5c4	1	3	770e495d738b684ceb19bf1fc2821c6aeb47f4adbeede9c6ac8c7e8b5d103624
1790872410	89	04f700a417754b775d95421973bdbdadb2d23c8a5af46f1829b1431f5c136e549e8a0d61aa0c793f1a614f8e437711c7758473c6ceb0859ac7e9e07911ca66b5c4	1	3	af5f72b284fc9632ac3b8b1bde0658b6aaefc2259ed61ecb640d259d1acc29a7
1790872410	89	04dbe32c2062240a4ba0bcad01d7edd98c78b51c77765d5e1e5e9fa3743d2f12a1f82f42cd7dc4f41445979117d790f23e9b3d08d0aa06d527c236172043e747fc	1	3	f3675e62a6ca4d5be08281aee9f93602b27f56d13bd434cc9ffa6b6430c62c6c
1790872411	89	04d8b6c325ae12e89823866b2a292a62d7acee520954761890a1621fef79dca1c8e8df79dd8519480e5c015ae6cf3ba7de8669e260561616a36eb9c308b5983ab0	1	3	6a7bf9f4c5ccfbb1b4a457857d3bf5589e231f6828a1ba5c4a5cd7398e0b4c16
1790872411	90	04f700a417754b775d95421973bdbdadb2d23c8a5af46f1829b1431f5c136e549e8a0d61aa0c793f1a614f8e437711c7758473c6ceb0859ac7e9e07911ca66b5c4	1	3	f7d735211ab1811930541d475bcbb84ec95552ce809a519833ba55aa593a33b9
1790872411	90	04d8b6c325ae12e89823866b2a292a62d7acee520954761890a1621fef79dca1c8e8df79dd8519480e5c015ae6cf3ba7de8669e260561616a36eb9c308b5983ab0	1	3	c3b68cdaec4b71958fa11bfc2019bef7008f5f4abd40a3995a9d96ff7893a3a8
1790872411	90	04dbe32c2062240a4ba0bcad01d7edd98c78b51c77765d5e1e5e9fa3743d2f12a1f82f42cd7dc4f41445979117d790f23e9b3d08d0aa06d527c236172043e747fc	1	3	fe3a9bdf166f002bd7c32077c9391d31cee93d76b90844c84c025afbce4d1175
1790872412	91	04dbe32c2062240a4ba0bcad01d7edd98c78b51c77765d5e1e5e9fa3743d2f12a1f82f42cd7dc4f41445979117d790f23e9b3d08d0aa06d527c236172043e747fc	1	3	d2a3dd55aeb94ee2a4fc97dea606d95678f6c567f1de8e43ee670b3a06b465d1
1790872412	91	04d8b6c325ae12e89823866b2a292a62d7acee520954761890a1621fef79dca1c8e8df79dd8519480e5c015ae6cf3ba7de8669e260561616a36eb9c308b5983ab0	1	3	a7e0bcd91f271443792f519929cc0c351d0b2f59a2b04da3c5935990d473fd49
1790872412	91	04f700a417754b775d95421973bdbdadb2d23c8a5af46f1829b1431f5c136e549e8a0d61aa0c793f1a614f8e437711c7758473c6ceb0859ac7e9e07911ca66b5c4	1	3	967a387a16cb318a98796905c73802f679796f5032774de12d1c1c191b03a960
1790872412	92	04f700a417754b775d95421973bdbdadb2d23c8a5af46f1829b1431f5c136e549e8a0d61aa0c793f1a614f8e437711c7758473c6ceb0859ac7e9e07911ca66b5c4	1	3	e36766c71c171cde957152986b3931523b0985361e126cd511d4ae368f646f32
1790872412	92	04d8b6c325ae12e89823866b2a292a62d7acee520954761890a1621fef79dca1c8e8df79dd8519480e5c015ae6cf3ba7de8669e260561616a36eb9c308b5983ab0	1	3	b9318f9a7f829e2af44f3372acac734f7fec240c18404fde24cacbbdd2c455d6
1790872413	92	04dbe32c2062240a4ba0bcad01d7edd98c78b51c77765d5e1e5e9fa3743d2f12a1f82f42cd7dc4f41445979117d790f23e9b3d08d0aa06d527c236172043e747fc	1	3	49236c01818884445f89c6ebab241462a27a49a995d6c60372429fda95fa02c6
1790872413	93	04f700a417754b775d95421973bdbdadb2d23c8a5af46f1829b1431f5c136e549e8a0d61aa0c793f1a614f8e437711c7758473c6ceb0859ac7e9e07911ca66b5c4	1	3	9e38f4c2775706a771b241c9703ef12751718aa58aef6863ce30db252bb81d1a
1790872413	93	04dbe32c2062240a4ba0bcad01d7edd98c78b51c77765d5e1e5e9fa3743d2f12a1f82f42cd7dc4f41445979117d790f23e9b3d08d0aa06d527c236172043e747fc	1	3	2414f8e8457d09771c5813ae276d994fde492bc0e9b9159cbbd6cd47293c0ed8
1790872413	93	04d8b6c325ae12e89823866b2a292a62d7acee520954761890a1621fef79dca1c8e8df79dd8519480e5c015ae6cf3ba7de8669e260561616a36eb9c308b5983ab0	1	3	6f293ef0641cdd79b7edc5f130ce19e72446b9062df95d87b24598c5e7fbf344
1790872415	94	04f700a417754b775d95421973bdbdadb2d23c8a5af46f1829b1431f5c136e549e8a0d61aa0c793f1a614f8e437711c7758473c6ceb0859ac7e9e07911ca66b5c4	1	3	c69657055f3deeec4462ba078dca019036f004aa131303a3abf145a63f60903f
1790872415	94	04d8b6c325ae12e89823866b2a292a62d7acee520954761890a1621fef79dca1c8e8df79dd8519480e5c015ae6cf3ba7de8669e260561616a36eb9c308b5983ab0	1	3	82bea49ebc92681457465e11b3732dc3e3cfe4c1460767bc17fab61513f63682
1790872415	94	04dbe32c2062240a4ba0bcad01d7edd98c78b51c77765d5e1e5e9fa3743d2f12a1f82f42cd7dc4f41445979117d790f23e9b3d08d0aa06d527c236172043e747fc	1	3	6105ad7be0932717d3a9166042ab92502f26db9816db726db13bb227033694cd
1790872415	95	04f700a417754b775d95421973bdbdadb2d23c8a5af46f1829b1431f5c136e549e8a0d61aa0c793f1a614f8e437711c7758473c6ceb0859ac7e9e07911ca66b5c4	1	3	2a4a4d8d2c84758bc92fc457fc918b9923902645e960b95f6e6f0a5620fbca7d
1790872415	95	04dbe32c2062240a4ba0bcad01d7edd98c78b51c77765d5e1e5e9fa3743d2f12a1f82f42cd7dc4f41445979117d790f23e9b3d08d0aa06d527c236172043e747fc	1	3	49271b84b100cfb0ca60e889086564c06c10ac31ba9a2d3c51a0e9845e54347a
1790872416	95	04d8b6c325ae12e89823866b2a292a62d7acee520954761890a1621fef79dca1c8e8df79dd8519480e5c015ae6cf3ba7de8669e260561616a36eb9c308b5983ab0	1	3	01c1eda6538405467241e028eb9261126a4d133a461615456096e1d56d615608
1790872416	96	04d8b6c325ae12e89823866b2a292a62d7acee520954761890a1621fef79dca1c8e8df79dd8519480e5c015ae6cf3ba7de8669e260561616a36eb9c308b5983ab0	1	3	d947eedc18a922de8fe19e584f5557b77d81e245215f302aefd2ec4c20c3681c
1790872416	96	04f700a417754b775d95421973bdbdadb2d23c8a5af46f1829b1431f5c136e549e8a0d61aa0c793f1a614f8e437711c7758473c6ceb0859ac7e9e07911ca66b5c4	1	3	79263314a4c97c2d23283cf7b55e85b4e5396bf84cc458a173e2fac598d7b949
1790872416	96	04dbe32c2062240a4ba0bcad01d7edd98c78b51c77765d5e1e5e9fa3743d2f12a1f82f42cd7dc4f41445979117d790f23e9b3d08d0aa06d527c236172043e747fc	1	3	130d2181651ae4892c83ca6cdfec52681ea4c22440f813b498463313c77477c7
1790872417	97	04f700a417754b775d95421973bdbdadb2d23c8a5af46f1829b1431f5c136e549e8a0d61aa0c793f1a614f8e437711c7758473c6ceb0859ac7e9e07911ca66b5c4	1	3	df28948a72f39c2f0f7a6625e69c9316f3830b67b578bc017e4dbc4afb257133
1790872417	97	04dbe32c2062240a4ba0bcad01d7edd98c78b51c77765d5e1e5e9fa3743d2f12a1f82f42cd7dc4f41445979117d790f23e9b3d08d0aa06d527c236172043e747fc	1	3	ba1d4c822574b9fc79cce65d6f7eb999eb7a5cabd44b719633c1f4a4356060a6
1790872417	97	04d8b6c325ae12e89823866b2a292a62d7acee520954761890a1621fef79dca1c8e8df79dd8519480e5c015ae6cf3ba7de8669e260561616a36eb9c308b5983ab0	1	3	ab52b7cb0c087e25c5232d26d6381ccacd95e39ab0fb215f571e2262ef32f8cb
1790872417	98	04f700a417754b775d95421973bdbdadb2d23c8a5af46f1829b1431f5c136e549e8a0d61aa0c793f1a614f8e437711c7758473c6ceb0859ac7e9e07911ca66b5c4	1	3	1f132e921a9b195017da55fdadfc5e06589b1ae6928d787fa1cdf07d40a817ad
1790872417	98	04d8b6c325ae12e89823866b2a292a62d7acee520954761890a1621fef79dca1c8e8df79dd8519480e5c015ae6cf3ba7de8669e260561616a36eb9c308b5983ab0	1	3	866db9b87cc0d5f60f0aa5d39cf3d497665d5efc6aa3fac4b07f9d5ea86cbfe0
1790872418	98	04dbe32c2062240a4ba0bcad01d7edd98c78b51c77765d5e1e5e9fa3743d2f12a1f82f42cd7dc4f41445979117d790f23e9b3d08d0aa06d527c236172043e747fc	1	3	64bde7187afc1aada647f2ae9013fa945df45f97ebcd30ee52740de103ff231b
1790872418	99	04f700a417754b775d95421973bdbdadb2d23c8a5af46f1829b1431f5c136e549e8a0d61aa0c793f1a614f8e437711c7758473c6ceb0859ac7e9e07911ca66b5c4	1	3	66d6546d54942b375f4813ccaf2df8231c41a58bdf27969ff04c3666ca7dc7b5
1790872418	99	04dbe32c2062240a4ba0bcad01d7edd98c78b51c77765d5e1e5e9fa3743d2f12a1f82f42cd7dc4f41445979117d790f23e9b3d08d0aa06d527c236172043e747fc	1	3	220e3be9b6f892cf470c25130cc1f7523634627650b54b19227eb4d627959328
1790872418	99	04d8b6c325ae12e89823866b2a292a62d7acee520954761890a1621fef79dca1c8e8df79dd8519480e5c015ae6cf3ba7de8669e260561616a36eb9c308b5983ab0	1	3	d64dd971776274c64de346ed3ad5d7b44e682d197176dfe4d287e752e5dd5c4e
1790872420	100	04d8b6c325ae12e89823866b2a292a62d7acee520954761890a1621fef79dca1c8e8df79dd8519480e5c015ae6cf3ba7de8669e260561616a36eb9c308b5983ab0	1	3	970b1d8601db67e2c167cd4fa2a6718a3807bab59f2fd7e2a498eb25281cc592
1790872420	100	04f700a417754b775d95421973bdbdadb2d23c8a5af46f1829b1431f5c136e549e8a0d61aa0c793f1a614f8e437711c7758473c6ceb0859ac7e9e07911ca66b5c4	1	3	8bc423b1d734a544a4d12aecfcab730d657ea760c24c28b362915e2a95639bd3
1790872420	100	04dbe32c2062240a4ba0bcad01d7edd98c78b51c77765d5e1e5e9fa3743d2f12a1f82f42cd7dc4f41445979117d790f23e9b3d08d0aa06d527c236172043e747fc	1	3	27cc9c1de2d7c26f3756c2e61c8f3ebb0a09c64b32a874de5ddfdbf63eab7ac5
1790872420	101	04f700a417754b775d95421973bdbdadb2d23c8a5af46f1829b1431f5c136e549e8a0d61aa0c793f1a614f8e437711c7758473c6ceb0859ac7e9e07911ca66b5c4	1	3	8920914e330de2433de8e7e4be733b26a337b7746babfc2c78a3752c10cb1c95
1790872420	101	04dbe32c2062240a4ba0bcad01d7edd98c78b51c77765d5e1e5e9fa3743d2f12a1f82f42cd7dc4f41445979117d790f23e9b3d08d0aa06d527c236172043e747fc	1	3	5a35bcafac54e7e2659274b15b3dedecec60d7860247d9bd6410049fae6f7d48
1790872420	101	04d8b6c325ae12e89823866b2a292a62d7acee520954761890a1621fef79dca1c8e8df79dd8519480e5c015ae6cf3ba7de8669e260561616a36eb9c308b5983ab0	1	3	16c89d1ac940b6ca5b0149ce2b73a9b0fd2e525d8527698000fe6b959cd6c97b
1790872421	102	04dbe32c2062240a4ba0bcad01d7edd98c78b51c77765d5e1e5e9fa3743d2f12a1f82f42cd7dc4f41445979117d790f23e9b3d08d0aa06d527c236172043e747fc	1	3	6c1019f7b8fef5d4b4295e2bf4ca8849ce4e8114e91a9dbbc01c59c43a6cfe00
1790872421	102	04f700a417754b775d95421973bdbdadb2d23c8a5af46f1829b1431f5c136e549e8a0d61aa0c793f1a614f8e437711c7758473c6ceb0859ac7e9e07911ca66b5c4	1	3	65a34de315cc3478b66d8be287e6f77020c4b1f8215732f06b74a523343e31d7
1790872421	102	04d8b6c325ae12e89823866b2a292a62d7acee520954761890a1621fef79dca1c8e8df79dd8519480e5c015ae6cf3ba7de8669e260561616a36eb9c308b5983ab0	1	3	2b863cd92f19b4009ca641051053911d2c341ca8f3dd6271b2885a36e7be313b
1790872422	103	04d8b6c325ae12e89823866b2a292a62d7acee520954761890a1621fef79dca1c8e8df79dd8519480e5c015ae6cf3ba7de8669e260561616a36eb9c308b5983ab0	1	3	bebe04a635fd93f80b970561b3523c2def8668ca3e6dff0124c2d1cf2a998d3c
1790872422	103	04dbe32c2062240a4ba0bcad01d7edd98c78b51c77765d5e1e5e9fa3743d2f12a1f82f42cd7dc4f41445979117d790f23e9b3d08d0aa06d527c236172043e747fc	1	3	79752b2f11180718bd6ccc0486967f47b4d2ebc275123ed60695e0ede128c9d9
1790872422	103	04f700a417754b775d95421973bdbdadb2d23c8a5af46f1829b1431f5c136e549e8a0d61aa0c793f1a614f8e437711c7758473c6ceb0859ac7e9e07911ca66b5c4	1	3	601ca7fc1e209e42c5a8cfb759261c53dc966c557fd10553365b5f6a3d0c536f
1790872422	104	04d8b6c325ae12e89823866b2a292a62d7acee520954761890a1621fef79dca1c8e8df79dd8519480e5c015ae6cf3ba7de8669e260561616a36eb9c308b5983ab0	1	3	b00199b265d2eacc5cb98a4d6d3874dcbc7bac7353d0cf8b896af0030bab7876
1790872422	104	04f700a417754b775d95421973bdbdadb2d23c8a5af46f1829b1431f5c136e549e8a0d61aa0c793f1a614f8e437711c7758473c6ceb0859ac7e9e07911ca66b5c4	1	3	198d74d500840af61acbba527949ec80f94d3b59159aaed4b4f560d838d9364f
1790872422	104	04dbe32c2062240a4ba0bcad01d7edd98c78b51c77765d5e1e5e9fa3743d2f12a1f82f42cd7dc4f41445979117d790f23e9b3d08d0aa06d527c236172043e747fc	1	3	e7b5816ffaff18ed3be1470080cc07f5fc42e6141922dfa96a93e878459fe1ea
1790872423	105	04dbe32c2062240a4ba0bcad01d7edd98c78b51c77765d5e1e5e9fa3743d2f12a1f82f42cd7dc4f41445979117d790f23e9b3d08d0aa06d527c236172043e747fc	1	3	d00673287a234eb12c7f639fc89120e4640c51a48a6a3acc3861582bb2788288
1790872423	105	04d8b6c325ae12e89823866b2a292a62d7acee520954761890a1621fef79dca1c8e8df79dd8519480e5c015ae6cf3ba7de8669e260561616a36eb9c308b5983ab0	1	3	c4b2031944f3290300d931d31f79298bcf6bdd67262179cff96215e82692dbe7
1790872423	105	04f700a417754b775d95421973bdbdadb2d23c8a5af46f1829b1431f5c136e549e8a0d61aa0c793f1a614f8e437711c7758473c6ceb0859ac7e9e07911ca66b5c4	1	3	74dcfe0cd69be724309573d97f34ea3819b3f0b0ac37f52c80852a326f106efd
1790872423	106	04d8b6c325ae12e89823866b2a292a62d7acee520954761890a1621fef79dca1c8e8df79dd8519480e5c015ae6cf3ba7de8669e260561616a36eb9c308b5983ab0	1	3	b4f38d36b8a2c43709fb34a1c108d82dae5b165fd8c3cdc9c7ad4272e4165e67
1790872425	106	04dbe32c2062240a4ba0bcad01d7edd98c78b51c77765d5e1e5e9fa3743d2f12a1f82f42cd7dc4f41445979117d790f23e9b3d08d0aa06d527c236172043e747fc	1	3	b38976a144dc4f4769e73293bd2dc50d4550fabee55e313deca0a8fb58acbf9d
1790872425	106	04f700a417754b775d95421973bdbdadb2d23c8a5af46f1829b1431f5c136e549e8a0d61aa0c793f1a614f8e437711c7758473c6ceb0859ac7e9e07911ca66b5c4	1	3	277e9edb77bdc64b711e511fa8a176709f473374b2017390926846daa3ff3bbf
1790872425	107	04f700a417754b775d95421973bdbdadb2d23c8a5af46f1829b1431f5c136e549e8a0d61aa0c793f1a614f8e437711c7758473c6ceb0859ac7e9e07911ca66b5c4	1	3	67b79ee87cdda2cb130adad0faad90c8637a8284b39bfc7e5069811802841608
1790872425	107	04dbe32c2062240a4ba0bcad01d7edd98c78b51c77765d5e1e5e9fa3743d2f12a1f82f42cd7dc4f41445979117d790f23e9b3d08d0aa06d527c236172043e747fc	1	3	2b2437d86b4ecba235d03f515642ecc798986ff11c452ac958ee9d6425b5d996
1790872425	107	04d8b6c325ae12e89823866b2a292a62d7acee520954761890a1621fef79dca1c8e8df79dd8519480e5c015ae6cf3ba7de8669e260561616a36eb9c308b5983ab0	1	3	4333110947ac90cc2c812335561e47e91ae49504bed28d026bae81e60e4c880d
1790872426	108	04f700a417754b775d95421973bdbdadb2d23c8a5af46f1829b1431f5c136e549e8a0d61aa0c793f1a614f8e437711c7758473c6ceb0859ac7e9e07911ca66b5c4	1	3	c1af1e2ca41a29ab5f9e9ba6cae9cb84d46dd89fe4b81dcbfee608e1b602c151
1790872426	108	04dbe32c2062240a4ba0bcad01d7edd98c78b51c77765d5e1e5e9fa3743d2f12a1f82f42cd7dc4f41445979117d790f23e9b3d08d0aa06d527c236172043e747fc	1	3	4f4071281679c4b10fc4f568799ed055682b2bfc7c62c0e40f0cf7eea2471450
1790872426	108	04d8b6c325ae12e89823866b2a292a62d7acee520954761890a1621fef79dca1c8e8df79dd8519480e5c015ae6cf3ba7de8669e260561616a36eb9c308b5983ab0	1	3	46f2c63a0e00c0734d69761f973859cdc0531dac74c5900f283430564b01fcbb
1790872426	109	04dbe32c2062240a4ba0bcad01d7edd98c78b51c77765d5e1e5e9fa3743d2f12a1f82f42cd7dc4f41445979117d790f23e9b3d08d0aa06d527c236172043e747fc	1	3	19597dafed78680a0b42965b1574f469ef349379c07879ee65594272ebe47b8a
1790872427	109	04f700a417754b775d95421973bdbdadb2d23c8a5af46f1829b1431f5c136e549e8a0d61aa0c793f1a614f8e437711c7758473c6ceb0859ac7e9e07911ca66b5c4	1	3	e31c16599aa16aae06c78385cdd2dc3499b9db8460bfea49f77d95540e7a3450
1790872427	109	04d8b6c325ae12e89823866b2a292a62d7acee520954761890a1621fef79dca1c8e8df79dd8519480e5c015ae6cf3ba7de8669e260561616a36eb9c308b5983ab0	1	3	64afd4fe3d2056d89d8475e4fa526396fbccab530fbb043a4e24f63af4ba537e
1790872427	110	04f700a417754b775d95421973bdbdadb2d23c8a5af46f1829b1431f5c136e549e8a0d61aa0c793f1a614f8e437711c7758473c6ceb0859ac7e9e07911ca66b5c4	1	3	bc5eaf8b5cade96d41f13db0b7e6e73e3fa6f769aa6eb28928f61824f981f394
1790872427	110	04d8b6c325ae12e89823866b2a292a62d7acee520954761890a1621fef79dca1c8e8df79dd8519480e5c015ae6cf3ba7de8669e260561616a36eb9c308b5983ab0	1	3	98ecd630cf1d7b5ed10ed966509438aa6c9fa0e85a03eea398b60132dbd1c433
1790872428	110	04dbe32c2062240a4ba0bcad01d7edd98c78b51c77765d5e1e5e9fa3743d2f12a1f82f42cd7dc4f41445979117d790f23e9b3d08d0aa06d527c236172043e747fc	1	3	824052c2cc7d2e8a11dda762840580a7a63da5df443936abe1e6a75b8682bb53
1790872428	111	04f700a417754b775d95421973bdbdadb2d23c8a5af46f1829b1431f5c136e549e8a0d61aa0c793f1a614f8e437711c7758473c6ceb0859ac7e9e07911ca66b5c4	1	3	20791322f0a1f8a5d556f202c506aab6e6cfc39c5bea1c4bce3c3875bb6340ef
1790872428	111	04dbe32c2062240a4ba0bcad01d7edd98c78b51c77765d5e1e5e9fa3743d2f12a1f82f42cd7dc4f41445979117d790f23e9b3d08d0aa06d527c236172043e747fc	1	3	7a0b03b19edfd2624533075ce614b73f6b30bcd63948b98a663b3505b79320a5
1790872430	111	04d8b6c325ae12e89823866b2a292a62d7acee520954761890a1621fef79dca1c8e8df79dd8519480e5c015ae6cf3ba7de8669e260561616a36eb9c308b5983ab0	1	3	40de3b5ecf1941d9a304d149273332125181cce9d38d605f1d9cf63c69bf08a5
1790872430	112	04d8b6c325ae12e89823866b2a292a62d7acee520954761890a1621fef79dca1c8e8df79dd8519480e5c015ae6cf3ba7de8669e260561616a36eb9c308b5983ab0	1	3	6fde1628c89fbcc78e1aca79afda7a2d687437bafeda8b8d0e2d91b8aa2506eb
1790872430	112	04f700a417754b775d95421973bdbdadb2d23c8a5af46f1829b1431f5c136e549e8a0d61aa0c793f1a614f8e437711c7758473c6ceb0859ac7e9e07911ca66b5c4	1	3	6bddd057048a0a553891d57532e5197b51bd933ea888c3a1152aef25ed0d2abe
1790872430	112	04dbe32c2062240a4ba0bcad01d7edd98c78b51c77765d5e1e5e9fa3743d2f12a1f82f42cd7dc4f41445979117d790f23e9b3d08d0aa06d527c236172043e747fc	1	3	890c73025762f9c0cffef91370ea0721ebd416a47a9a55990176b627c3aef2fb
1790872431	113	04f700a417754b775d95421973bdbdadb2d23c8a5af46f1829b1431f5c136e549e8a0d61aa0c793f1a614f8e437711c7758473c6ceb0859ac7e9e07911ca66b5c4	1	3	899c8fbde05f27e11c5e9da4678e84318dcdd8335d3c6b00666e87d98420f352
1790872431	113	04dbe32c2062240a4ba0bcad01d7edd98c78b51c77765d5e1e5e9fa3743d2f12a1f82f42cd7dc4f41445979117d790f23e9b3d08d0aa06d527c236172043e747fc	1	3	78d801a3753d13720dab29ad62ffa0e4c2ec3be27bd8ef0ecf60109f2f913b4d
1790872431	113	04d8b6c325ae12e89823866b2a292a62d7acee520954761890a1621fef79dca1c8e8df79dd8519480e5c015ae6cf3ba7de8669e260561616a36eb9c308b5983ab0	1	3	3c54a429fceacc5642b3751b689f13ee427e682f29ab41631e3fc16f908d3d54
1790872431	114	04f700a417754b775d95421973bdbdadb2d23c8a5af46f1829b1431f5c136e549e8a0d61aa0c793f1a614f8e437711c7758473c6ceb0859ac7e9e07911ca66b5c4	1	3	285d1c86d1c4d6e38ffd0efd474e4bfa04f565073eac5872f642cfbee8b1e445
1790872431	114	04d8b6c325ae12e89823866b2a292a62d7acee520954761890a1621fef79dca1c8e8df79dd8519480e5c015ae6cf3ba7de8669e260561616a36eb9c308b5983ab0	1	3	573f6cad3a646d7ae833d011297443d9f81116c4cbc85cb693e290c05c9094d2
1790872432	114	04dbe32c2062240a4ba0bcad01d7edd98c78b51c77765d5e1e5e9fa3743d2f12a1f82f42cd7dc4f41445979117d790f23e9b3d08d0aa06d527c236172043e747fc	1	3	9ae84b1984b50d4d55a4b956d53a014e1440153f9bc421ebde6876a31df92620
1790872432	115	04dbe32c2062240a4ba0bcad01d7edd98c78b51c77765d5e1e5e9fa3743d2f12a1f82f42cd7dc4f41445979117d790f23e9b3d08d0aa06d527c236172043e747fc	1	3	63f66c29e3f8715bf736724e60715fe071c7b2326b9025cba199daa0e07b463a
1790872432	115	04f700a417754b775d95421973bdbdadb2d23c8a5af46f1829b1431f5c136e549e8a0d61aa0c793f1a614f8e437711c7758473c6ceb0859ac7e9e07911ca66b5c4	1	3	53bd071ccdb3eaf431886c75ba48a166523e4b6eb5eb7a0e5b35b4fb22d6dba7
1790872432	115	04d8b6c325ae12e89823866b2a292a62d7acee520954761890a1621fef79dca1c8e8df79dd8519480e5c015ae6cf3ba7de8669e260561616a36eb9c308b5983ab0	1	3	5727d51375ae34bca547f2eeddd169a57e4bfe0580c040ce07ed3b4e2d43f859
1790872433	116	04d8b6c325ae12e89823866b2a292a62d7acee520954761890a1621fef79dca1c8e8df79dd8519480e5c015ae6cf3ba7de8669e260561616a36eb9c308b5983ab0	1	3	d36b4ef1ced006b8fe7c2100f4e1b264c73361edbed112bab8d4a03873fc2b86
1790872433	116	04dbe32c2062240a4ba0bcad01d7edd98c78b51c77765d5e1e5e9fa3743d2f12a1f82f42cd7dc4f41445979117d790f23e9b3d08d0aa06d527c236172043e747fc	1	3	2c6de4aebf99aaf82480ea51eb57c0bd539c429d0eb27c95cb99b4f039aa6edf
1790872433	116	04f700a417754b775d95421973bdbdadb2d23c8a5af46f1829b1431f5c136e549e8a0d61aa0c793f1a614f8e437711c7758473c6ceb0859ac7e9e07911ca66b5c4	1	3	1c78f2d7055c516abf248e8be28000154b600213e4ccf66f5e4ae184a1e7bfba
1790872433	117	04f700a417754b775d95421973bdbdadb2d23c8a5af46f1829b1431f5c136e549e8a0d61aa0c793f1a614f8e437711c7758473c6ceb0859ac7e9e07911ca66b5c4	1	3	5690e20e675d025b77211a877cc960bcc6e06c88d4b65ffcf2047ed19bad2ad3
1790872433	117	04dbe32c2062240a4ba0bcad01d7edd98c78b51c77765d5e1e5e9fa3743d2f12a1f82f42cd7dc4f41445979117d790f23e9b3d08d0aa06d527c236172043e747fc	1	3	cea6b8c18c28245188ff10a552ac0ac571133a46532ba9f4a6ed4d1ca041e796
1790872435	117	04d8b6c325ae12e89823866b2a292a62d7acee520954761890a1621fef79dca1c8e8df79dd8519480e5c015ae6cf3ba7de8669e260561616a36eb9c308b5983ab0	1	3	25b8b802f9431d7049144fe2b138e00e7e572823dbac1d88550d24afac265ca4
1790872435	118	04d8b6c325ae12e89823866b2a292a62d7acee520954761890a1621fef79dca1c8e8df79dd8519480e5c015ae6cf3ba7de8669e260561616a36eb9c308b5983ab0	1	3	a6842fb737fc3c7e1d3b2eac7c4acd53680d2ccc2257e3c19552526450ce7455
1790872435	118	04f700a417754b775d95421973bdbdadb2d23c8a5af46f1829b1431f5c136e549e8a0d61aa0c793f1a614f8e437711c7758473c6ceb0859ac7e9e07911ca66b5c4	1	3	5ff25a5017a7473905435baedf4b3b4482fb2d7ab99e6e6c81609f213ed297c8
1790872435	118	04dbe32c2062240a4ba0bcad01d7edd98c78b51c77765d5e1e5e9fa3743d2f12a1f82f42cd7dc4f41445979117d790f23e9b3d08d0aa06d527c236172043e747fc	1	3	13db475d8b25974e4699daa9319f9268900a6c5b31e7766a60a104c4d01bf8ca
1790872436	119	04d8b6c325ae12e89823866b2a292a62d7acee520954761890a1621fef79dca1c8e8df79dd8519480e5c015ae6cf3ba7de8669e260561616a36eb9c308b5983ab0	1	3	985da42efb69fb6b62839c3a75c22427f398556a6ff0c1525103535ebbb0db4e
1790872436	119	04f700a417754b775d95421973bdbdadb2d23c8a5af46f1829b1431f5c136e549e8a0d61aa0c793f1a614f8e437711c7758473c6ceb0859ac7e9e07911ca66b5c4	1	3	1155e3918e90259b6e354b669a25d3acb7df05f5047ad0e65d63caad065762aa
1790872436	119	04dbe32c2062240a4ba0bcad01d7edd98c78b51c77765d5e1e5e9fa3743d2f12a1f82f42cd7dc4f41445979117d790f23e9b3d08d0aa06d527c236172043e747fc	1	3	0143a26b3d94654d2acc59aa9a26dab0df7b40c90a8a4b83154267ad863d0100
1790872436	120	04f700a417754b775d95421973bdbdadb2d23c8a5af46f1829b1431f5c136e549e8a0d61aa0c793f1a614f8e437711c7758473c6ceb0859ac7e9e07911ca66b5c4	1	3	52dd32043b960658a58cc0ed98682e139e4084d57b02c921ad444fd9c2c893cc
1790872436	120	04d8b6c325ae12e89823866b2a292a62d7acee520954761890a1621fef79dca1c8e8df79dd8519480e5c015ae6cf3ba7de8669e260561616a36eb9c308b5983ab0	1	3	7f149d3ef3cd082c0e4e2d31e898e56916810b0647497eae2df45d8d5c34d0d9
1790872437	120	04dbe32c2062240a4ba0bcad01d7edd98c78b51c77765d5e1e5e9fa3743d2f12a1f82f42cd7dc4f41445979117d790f23e9b3d08d0aa06d527c236172043e747fc	1	3	1882646052ad9d4b6201fdbbe202fa26e8751a43b8b47da4f17e29ebeccd9f75
1790872437	121	04dbe32c2062240a4ba0bcad01d7edd98c78b51c77765d5e1e5e9fa3743d2f12a1f82f42cd7dc4f41445979117d790f23e9b3d08d0aa06d527c236172043e747fc	1	3	a9f180243e92a3241f4c10283a5f67edf540a3592f4ebd2f94c100e4662024e7
1790872437	121	04f700a417754b775d95421973bdbdadb2d23c8a5af46f1829b1431f5c136e549e8a0d61aa0c793f1a614f8e437711c7758473c6ceb0859ac7e9e07911ca66b5c4	1	3	a6d9b25738da5b9019ea647b7b6051a49092cf9b8dfbd9ce36149de5b12d3d07
1790872437	121	04d8b6c325ae12e89823866b2a292a62d7acee520954761890a1621fef79dca1c8e8df79dd8519480e5c015ae6cf3ba7de8669e260561616a36eb9c308b5983ab0	1	3	de86020272583bc930aeb22887bb30b68ba5849ddf69e4732f6bdcdc75c79ed1
1790872438	122	04dbe32c2062240a4ba0bcad01d7edd98c78b51c77765d5e1e5e9fa3743d2f12a1f82f42cd7dc4f41445979117d790f23e9b3d08d0aa06d527c236172043e747fc	1	3	9c507125f087ad545e2bb3c97f25056f92802b2d34d0913b5378123f53e169e0
1790872438	122	04d8b6c325ae12e89823866b2a292a62d7acee520954761890a1621fef79dca1c8e8df79dd8519480e5c015ae6cf3ba7de8669e260561616a36eb9c308b5983ab0	1	3	8e641d82d0539205d3c036cc687d6c14ec3d1e49e7eef5367cfe6239ea2f44d5
1790872438	122	04f700a417754b775d95421973bdbdadb2d23c8a5af46f1829b1431f5c136e549e8a0d61aa0c793f1a614f8e437711c7758473c6ceb0859ac7e9e07911ca66b5c4	1	3	65f0be7dd4655b477dd11db9b423d0ed3cee36da437f749e7ad87edfe746cd2a
1790872438	123	04f700a417754b775d95421973bdbdadb2d23c8a5af46f1829b1431f5c136e549e8a0d61aa0c793f1a614f8e437711c7758473c6ceb0859ac7e9e07911ca66b5c4	1	3	c6ca37e83ca39323d96fc017555f58f8f59b352cd2b9cf540a6e08c3a2857687
1790872438	123	04dbe32c2062240a4ba0bcad01d7edd98c78b51c77765d5e1e5e9fa3743d2f12a1f82f42cd7dc4f41445979117d790f23e9b3d08d0aa06d527c236172043e747fc	1	3	3f939d04e3a2f92b3d800cf5eddd7319dc10cd59697b050d867c940682d2041c
1790872438	123	04d8b6c325ae12e89823866b2a292a62d7acee520954761890a1621fef79dca1c8e8df79dd8519480e5c015ae6cf3ba7de8669e260561616a36eb9c308b5983ab0	1	3	580c4afb957a23229282d7934cf23346d4804eeb76d231b29e9a58e431069939
1790872440	124	04f700a417754b775d95421973bdbdadb2d23c8a5af46f1829b1431f5c136e549e8a0d61aa0c793f1a614f8e437711c7758473c6ceb0859ac7e9e07911ca66b5c4	1	3	b52e035749dfdf9a4709b3f298ee4a52b45a8db2c0c3e8d62a377cde82d46e71
1790872440	124	04d8b6c325ae12e89823866b2a292a62d7acee520954761890a1621fef79dca1c8e8df79dd8519480e5c015ae6cf3ba7de8669e260561616a36eb9c308b5983ab0	1	3	b3aacd6870fc0b39fcc8addb07d352f114bbe6d649eaaedd47d99038008cc31f
1790872440	124	04dbe32c2062240a4ba0bcad01d7edd98c78b51c77765d5e1e5e9fa3743d2f12a1f82f42cd7dc4f41445979117d790f23e9b3d08d0aa06d527c236172043e747fc	1	3	6a8ad7f5d02ccafdcb511051c7dff0a49e46c1f59c182d427385d2498105e70a
1790872441	125	04d8b6c325ae12e89823866b2a292a62d7acee520954761890a1621fef79dca1c8e8df79dd8519480e5c015ae6cf3ba7de8669e260561616a36eb9c308b5983ab0	1	3	e69880d9280e7788e77f7f2b24bc49bd0604cc9320656fd637be617cee3517c7
1790872441	125	04dbe32c2062240a4ba0bcad01d7edd98c78b51c77765d5e1e5e9fa3743d2f12a1f82f42cd7dc4f41445979117d790f23e9b3d08d0aa06d527c236172043e747fc	1	3	cfee69f051c06f2e0b0cae9c8eb2454daf88063fced97f4a412cb962a1005c84
1790872441	125	04f700a417754b775d95421973bdbdadb2d23c8a5af46f1829b1431f5c136e549e8a0d61aa0c793f1a614f8e437711c7758473c6ceb0859ac7e9e07911ca66b5c4	1	3	a53b8d87b4e6d9e50e2d492b4f90a57d9b5c885e1b98ebf2b332e37e48c99789
1790872441	126	04f700a417754b775d95421973bdbdadb2d23c8a5af46f1829b1431f5c136e549e8a0d61aa0c793f1a614f8e437711c7758473c6ceb0859ac7e9e07911ca66b5c4	1	3	f8fb2d639f3787d849ec221ecda401a10e1fc94da6ab3cc3073809718644b780
1790872441	126	04d8b6c325ae12e89823866b2a292a62d7acee520954761890a1621fef79dca1c8e8df79dd8519480e5c015ae6cf3ba7de8669e260561616a36eb9c308b5983ab0	1	3	21c92b2a05687d70923b03b26f0609ab871c12fcb5bd9ccc6d422630b1745195
1790872441	126	04dbe32c2062240a4ba0bcad01d7edd98c78b51c77765d5e1e5e9fa3743d2f12a1f82f42cd7dc4f41445979117d790f23e9b3d08d0aa06d527c236172043e747fc	1	3	b1cab01b7b8b99ffb57d5b66faccd46199d5be201ee7939d180958a10c44bea7
1790872442	127	04d8b6c325ae12e89823866b2a292a62d7acee520954761890a1621fef79dca1c8e8df79dd8519480e5c015ae6cf3ba7de8669e260561616a36eb9c308b5983ab0	1	3	5fd7d21847cb1efa6c10db3b2ae4bc8c9bd6c6143aff368f1652cdf36f392148
1790872442	127	04dbe32c2062240a4ba0bcad01d7edd98c78b51c77765d5e1e5e9fa3743d2f12a1f82f42cd7dc4f41445979117d790f23e9b3d08d0aa06d527c236172043e747fc	1	3	4f6463bbfad763208056ab3718e9ceea2f5dd3fb2f719c27ffbc66abbed95421
1790872442	127	04f700a417754b775d95421973bdbdadb2d23c8a5af46f1829b1431f5c136e549e8a0d61aa0c793f1a614f8e437711c7758473c6ceb0859ac7e9e07911ca66b5c4	1	3	33afb575398991dc7f415686c6925ef04afd558e05e0db69352346956925cfc3
1790872442	128	04d8b6c325ae12e89823866b2a292a62d7acee520954761890a1621fef79dca1c8e8df79dd8519480e5c015ae6cf3ba7de8669e260561616a36eb9c308b5983ab0	1	3	960e79d9502498d01b4d553bce6287536e809704a4a5667852b6a6ab8cef7b27
1790872443	128	04f700a417754b775d95421973bdbdadb2d23c8a5af46f1829b1431f5c136e549e8a0d61aa0c793f1a614f8e437711c7758473c6ceb0859ac7e9e07911ca66b5c4	1	3	25049b0eaee553d4df2faf744a06ba439301b6a5c70f4a894fc64aaa78128596
1790872443	128	04dbe32c2062240a4ba0bcad01d7edd98c78b51c77765d5e1e5e9fa3743d2f12a1f82f42cd7dc4f41445979117d790f23e9b3d08d0aa06d527c236172043e747fc	1	3	06c72fc00b6bc90383422cc0178b9748d1c9f989618e7e8666bced4ff37f4bdd
1790872443	129	04dbe32c2062240a4ba0bcad01d7edd98c78b51c77765d5e1e5e9fa3743d2f12a1f82f42cd7dc4f41445979117d790f23e9b3d08d0aa06d527c236172043e747fc	1	3	c150257f67b7dbcc5e38da6704d666f2edfb8d8ab3629c18e34976a559e7dbcd
1790872443	129	04f700a417754b775d95421973bdbdadb2d23c8a5af46f1829b1431f5c136e549e8a0d61aa0c793f1a614f8e437711c7758473c6ceb0859ac7e9e07911ca66b5c4	1	3	491b3de02a0dd41dabce4356a4ec92b863fb1c1914ca99b3e590af218292edc9
1790872443	129	04d8b6c325ae12e89823866b2a292a62d7acee520954761890a1621fef79dca1c8e8df79dd8519480e5c015ae6cf3ba7de8669e260561616a36eb9c308b5983ab0	1	3	feb97cb73774ad5c478eb1ae221f5b45118ad3a2fa970e5547b464667012b92a
1790872445	130	04dbe32c2062240a4ba0bcad01d7edd98c78b51c77765d5e1e5e9fa3743d2f12a1f82f42cd7dc4f41445979117d790f23e9b3d08d0aa06d527c236172043e747fc	1	3	ea41c01d2c0d50300a7d428b4d750153c15c47f22a6ae1fe4713d9ceb5046b3c
1790872445	130	04d8b6c325ae12e89823866b2a292a62d7acee520954761890a1621fef79dca1c8e8df79dd8519480e5c015ae6cf3ba7de8669e260561616a36eb9c308b5983ab0	1	3	25e8e1a04c8f9cf01f2ce0622b9253ae4de7f8b8e1c1c6f8dc92c49504cde140
1790872445	130	04f700a417754b775d95421973bdbdadb2d23c8a5af46f1829b1431f5c136e549e8a0d61aa0c793f1a614f8e437711c7758473c6ceb0859ac7e9e07911ca66b5c4	1	3	19445423acb7c87bedd95d9c59c4f974254cb5890e101263c33e91a93267c0da
1790872445	131	04f700a417754b775d95421973bdbdadb2d23c8a5af46f1829b1431f5c136e549e8a0d61aa0c793f1a614f8e437711c7758473c6ceb0859ac7e9e07911ca66b5c4	1	3	c8ec70d1bdf3fd62bbeb5b78be6651e1fb91775ea67000f36716d9218261efe8
1790872445	131	04dbe32c2062240a4ba0bcad01d7edd98c78b51c77765d5e1e5e9fa3743d2f12a1f82f42cd7dc4f41445979117d790f23e9b3d08d0aa06d527c236172043e747fc	1	3	116957c992b9b98243279daec1e372dc5e0b40fbf0b5c5be8e71cce2d7ae493d
1790872446	131	04d8b6c325ae12e89823866b2a292a62d7acee520954761890a1621fef79dca1c8e8df79dd8519480e5c015ae6cf3ba7de8669e260561616a36eb9c308b5983ab0	1	3	f7f3414638c42c715e06df22a804d7bc86c3357d2dee0bf1825cc02e31293a86
1790872446	132	04d8b6c325ae12e89823866b2a292a62d7acee520954761890a1621fef79dca1c8e8df79dd8519480e5c015ae6cf3ba7de8669e260561616a36eb9c308b5983ab0	1	3	6858822723ba6b64a30b45b7676aba8e367ff86c0f4e9a29f1e49ed3df60e2e8
1790872446	132	04f700a417754b775d95421973bdbdadb2d23c8a5af46f1829b1431f5c136e549e8a0d61aa0c793f1a614f8e437711c7758473c6ceb0859ac7e9e07911ca66b5c4	1	3	5e5f1779e2e6a293c41f01959678bd6b1dda953ee58a9a800505fb3d0d6d289f
1790872446	132	04dbe32c2062240a4ba0bcad01d7edd98c78b51c77765d5e1e5e9fa3743d2f12a1f82f42cd7dc4f41445979117d790f23e9b3d08d0aa06d527c236172043e747fc	1	3	e0c64ed23ec2b7509efefa8954a363e92b491cf471c48dbdc1f59f0f35f57b52
1790872447	133	04dbe32c2062240a4ba0bcad01d7edd98c78b51c77765d5e1e5e9fa3743d2f12a1f82f42cd7dc4f41445979117d790f23e9b3d08d0aa06d527c236172043e747fc	1	3	30fbeb94346b2439cbd2b7dd51f8b6689bf5fa2ad44a1dcea4bd18a628ab591d
1790872447	133	04f700a417754b775d95421973bdbdadb2d23c8a5af46f1829b1431f5c136e549e8a0d61aa0c793f1a614f8e437711c7758473c6ceb0859ac7e9e07911ca66b5c4	1	3	1acda8ab0b43eda2ccda9d76177067cabf3f55f1d961f4e09fcc9b3750b38a16
1790872447	133	04d8b6c325ae12e89823866b2a292a62d7acee520954761890a1621fef79dca1c8e8df79dd8519480e5c015ae6cf3ba7de8669e260561616a36eb9c308b5983ab0	1	3	04eb2349f3a9443d736c92e280923b5bb68472a95fbc42a2e39e950d9623e794
1790872447	134	04f700a417754b775d95421973bdbdadb2d23c8a5af46f1829b1431f5c136e549e8a0d61aa0c793f1a614f8e437711c7758473c6ceb0859ac7e9e07911ca66b5c4	1	3	b5d4ccdd287ae7f5c557edc2d9f0347cf3a686b87c25447725a4f84a7ab0fde9
1790872447	134	04d8b6c325ae12e89823866b2a292a62d7acee520954761890a1621fef79dca1c8e8df79dd8519480e5c015ae6cf3ba7de8669e260561616a36eb9c308b5983ab0	1	3	059b6d5b8a56caccc21564686ea3745751cc2f3745a602fc65fc768b3387dd4f
1790872448	134	04dbe32c2062240a4ba0bcad01d7edd98c78b51c77765d5e1e5e9fa3743d2f12a1f82f42cd7dc4f41445979117d790f23e9b3d08d0aa06d527c236172043e747fc	1	3	cc47c1a6161981599f77a68d16344a3e03970122e6c2eab14a26f22f06d4552a
1790872448	135	04dbe32c2062240a4ba0bcad01d7edd98c78b51c77765d5e1e5e9fa3743d2f12a1f82f42cd7dc4f41445979117d790f23e9b3d08d0aa06d527c236172043e747fc	1	3	77d345182dc78329dc9529d0c1e80526224909a3f3a89ca0b9a4469e063b6d3c
1790872448	135	04f700a417754b775d95421973bdbdadb2d23c8a5af46f1829b1431f5c136e549e8a0d61aa0c793f1a614f8e437711c7758473c6ceb0859ac7e9e07911ca66b5c4	1	3	4e218745f5afbced1aa4de9922e6b222fe8f2c110d9a3e0963632ea885e745c3
1790872448	135	04d8b6c325ae12e89823866b2a292a62d7acee520954761890a1621fef79dca1c8e8df79dd8519480e5c015ae6cf3ba7de8669e260561616a36eb9c308b5983ab0	1	3	33d592480d04b57f520f2b39158ce39f79bad744b336bb42e975d7faedcfa4d8
1790872450	136	04f700a417754b775d95421973bdbdadb2d23c8a5af46f1829b1431f5c136e549e8a0d61aa0c793f1a614f8e437711c7758473c6ceb0859ac7e9e07911ca66b5c4	1	3	d4c9a1e2b7398b25f497fa909ace649bf811acfe840de16be32c5adf73bd04ff
1790872450	136	04d8b6c325ae12e89823866b2a292a62d7acee520954761890a1621fef79dca1c8e8df79dd8519480e5c015ae6cf3ba7de8669e260561616a36eb9c308b5983ab0	1	3	3904c910353e88a66bf12197c78a3801303ff6f6587bb42c5a45b8f079841ca7
1790872450	136	04dbe32c2062240a4ba0bcad01d7edd98c78b51c77765d5e1e5e9fa3743d2f12a1f82f42cd7dc4f41445979117d790f23e9b3d08d0aa06d527c236172043e747fc	1	3	0fdc1b0d80694a3c7fa23e40455d6f6f867ad5266d5093e529a45b6416f86858
1790872450	137	04f700a417754b775d95421973bdbdadb2d23c8a5af46f1829b1431f5c136e549e8a0d61aa0c793f1a614f8e437711c7758473c6ceb0859ac7e9e07911ca66b5c4	1	3	c4ce9ee96b76f6f15c9299d634427652b8490138d0b4fe3f95afd15b17db5650
1790872450	137	04dbe32c2062240a4ba0bcad01d7edd98c78b51c77765d5e1e5e9fa3743d2f12a1f82f42cd7dc4f41445979117d790f23e9b3d08d0aa06d527c236172043e747fc	1	3	6fb48068c99723e282b8d45f7bfa74447695fddb78eb712e2e20ec92425fe5c3
1790872450	137	04d8b6c325ae12e89823866b2a292a62d7acee520954761890a1621fef79dca1c8e8df79dd8519480e5c015ae6cf3ba7de8669e260561616a36eb9c308b5983ab0	1	3	7dcf46c2a113f154748de8503144ac478bc972b833f4bef925695d42becdf16a
1790872451	138	04d8b6c325ae12e89823866b2a292a62d7acee520954761890a1621fef79dca1c8e8df79dd8519480e5c015ae6cf3ba7de8669e260561616a36eb9c308b5983ab0	1	3	a56363ed403d57268a3cb4bc61d400d73c3fd22ffc20091c52890a664bc740de
1790872451	138	04dbe32c2062240a4ba0bcad01d7edd98c78b51c77765d5e1e5e9fa3743d2f12a1f82f42cd7dc4f41445979117d790f23e9b3d08d0aa06d527c236172043e747fc	1	3	46823d7a63561925981cc4dcc15feab8faa8fb76f95c4d2453bbba71b8c9d088
1790872451	138	04f700a417754b775d95421973bdbdadb2d23c8a5af46f1829b1431f5c136e549e8a0d61aa0c793f1a614f8e437711c7758473c6ceb0859ac7e9e07911ca66b5c4	1	3	273dd82c1313b97f4e4c038ae151b44b87fae21765a60848a23f70c76bc1b411
1790872452	139	04f700a417754b775d95421973bdbdadb2d23c8a5af46f1829b1431f5c136e549e8a0d61aa0c793f1a614f8e437711c7758473c6ceb0859ac7e9e07911ca66b5c4	1	3	c0ed854d31807200230e080c8b5c693a10f18c36d9451c08b68c37eddcec8233
1790872452	139	04dbe32c2062240a4ba0bcad01d7edd98c78b51c77765d5e1e5e9fa3743d2f12a1f82f42cd7dc4f41445979117d790f23e9b3d08d0aa06d527c236172043e747fc	1	3	a584e3f8f5f2a8b1de553cd2d0a42054e2e0b8c2edbad80e1ab320d27f15374e
1790872452	139	04d8b6c325ae12e89823866b2a292a62d7acee520954761890a1621fef79dca1c8e8df79dd8519480e5c015ae6cf3ba7de8669e260561616a36eb9c308b5983ab0	1	3	26da0a57514e4872021d923167f9c009f8d4c9fa15ba1dce7ad380c381375cc6
1790872452	140	04f700a417754b775d95421973bdbdadb2d23c8a5af46f1829b1431f5c136e549e8a0d61aa0c793f1a614f8e437711c7758473c6ceb0859ac7e9e07911ca66b5c4	1	3	e9880dd8e2abda6a24f63e978188cb8505c1aef21d30167a56f35c1efd8892a7
1790872452	140	04dbe32c2062240a4ba0bcad01d7edd98c78b51c77765d5e1e5e9fa3743d2f12a1f82f42cd7dc4f41445979117d790f23e9b3d08d0aa06d527c236172043e747fc	1	3	44f970ed8f97f69a2a5fb661c5c3fe654552370897033f13e06b64940d171d82
1790872452	140	04d8b6c325ae12e89823866b2a292a62d7acee520954761890a1621fef79dca1c8e8df79dd8519480e5c015ae6cf3ba7de8669e260561616a36eb9c308b5983ab0	1	3	7b1c34ba707ee9491ab620ec353b0fa867b8fa0577d4eb4a4a0569cb51a338b3
1790872453	141	04dbe32c2062240a4ba0bcad01d7edd98c78b51c77765d5e1e5e9fa3743d2f12a1f82f42cd7dc4f41445979117d790f23e9b3d08d0aa06d527c236172043e747fc	1	3	e86912802e0cfd6abc5b10d8c13b59e809964e756719fd62e3bcb9a4a48fe8f5
1790872453	141	04f700a417754b775d95421973bdbdadb2d23c8a5af46f1829b1431f5c136e549e8a0d61aa0c793f1a614f8e437711c7758473c6ceb0859ac7e9e07911ca66b5c4	1	3	e2930024f3a381c66ec9d9e8a93932d49b92b40c1d28825d95371b047281fa4e
1790872453	141	04d8b6c325ae12e89823866b2a292a62d7acee520954761890a1621fef79dca1c8e8df79dd8519480e5c015ae6cf3ba7de8669e260561616a36eb9c308b5983ab0	1	3	ee28fe6f156791a4cf73fd26a66c8832b0fd6e903ac38a722b4aaf3d567d7122
1790872455	142	04dbe32c2062240a4ba0bcad01d7edd98c78b51c77765d5e1e5e9fa3743d2f12a1f82f42cd7dc4f41445979117d790f23e9b3d08d0aa06d527c236172043e747fc	1	3	b9aad2b597a7c6667a6cb0f7410480f7946fc874962f2467955ddda12f002368
1790872455	142	04d8b6c325ae12e89823866b2a292a62d7acee520954761890a1621fef79dca1c8e8df79dd8519480e5c015ae6cf3ba7de8669e260561616a36eb9c308b5983ab0	1	3	3e859399a31d49bb89037b96ae3b8ea7294df62d1f4550a16b5494c835d8ea87
1790872455	142	04f700a417754b775d95421973bdbdadb2d23c8a5af46f1829b1431f5c136e549e8a0d61aa0c793f1a614f8e437711c7758473c6ceb0859ac7e9e07911ca66b5c4	1	3	22a50fcef5727b33d9305caba9a830db96fadbd10c1eec1fd13cc2bf2edf535f
1790872456	143	04d8b6c325ae12e89823866b2a292a62d7acee520954761890a1621fef79dca1c8e8df79dd8519480e5c015ae6cf3ba7de8669e260561616a36eb9c308b5983ab0	1	3	c795dd420f572bf0759917f2d5280556e28b457a2442d00e888d8d389dcaa9ba
1790872456	143	04f700a417754b775d95421973bdbdadb2d23c8a5af46f1829b1431f5c136e549e8a0d61aa0c793f1a614f8e437711c7758473c6ceb0859ac7e9e07911ca66b5c4	1	3	8dec52d7a8c458bbec17c423b4e0cae1e34e2e184af88086b0eef246c18e396b
1790872456	143	04dbe32c2062240a4ba0bcad01d7edd98c78b51c77765d5e1e5e9fa3743d2f12a1f82f42cd7dc4f41445979117d790f23e9b3d08d0aa06d527c236172043e747fc	1	3	2dd8c590c860a67bbdddb2a8e8640fa107eb618fa5e021da7a0aa7162d46b397
1790872457	144	04dbe32c2062240a4ba0bcad01d7edd98c78b51c77765d5e1e5e9fa3743d2f12a1f82f42cd7dc4f41445979117d790f23e9b3d08d0aa06d527c236172043e747fc	1	3	cb1172cd6d48af511acebf10a3ea17923d4e2acbb18040f221182d280ff0cd01
1790872457	144	04d8b6c325ae12e89823866b2a292a62d7acee520954761890a1621fef79dca1c8e8df79dd8519480e5c015ae6cf3ba7de8669e260561616a36eb9c308b5983ab0	1	3	a07ee79d80b1632b33e733fff2d686be6af6ecfca27c53b14a84804455969542
1790872457	144	04f700a417754b775d95421973bdbdadb2d23c8a5af46f1829b1431f5c136e549e8a0d61aa0c793f1a614f8e437711c7758473c6ceb0859ac7e9e07911ca66b5c4	1	3	3137a7aa30d3ac6e030ebf5dae5eea4d0f5bd530b1c8f397fee33af58f8efa89
1790872457	145	04f700a417754b775d95421973bdbdadb2d23c8a5af46f1829b1431f5c136e549e8a0d61aa0c793f1a614f8e437711c7758473c6ceb0859ac7e9e07911ca66b5c4	1	3	17578c4cb11da1ed5141d35718f11393855d2d10e677c8cb5cf7494b46714641
1790872458	145	04d8b6c325ae12e89823866b2a292a62d7acee520954761890a1621fef79dca1c8e8df79dd8519480e5c015ae6cf3ba7de8669e260561616a36eb9c308b5983ab0	1	3	a053a3038cb11cce92603cabab73f7b9b2310d5f44b16d4f0460fd4a5b747927
1790872458	145	04dbe32c2062240a4ba0bcad01d7edd98c78b51c77765d5e1e5e9fa3743d2f12a1f82f42cd7dc4f41445979117d790f23e9b3d08d0aa06d527c236172043e747fc	1	3	39000f1a5ac299d856c2c3dc6627ef2d042afa3702fa86e02689a670416f3019
1790872458	146	04f700a417754b775d95421973bdbdadb2d23c8a5af46f1829b1431f5c136e549e8a0d61aa0c793f1a614f8e437711c7758473c6ceb0859ac7e9e07911ca66b5c4	1	3	080f0fb6b9c20def34dc21f1d0bb5b62c15360e1d641c9cba2c2d54a4b26899b
1790872458	146	04dbe32c2062240a4ba0bcad01d7edd98c78b51c77765d5e1e5e9fa3743d2f12a1f82f42cd7dc4f41445979117d790f23e9b3d08d0aa06d527c236172043e747fc	1	3	c1d85cca34daa082a022db91cea701004688e9601418ae0f12ee487dbb7a033d
1790872458	146	04d8b6c325ae12e89823866b2a292a62d7acee520954761890a1621fef79dca1c8e8df79dd8519480e5c015ae6cf3ba7de8669e260561616a36eb9c308b5983ab0	1	3	e3a16b7f0007a6da3377e680c0ed17dd758ad9d00d2187a816bc77fb6064d095
1790872460	147	04d8b6c325ae12e89823866b2a292a62d7acee520954761890a1621fef79dca1c8e8df79dd8519480e5c015ae6cf3ba7de8669e260561616a36eb9c308b5983ab0	1	3	fed49527a17d7da3f76d98107f5900b18e2d15153896d427eff1a04f4bd4e838
1790872460	147	04dbe32c2062240a4ba0bcad01d7edd98c78b51c77765d5e1e5e9fa3743d2f12a1f82f42cd7dc4f41445979117d790f23e9b3d08d0aa06d527c236172043e747fc	1	3	5a9e5c471dad9d2ae59b8581916361911e1590af7f648c3297077bef766933c0
1790872460	147	04f700a417754b775d95421973bdbdadb2d23c8a5af46f1829b1431f5c136e549e8a0d61aa0c793f1a614f8e437711c7758473c6ceb0859ac7e9e07911ca66b5c4	1	3	3977499410df835825b0f9a65a6e9b33c2eff8e3970dbcd0be9e0c8a1fe51e4f
1790872461	148	04d8b6c325ae12e89823866b2a292a62d7acee520954761890a1621fef79dca1c8e8df79dd8519480e5c015ae6cf3ba7de8669e260561616a36eb9c308b5983ab0	1	3	f99d47f24404aa32238d812cda83980c6652d8e8dbc0ef2a4a28006b92cfd1ba
1790872461	148	04f700a417754b775d95421973bdbdadb2d23c8a5af46f1829b1431f5c136e549e8a0d61aa0c793f1a614f8e437711c7758473c6ceb0859ac7e9e07911ca66b5c4	1	3	a2585781656a8bdcdb56471377b1a9951fdb14f830e8668e2ea7ad8d4fe31a5e
1790872461	148	04dbe32c2062240a4ba0bcad01d7edd98c78b51c77765d5e1e5e9fa3743d2f12a1f82f42cd7dc4f41445979117d790f23e9b3d08d0aa06d527c236172043e747fc	1	3	82d6c899eefd52dbd79f497696a1150f106aff6285ba7bb19f4b3241f2e3e970
1790872461	149	04f700a417754b775d95421973bdbdadb2d23c8a5af46f1829b1431f5c136e549e8a0d61aa0c793f1a614f8e437711c7758473c6ceb0859ac7e9e07911ca66b5c4	1	3	5ceba68fd96c36993f4837192477e970561f6ec94331b1208558ebb74c557839
1790872461	149	04dbe32c2062240a4ba0bcad01d7edd98c78b51c77765d5e1e5e9fa3743d2f12a1f82f42cd7dc4f41445979117d790f23e9b3d08d0aa06d527c236172043e747fc	1	3	bb818d976c922a97f9a00fede77d394f86b2ce334c278d5e1dcf43e576617aa2
1790872462	149	04d8b6c325ae12e89823866b2a292a62d7acee520954761890a1621fef79dca1c8e8df79dd8519480e5c015ae6cf3ba7de8669e260561616a36eb9c308b5983ab0	1	3	80de276a321e2550e247577ef35a08a9ba58731288bc401f46cebcc3d2210867
1790872462	150	04f700a417754b775d95421973bdbdadb2d23c8a5af46f1829b1431f5c136e549e8a0d61aa0c793f1a614f8e437711c7758473c6ceb0859ac7e9e07911ca66b5c4	1	3	1ad36a9721ed22581c1106f07335b63b244adbd4dc1725a09b8ef43df3f6f853
1790872462	150	04dbe32c2062240a4ba0bcad01d7edd98c78b51c77765d5e1e5e9fa3743d2f12a1f82f42cd7dc4f41445979117d790f23e9b3d08d0aa06d527c236172043e747fc	1	3	5e0dd15b2af2c98e425ec063620cc6bd2e11128d6785b46a06b800f4ef6d5183
1790872462	150	04d8b6c325ae12e89823866b2a292a62d7acee520954761890a1621fef79dca1c8e8df79dd8519480e5c015ae6cf3ba7de8669e260561616a36eb9c308b5983ab0	1	3	08ca39f0e2d02f1023cc95c38b9228e114317bb7e9c820105566f2dfafa69ae3
1790872463	151	04f700a417754b775d95421973bdbdadb2d23c8a5af46f1829b1431f5c136e549e8a0d61aa0c793f1a614f8e437711c7758473c6ceb0859ac7e9e07911ca66b5c4	1	3	9c1054739e84f66be6f7eba3366f43825d1bab0cc4e2c06a67e428f058681f4d
1790872463	151	04d8b6c325ae12e89823866b2a292a62d7acee520954761890a1621fef79dca1c8e8df79dd8519480e5c015ae6cf3ba7de8669e260561616a36eb9c308b5983ab0	1	3	98900fb0b3ce29ef64b0e6ff930fbc538e7da9836244107dfee3c165c50ca9ea
1790872463	151	04dbe32c2062240a4ba0bcad01d7edd98c78b51c77765d5e1e5e9fa3743d2f12a1f82f42cd7dc4f41445979117d790f23e9b3d08d0aa06d527c236172043e747fc	1	3	108b34380b9ccf577d707ff4a23187e315f3743b626779ef7f155d4f33151ff0
1790872465	152	04f700a417754b775d95421973bdbdadb2d23c8a5af46f1829b1431f5c136e549e8a0d61aa0c793f1a614f8e437711c7758473c6ceb0859ac7e9e07911ca66b5c4	1	3	7b7fb66dbe2d77adb75a1d2713ad5aee8d05c9e1d657510f06dd20787a6367fe
1790872465	152	04d8b6c325ae12e89823866b2a292a62d7acee520954761890a1621fef79dca1c8e8df79dd8519480e5c015ae6cf3ba7de8669e260561616a36eb9c308b5983ab0	1	3	423b6f51f956f31d90bb2d954d685c1ea73b6594cf675c5daad158936d11dced
1790872465	152	04dbe32c2062240a4ba0bcad01d7edd98c78b51c77765d5e1e5e9fa3743d2f12a1f82f42cd7dc4f41445979117d790f23e9b3d08d0aa06d527c236172043e747fc	1	3	08f943a459577782a047c4ea4bbb34525a9692c0577261e8f59b7f76cdbcead8
1790872466	153	04f700a417754b775d95421973bdbdadb2d23c8a5af46f1829b1431f5c136e549e8a0d61aa0c793f1a614f8e437711c7758473c6ceb0859ac7e9e07911ca66b5c4	1	3	5e0650a5063f7933e447847476f05ff19ed5c1c93cbd09ddb90fba4f12458321
1790872466	153	04dbe32c2062240a4ba0bcad01d7edd98c78b51c77765d5e1e5e9fa3743d2f12a1f82f42cd7dc4f41445979117d790f23e9b3d08d0aa06d527c236172043e747fc	1	3	1c71e57015c9ebd53fb310ab8b56bf78b0398be87219ccc0680a65ea296e46db
1790872466	153	04d8b6c325ae12e89823866b2a292a62d7acee520954761890a1621fef79dca1c8e8df79dd8519480e5c015ae6cf3ba7de8669e260561616a36eb9c308b5983ab0	1	3	938d2bc8ba3b394102bbb6fbfe7c285c0ff4052df2f7a18fdee22b51885af9c3
1790872467	154	04d8b6c325ae12e89823866b2a292a62d7acee520954761890a1621fef79dca1c8e8df79dd8519480e5c015ae6cf3ba7de8669e260561616a36eb9c308b5983ab0	1	3	a1930cb04d57f57add58842b3d58f2f6fc278b5422babbd893296d5c03d07f3b
1790872467	154	04f700a417754b775d95421973bdbdadb2d23c8a5af46f1829b1431f5c136e549e8a0d61aa0c793f1a614f8e437711c7758473c6ceb0859ac7e9e07911ca66b5c4	1	3	57292660063b31a3b0580c310e9fac878823a042ba5886e3119217e596401bb9
1790872467	154	04dbe32c2062240a4ba0bcad01d7edd98c78b51c77765d5e1e5e9fa3743d2f12a1f82f42cd7dc4f41445979117d790f23e9b3d08d0aa06d527c236172043e747fc	1	3	26eef12587b2372fc12d87597d3bcf1c4f4cb2096dc4c5bf9224e267e9876b8d
1790872468	155	04f700a417754b775d95421973bdbdadb2d23c8a5af46f1829b1431f5c136e549e8a0d61aa0c793f1a614f8e437711c7758473c6ceb0859ac7e9e07911ca66b5c4	1	3	7a514ddfcc0120e91a7306d7f7ab523560dd6f978d27d39c6eb70d18a5349632
1790872468	155	04dbe32c2062240a4ba0bcad01d7edd98c78b51c77765d5e1e5e9fa3743d2f12a1f82f42cd7dc4f41445979117d790f23e9b3d08d0aa06d527c236172043e747fc	1	3	d06a38fcc1c358df8cc0e204924d2000d58acdddc70005bc55bf32392e74b4dd
1790872468	155	04d8b6c325ae12e89823866b2a292a62d7acee520954761890a1621fef79dca1c8e8df79dd8519480e5c015ae6cf3ba7de8669e260561616a36eb9c308b5983ab0	1	3	3f2a09b8fb702b55f9a4ecfd22682110955c7cad7b1a20b1468cf026ecad2626
1790872470	156	04d8b6c325ae12e89823866b2a292a62d7acee520954761890a1621fef79dca1c8e8df79dd8519480e5c015ae6cf3ba7de8669e260561616a36eb9c308b5983ab0	1	3	e9715d85cb9d9ef3343a433da6f3f035aefbd734b894c7b5a8f83f79d8ec85b3
1790872470	156	04dbe32c2062240a4ba0bcad01d7edd98c78b51c77765d5e1e5e9fa3743d2f12a1f82f42cd7dc4f41445979117d790f23e9b3d08d0aa06d527c236172043e747fc	1	3	e10ab96002c67576698ca7ea8ac55e537090f2f0b44005d4152eabd28e4b3f94
1790872470	156	04f700a417754b775d95421973bdbdadb2d23c8a5af46f1829b1431f5c136e549e8a0d61aa0c793f1a614f8e437711c7758473c6ceb0859ac7e9e07911ca66b5c4	1	3	d45ba616b3caa5a6ad01d8f49482368ce8417c0ede5f10a7f48dbcf46a047229
1790872470	157	04f700a417754b775d95421973bdbdadb2d23c8a5af46f1829b1431f5c136e549e8a0d61aa0c793f1a614f8e437711c7758473c6ceb0859ac7e9e07911ca66b5c4	1	3	1f19a6315198fada6de4b11e024fcb5cc9f4796251469bf83433d73b1be55754
1790872471	157	04dbe32c2062240a4ba0bcad01d7edd98c78b51c77765d5e1e5e9fa3743d2f12a1f82f42cd7dc4f41445979117d790f23e9b3d08d0aa06d527c236172043e747fc	1	3	92f1cfe9319bbf76f70912369cd34f080bfc04f706130db22329a2ea22e2b4d0
1790872471	157	04d8b6c325ae12e89823866b2a292a62d7acee520954761890a1621fef79dca1c8e8df79dd8519480e5c015ae6cf3ba7de8669e260561616a36eb9c308b5983ab0	1	3	264c635bb71ee09d64d605e45830816262688983d8deaf83096ce2f6bc83ad08
1790872471	158	04f700a417754b775d95421973bdbdadb2d23c8a5af46f1829b1431f5c136e549e8a0d61aa0c793f1a614f8e437711c7758473c6ceb0859ac7e9e07911ca66b5c4	1	3	e5682b8a258853a4f21b8e501bd223abfc585c7910b434f5f26ceab41d591008
1790872471	158	04d8b6c325ae12e89823866b2a292a62d7acee520954761890a1621fef79dca1c8e8df79dd8519480e5c015ae6cf3ba7de8669e260561616a36eb9c308b5983ab0	1	3	5657a2dec4d0fc110e592e14a07705db2d2b2c2c9e8e682bf446625d99260930
1790872471	158	04dbe32c2062240a4ba0bcad01d7edd98c78b51c77765d5e1e5e9fa3743d2f12a1f82f42cd7dc4f41445979117d790f23e9b3d08d0aa06d527c236172043e747fc	1	3	4e3f8889d9729a3a08c8eec6d981020eb717a999d9e6fb96b8df5a60a05bc6f8
1790872472	159	04dbe32c2062240a4ba0bcad01d7edd98c78b51c77765d5e1e5e9fa3743d2f12a1f82f42cd7dc4f41445979117d790f23e9b3d08d0aa06d527c236172043e747fc	1	3	d37f0dc6af7d2a395fd78208ca348246f79d56953f97ca6519caf2c1e3a1e13b
1790872472	159	04f700a417754b775d95421973bdbdadb2d23c8a5af46f1829b1431f5c136e549e8a0d61aa0c793f1a614f8e437711c7758473c6ceb0859ac7e9e07911ca66b5c4	1	3	8db91960e2a05e40fc700710b0e6ce9fe250f9980acf6470e2a2c176e9cf693a
1790872472	159	04d8b6c325ae12e89823866b2a292a62d7acee520954761890a1621fef79dca1c8e8df79dd8519480e5c015ae6cf3ba7de8669e260561616a36eb9c308b5983ab0	1	3	5a718155784df94ba0643d6c7165f7654726c17b4e320fad282eaa9d61c7e4d0
1790872472	160	04f700a417754b775d95421973bdbdadb2d23c8a5af46f1829b1431f5c136e549e8a0d61aa0c793f1a614f8e437711c7758473c6ceb0859ac7e9e07911ca66b5c4	1	3	bf04314673c3abe13bdd271e3c896ce2cf25f04264f5da291d00a0fe818a01ea
1790872472	160	04d8b6c325ae12e89823866b2a292a62d7acee520954761890a1621fef79dca1c8e8df79dd8519480e5c015ae6cf3ba7de8669e260561616a36eb9c308b5983ab0	1	3	08ded7ccfc03a0cfa03dbbe36c3b586a5fca5568a5feeb62d31e8ae2982d8739
1790872473	160	04dbe32c2062240a4ba0bcad01d7edd98c78b51c77765d5e1e5e9fa3743d2f12a1f82f42cd7dc4f41445979117d790f23e9b3d08d0aa06d527c236172043e747fc	1	3	f2c6e04c77e34061833b03904c85cc7347e9e8c6742c5ff7cf94eb76470c7115
1790872473	161	04f700a417754b775d95421973bdbdadb2d23c8a5af46f1829b1431f5c136e549e8a0d61aa0c793f1a614f8e437711c7758473c6ceb0859ac7e9e07911ca66b5c4	1	3	3938ec8a9424bf6385ee8ceecca38abec8f1245178d6a90a88ecd0818f01ba06
1790872473	161	04dbe32c2062240a4ba0bcad01d7edd98c78b51c77765d5e1e5e9fa3743d2f12a1f82f42cd7dc4f41445979117d790f23e9b3d08d0aa06d527c236172043e747fc	1	3	23957489b6452ac126009762370d9adb7a8755a04a8284c937aeb56df48bf59b
1790872473	161	04d8b6c325ae12e89823866b2a292a62d7acee520954761890a1621fef79dca1c8e8df79dd8519480e5c015ae6cf3ba7de8669e260561616a36eb9c308b5983ab0	1	3	46ec20b7e080143e60f7182fcaa537a6827fb3fcec253f20b63bf6d78daafd65
1790872475	162	04dbe32c2062240a4ba0bcad01d7edd98c78b51c77765d5e1e5e9fa3743d2f12a1f82f42cd7dc4f41445979117d790f23e9b3d08d0aa06d527c236172043e747fc	1	3	bc370077050f9e0049f4a0ddd0c399c98906a136474cea86e72186215424403d
1790872475	162	04f700a417754b775d95421973bdbdadb2d23c8a5af46f1829b1431f5c136e549e8a0d61aa0c793f1a614f8e437711c7758473c6ceb0859ac7e9e07911ca66b5c4	1	3	b60b09098789029f77ae18d6710b7f65f8a53d8c7f3aab93e4f4595c2448d5bf
1790872475	162	04d8b6c325ae12e89823866b2a292a62d7acee520954761890a1621fef79dca1c8e8df79dd8519480e5c015ae6cf3ba7de8669e260561616a36eb9c308b5983ab0	1	3	0ef6484b31c3ec98d0ec991e19ae29d79a751fd9b74c3bb9c34a9b46c65334dd
1790872475	163	04f700a417754b775d95421973bdbdadb2d23c8a5af46f1829b1431f5c136e549e8a0d61aa0c793f1a614f8e437711c7758473c6ceb0859ac7e9e07911ca66b5c4	1	3	57507830efcb81837850758691750c3d012723e854ed381cefb518afbb1b2a27
1790872475	163	04dbe32c2062240a4ba0bcad01d7edd98c78b51c77765d5e1e5e9fa3743d2f12a1f82f42cd7dc4f41445979117d790f23e9b3d08d0aa06d527c236172043e747fc	1	3	af6d92701970e9a0fb6ddd91e6f617a97ca2402bfef9d7d5acef22fb318da454
1790872475	163	04d8b6c325ae12e89823866b2a292a62d7acee520954761890a1621fef79dca1c8e8df79dd8519480e5c015ae6cf3ba7de8669e260561616a36eb9c308b5983ab0	1	3	984cb0bb83b3fb2dfe4bfbbcd0430fc3067ad060e5abcc4fe360b906a7cfe53d
1790872476	164	04dbe32c2062240a4ba0bcad01d7edd98c78b51c77765d5e1e5e9fa3743d2f12a1f82f42cd7dc4f41445979117d790f23e9b3d08d0aa06d527c236172043e747fc	1	3	97ceec69c3f037ce6b8dc0ef69465e2f56951b99877732f727315d142d7e752f
1790872476	164	04f700a417754b775d95421973bdbdadb2d23c8a5af46f1829b1431f5c136e549e8a0d61aa0c793f1a614f8e437711c7758473c6ceb0859ac7e9e07911ca66b5c4	1	3	3acfbe99e58861e2ed84faada89ccb63139e8f84a235d0a6731186a5a8149e74
1790872476	164	04d8b6c325ae12e89823866b2a292a62d7acee520954761890a1621fef79dca1c8e8df79dd8519480e5c015ae6cf3ba7de8669e260561616a36eb9c308b5983ab0	1	3	14170ab0489eac33829ce0a77cb83ecbf2e8efb18d2e64053f5d3246e0c07f66
1790872477	165	04f700a417754b775d95421973bdbdadb2d23c8a5af46f1829b1431f5c136e549e8a0d61aa0c793f1a614f8e437711c7758473c6ceb0859ac7e9e07911ca66b5c4	1	3	e2fb87ef32082e4b138fbc2802ccfb123161de28094648b676fb3b556c244c0c
1790872477	165	04dbe32c2062240a4ba0bcad01d7edd98c78b51c77765d5e1e5e9fa3743d2f12a1f82f42cd7dc4f41445979117d790f23e9b3d08d0aa06d527c236172043e747fc	1	3	5108f0df4a6edd6160012b5990b503d76c21ce254134ab81f10513d8118ab062
1790872477	165	04d8b6c325ae12e89823866b2a292a62d7acee520954761890a1621fef79dca1c8e8df79dd8519480e5c015ae6cf3ba7de8669e260561616a36eb9c308b5983ab0	1	3	093fa70a1ebe81afc51267a48860d7e7b7c4d3403211ec84dbbe81bf23372299
1790872477	166	04f700a417754b775d95421973bdbdadb2d23c8a5af46f1829b1431f5c136e549e8a0d61aa0c793f1a614f8e437711c7758473c6ceb0859ac7e9e07911ca66b5c4	1	3	809af29c5b29b599d34f6e0e15564856f40285ef2d3f3307b02aca63a903bb64
1790872477	166	04dbe32c2062240a4ba0bcad01d7edd98c78b51c77765d5e1e5e9fa3743d2f12a1f82f42cd7dc4f41445979117d790f23e9b3d08d0aa06d527c236172043e747fc	1	3	8ac8c884b1017946ae78ca354ac4dcd7d139e33ff78f429823ee9db8ea89de02
1790872477	166	04d8b6c325ae12e89823866b2a292a62d7acee520954761890a1621fef79dca1c8e8df79dd8519480e5c015ae6cf3ba7de8669e260561616a36eb9c308b5983ab0	1	3	cd14858855dd8fc0ebcb9118c80de434a09a010ceedc125b5c66df75c8ca51b7
1790872478	167	04d8b6c325ae12e89823866b2a292a62d7acee520954761890a1621fef79dca1c8e8df79dd8519480e5c015ae6cf3ba7de8669e260561616a36eb9c308b5983ab0	1	3	eb838ae963992ffe1182a72c3a938e3972b8bf74e42a156e33e9d28d1598c586
1790872478	167	04dbe32c2062240a4ba0bcad01d7edd98c78b51c77765d5e1e5e9fa3743d2f12a1f82f42cd7dc4f41445979117d790f23e9b3d08d0aa06d527c236172043e747fc	1	3	a3bf005dd44f26147d0de427167ca1469a03f7c873e25a7c5b4b02c38490487e
1790872478	167	04f700a417754b775d95421973bdbdadb2d23c8a5af46f1829b1431f5c136e549e8a0d61aa0c793f1a614f8e437711c7758473c6ceb0859ac7e9e07911ca66b5c4	1	3	0f0659f4617aeed5a088aec22bf18883d001695e4cadddfd57a688c1fc2ce1e9
1790872480	168	04d8b6c325ae12e89823866b2a292a62d7acee520954761890a1621fef79dca1c8e8df79dd8519480e5c015ae6cf3ba7de8669e260561616a36eb9c308b5983ab0	1	3	7924cdedd46aa10faec91458b8ca78105b7d9fea4fbd908fff038073f78027b9
1790872480	168	04f700a417754b775d95421973bdbdadb2d23c8a5af46f1829b1431f5c136e549e8a0d61aa0c793f1a614f8e437711c7758473c6ceb0859ac7e9e07911ca66b5c4	1	3	56978ecebce15f9b1882e5b8f383ec56540b17cbc9c0e7f9249c9a0b6230c83b
1790872480	168	04dbe32c2062240a4ba0bcad01d7edd98c78b51c77765d5e1e5e9fa3743d2f12a1f82f42cd7dc4f41445979117d790f23e9b3d08d0aa06d527c236172043e747fc	1	3	a0ba14f44f09b26765690fa0ac1adf109a4057a88e9b0e5f8ae4ca03af2c2513
1790872481	169	04f700a417754b775d95421973bdbdadb2d23c8a5af46f1829b1431f5c136e549e8a0d61aa0c793f1a614f8e437711c7758473c6ceb0859ac7e9e07911ca66b5c4	1	3	f1ac84ed1b83f12c93e5cd0fc0489131148ad36c1f412c0b6c4bc3d73a200070
1790872481	169	04d8b6c325ae12e89823866b2a292a62d7acee520954761890a1621fef79dca1c8e8df79dd8519480e5c015ae6cf3ba7de8669e260561616a36eb9c308b5983ab0	1	3	6321e0bfbaefa9f2d8bf06b0cfd81349a61e41621697d99a9501cd2ec937ccb4
1790872481	169	04dbe32c2062240a4ba0bcad01d7edd98c78b51c77765d5e1e5e9fa3743d2f12a1f82f42cd7dc4f41445979117d790f23e9b3d08d0aa06d527c236172043e747fc	1	3	5a0d7b281a9d196dd14be410637108f50204393da3eb9c12e951649ae7bc4339
1790872482	170	04f700a417754b775d95421973bdbdadb2d23c8a5af46f1829b1431f5c136e549e8a0d61aa0c793f1a614f8e437711c7758473c6ceb0859ac7e9e07911ca66b5c4	1	3	dbb6c139bb71e8561c9d19ab6f65f34a15a2303ad9dddf18a23e6a03f81498f2
1790872482	170	04d8b6c325ae12e89823866b2a292a62d7acee520954761890a1621fef79dca1c8e8df79dd8519480e5c015ae6cf3ba7de8669e260561616a36eb9c308b5983ab0	1	3	0a1ce806edcb5223a30fa18b16f3dec7bb184791475fb6d560824ffa4fb333ad
1790872482	170	04dbe32c2062240a4ba0bcad01d7edd98c78b51c77765d5e1e5e9fa3743d2f12a1f82f42cd7dc4f41445979117d790f23e9b3d08d0aa06d527c236172043e747fc	1	3	ad86dbea5a20ca048281ea137c4af4c88e0d1491a4f458862a84443722d4f156
1790872483	171	04f700a417754b775d95421973bdbdadb2d23c8a5af46f1829b1431f5c136e549e8a0d61aa0c793f1a614f8e437711c7758473c6ceb0859ac7e9e07911ca66b5c4	1	3	fb1f5f5ac908f89834f3b1510918588666845ddc50a2ea008b6f318553febbb0
1790872483	171	04dbe32c2062240a4ba0bcad01d7edd98c78b51c77765d5e1e5e9fa3743d2f12a1f82f42cd7dc4f41445979117d790f23e9b3d08d0aa06d527c236172043e747fc	1	3	965e7e88049444d46e5a3d5e0ad35a44f28727a1af3107f9768a5b93046362c8
1790872483	171	04d8b6c325ae12e89823866b2a292a62d7acee520954761890a1621fef79dca1c8e8df79dd8519480e5c015ae6cf3ba7de8669e260561616a36eb9c308b5983ab0	1	3	6b897ffe436d871a7f9a836b3ed6bf5c069276ada54a51390d0cfdbc8ae7055b
1790872483	172	04d8b6c325ae12e89823866b2a292a62d7acee520954761890a1621fef79dca1c8e8df79dd8519480e5c015ae6cf3ba7de8669e260561616a36eb9c308b5983ab0	1	3	0eb44de126e60af418bc2ee470caccafe5b0ffed316a7ee04b97063ea3543baa
1790872484	172	04dbe32c2062240a4ba0bcad01d7edd98c78b51c77765d5e1e5e9fa3743d2f12a1f82f42cd7dc4f41445979117d790f23e9b3d08d0aa06d527c236172043e747fc	1	3	edd7c06934cb9d1409435f23fa0369a0f2c045b471ec45bb9b4fd1ca909fd3f0
1790872484	172	04f700a417754b775d95421973bdbdadb2d23c8a5af46f1829b1431f5c136e549e8a0d61aa0c793f1a614f8e437711c7758473c6ceb0859ac7e9e07911ca66b5c4	1	3	4db0164c832e9d27b4d9927984928ae47c84c2ab6ed3bb34b04adcb307247bad
1790872484	173	04f700a417754b775d95421973bdbdadb2d23c8a5af46f1829b1431f5c136e549e8a0d61aa0c793f1a614f8e437711c7758473c6ceb0859ac7e9e07911ca66b5c4	1	3	af09a9aa35a57a9038dedd3412828e4ad293b0e0410b912929bd226a62b6740a
1790872484	173	04dbe32c2062240a4ba0bcad01d7edd98c78b51c77765d5e1e5e9fa3743d2f12a1f82f42cd7dc4f41445979117d790f23e9b3d08d0aa06d527c236172043e747fc	1	3	5f8b6ce57b3c13a5c12e5dc7eacb8bfd1c5fe1b21005f66dbb62b52a4a2ace1b
1790872484	173	04d8b6c325ae12e89823866b2a292a62d7acee520954761890a1621fef79dca1c8e8df79dd8519480e5c015ae6cf3ba7de8669e260561616a36eb9c308b5983ab0	1	3	515c36105e76c30f1adb6bfb9399488984a8fad8d12f08855a9e699bafa50b1e
1790872486	174	04d8b6c325ae12e89823866b2a292a62d7acee520954761890a1621fef79dca1c8e8df79dd8519480e5c015ae6cf3ba7de8669e260561616a36eb9c308b5983ab0	1	3	d9625ae52b3b345f08d788ade4a697f63c88dbfc7d90369ce1ab02bf9870c47d
1790872486	174	04dbe32c2062240a4ba0bcad01d7edd98c78b51c77765d5e1e5e9fa3743d2f12a1f82f42cd7dc4f41445979117d790f23e9b3d08d0aa06d527c236172043e747fc	1	3	af5666880ffa15619681546bb95b21f0806e4bbbb909fbf806e3ac2f93eb3e4a
1790872486	174	04f700a417754b775d95421973bdbdadb2d23c8a5af46f1829b1431f5c136e549e8a0d61aa0c793f1a614f8e437711c7758473c6ceb0859ac7e9e07911ca66b5c4	1	3	76928257a684e25c43374dddf81019fd0114338a42a44913a041e716705e7e99
1790872487	175	04d8b6c325ae12e89823866b2a292a62d7acee520954761890a1621fef79dca1c8e8df79dd8519480e5c015ae6cf3ba7de8669e260561616a36eb9c308b5983ab0	1	3	e75a7fc85c0f61340c3683f3cb0c6f40ed7cb0e233353d21fcd22d13febb6b32
1790872487	175	04dbe32c2062240a4ba0bcad01d7edd98c78b51c77765d5e1e5e9fa3743d2f12a1f82f42cd7dc4f41445979117d790f23e9b3d08d0aa06d527c236172043e747fc	1	3	b1453172fad2e7e0e4b564d3dc7b23cd9ed24f6b447a385f30d449edc7069ee0
1790872487	175	04f700a417754b775d95421973bdbdadb2d23c8a5af46f1829b1431f5c136e549e8a0d61aa0c793f1a614f8e437711c7758473c6ceb0859ac7e9e07911ca66b5c4	1	3	99ddbd1cb88bde7749108cec2ef38a6f0fd1c25c348fb32b9d3fdf7a357548cd
1790872487	176	04f700a417754b775d95421973bdbdadb2d23c8a5af46f1829b1431f5c136e549e8a0d61aa0c793f1a614f8e437711c7758473c6ceb0859ac7e9e07911ca66b5c4	1	3	59220c832dc1403dd9417b029ce3360b201241015b8d112492c2f8a13b1349d0
1790872487	176	04dbe32c2062240a4ba0bcad01d7edd98c78b51c77765d5e1e5e9fa3743d2f12a1f82f42cd7dc4f41445979117d790f23e9b3d08d0aa06d527c236172043e747fc	1	3	fab86bbe4e5414475486699b09291dd6edc277cec78c39f9f7908830818cadd3
1790872487	176	04d8b6c325ae12e89823866b2a292a62d7acee520954761890a1621fef79dca1c8e8df79dd8519480e5c015ae6cf3ba7de8669e260561616a36eb9c308b5983ab0	1	3	0a466ed28573d4c5b48ce2fc5abdda35db0520e48fa7a5ef94ca0a8ae9d394a4
1790872488	177	04f700a417754b775d95421973bdbdadb2d23c8a5af46f1829b1431f5c136e549e8a0d61aa0c793f1a614f8e437711c7758473c6ceb0859ac7e9e07911ca66b5c4	1	3	d955009f50c0ac4c8260df401cd2264bce5a6443cb476cc661bd87e12285f9be
1790872488	177	04d8b6c325ae12e89823866b2a292a62d7acee520954761890a1621fef79dca1c8e8df79dd8519480e5c015ae6cf3ba7de8669e260561616a36eb9c308b5983ab0	1	3	a42568d3346ad4f482ee759ae76581391728f30b4d032ee1cdc4c7f05a8770de
1790872488	177	04dbe32c2062240a4ba0bcad01d7edd98c78b51c77765d5e1e5e9fa3743d2f12a1f82f42cd7dc4f41445979117d790f23e9b3d08d0aa06d527c236172043e747fc	1	3	1648dff5f3a5bfbcb967ccd5c11a2f5cdccc78c7df16e52355d328f08c00adeb
1790872488	178	04d8b6c325ae12e89823866b2a292a62d7acee520954761890a1621fef79dca1c8e8df79dd8519480e5c015ae6cf3ba7de8669e260561616a36eb9c308b5983ab0	1	3	6f7daa4b12b61f168a3d2d0687b2601201b85f328fe0f15ad3f06608999d4ed5
1790872489	178	04f700a417754b775d95421973bdbdadb2d23c8a5af46f1829b1431f5c136e549e8a0d61aa0c793f1a614f8e437711c7758473c6ceb0859ac7e9e07911ca66b5c4	1	3	b7726fb2f0b55e0690d71e2c6adf273395f62abe6bd378a3596cf8028d684a97
1790872489	178	04dbe32c2062240a4ba0bcad01d7edd98c78b51c77765d5e1e5e9fa3743d2f12a1f82f42cd7dc4f41445979117d790f23e9b3d08d0aa06d527c236172043e747fc	1	3	05742822237fd1477cb87261238b86b9dc103dc59af2ba95fe215dd000b19bfd
1790872489	179	04f700a417754b775d95421973bdbdadb2d23c8a5af46f1829b1431f5c136e549e8a0d61aa0c793f1a614f8e437711c7758473c6ceb0859ac7e9e07911ca66b5c4	1	3	6e00691fdfd40d9b960fe214cfe01f4f7e3f7c848689afc4ca9b0b35ae65c55b
1790872489	179	04dbe32c2062240a4ba0bcad01d7edd98c78b51c77765d5e1e5e9fa3743d2f12a1f82f42cd7dc4f41445979117d790f23e9b3d08d0aa06d527c236172043e747fc	1	3	1ce0b4aea9b129f042fc20edc57b499350cc9b95fa3da008458f1c31e34a32c8
1790872489	179	04d8b6c325ae12e89823866b2a292a62d7acee520954761890a1621fef79dca1c8e8df79dd8519480e5c015ae6cf3ba7de8669e260561616a36eb9c308b5983ab0	1	3	fe5ac1cb1598886d873c605b2a144373c57ff874e2b7ce159a1e691bc8831e02
1790872491	180	04d8b6c325ae12e89823866b2a292a62d7acee520954761890a1621fef79dca1c8e8df79dd8519480e5c015ae6cf3ba7de8669e260561616a36eb9c308b5983ab0	1	3	c60ba8d9e1beb54cd21e3ee768f676dd67cc5afbf285a287192eb9805966c264
1790872491	180	04dbe32c2062240a4ba0bcad01d7edd98c78b51c77765d5e1e5e9fa3743d2f12a1f82f42cd7dc4f41445979117d790f23e9b3d08d0aa06d527c236172043e747fc	1	3	5852667ee25c5475b4c31b4880c06910c89c0ef1a107949b68b8e9124a689aaf
1790872491	180	04f700a417754b775d95421973bdbdadb2d23c8a5af46f1829b1431f5c136e549e8a0d61aa0c793f1a614f8e437711c7758473c6ceb0859ac7e9e07911ca66b5c4	1	3	1b7865e9e33c201373a5a70efcdd42288a82b36501444fd90400aa673d05cc04
1790872491	181	04dbe32c2062240a4ba0bcad01d7edd98c78b51c77765d5e1e5e9fa3743d2f12a1f82f42cd7dc4f41445979117d790f23e9b3d08d0aa06d527c236172043e747fc	1	3	18a55153181d5510b75aea906f8685bb55d9c1afa7c87a4593a845dd8def762a
1790872492	181	04f700a417754b775d95421973bdbdadb2d23c8a5af46f1829b1431f5c136e549e8a0d61aa0c793f1a614f8e437711c7758473c6ceb0859ac7e9e07911ca66b5c4	1	3	18a65c221ebbdcaa1d1f79cef701149d0c92722529e1c7134757dc421503afcf
1790872492	181	04d8b6c325ae12e89823866b2a292a62d7acee520954761890a1621fef79dca1c8e8df79dd8519480e5c015ae6cf3ba7de8669e260561616a36eb9c308b5983ab0	1	3	0cf02af4f764aa69fc741a11e4751c5389f0e7202836461d5f0dfe81709a6610
1790872492	182	04f700a417754b775d95421973bdbdadb2d23c8a5af46f1829b1431f5c136e549e8a0d61aa0c793f1a614f8e437711c7758473c6ceb0859ac7e9e07911ca66b5c4	1	3	db76d5a00d7b540f3e8f3a06d68d67b516de57aa8205347af8d5a02f38fcf9b4
1790872492	182	04d8b6c325ae12e89823866b2a292a62d7acee520954761890a1621fef79dca1c8e8df79dd8519480e5c015ae6cf3ba7de8669e260561616a36eb9c308b5983ab0	1	3	7fb5d2fa1818b450044d5fddf87ad23cb1d8da9a6109f859a1f78e802ad200df
1790872492	182	04dbe32c2062240a4ba0bcad01d7edd98c78b51c77765d5e1e5e9fa3743d2f12a1f82f42cd7dc4f41445979117d790f23e9b3d08d0aa06d527c236172043e747fc	1	3	2b93bf8045fa5f9822160836e5e8ae1b807b58e2ea3465ed6bea60c5d04087a0
1790872493	183	04dbe32c2062240a4ba0bcad01d7edd98c78b51c77765d5e1e5e9fa3743d2f12a1f82f42cd7dc4f41445979117d790f23e9b3d08d0aa06d527c236172043e747fc	1	3	df42d7bbc3c41fc0721a8535690d69a73eb65befc7f10a00a1a292b2176c4090
1790872493	183	04d8b6c325ae12e89823866b2a292a62d7acee520954761890a1621fef79dca1c8e8df79dd8519480e5c015ae6cf3ba7de8669e260561616a36eb9c308b5983ab0	1	3	223d09bc05778d1f20e564cb8b06181336357a4ebf00ac570c9e8c8ccda4a0a9
1790872493	183	04f700a417754b775d95421973bdbdadb2d23c8a5af46f1829b1431f5c136e549e8a0d61aa0c793f1a614f8e437711c7758473c6ceb0859ac7e9e07911ca66b5c4	1	3	1369e4eb1cc2ec5f28df051ab7438239ac43055717023a31b543900d1e74ed27
1790872493	184	04f700a417754b775d95421973bdbdadb2d23c8a5af46f1829b1431f5c136e549e8a0d61aa0c793f1a614f8e437711c7758473c6ceb0859ac7e9e07911ca66b5c4	1	3	cf0db0911f23731ab7392c37321fe8b5f9929d4ae8dcdf79e65bdcf403dba167
1790872493	184	04d8b6c325ae12e89823866b2a292a62d7acee520954761890a1621fef79dca1c8e8df79dd8519480e5c015ae6cf3ba7de8669e260561616a36eb9c308b5983ab0	1	3	48c05f78ec13211ccde250fc5eb57e4b3710f1f37f1733d9779fe59b9f6f5a69
1790872494	184	04dbe32c2062240a4ba0bcad01d7edd98c78b51c77765d5e1e5e9fa3743d2f12a1f82f42cd7dc4f41445979117d790f23e9b3d08d0aa06d527c236172043e747fc	1	3	cd0343c378ccf78d3b112a4747e009ae599e9bbca278e70bb8182bfeca2f5723
1790872494	185	04dbe32c2062240a4ba0bcad01d7edd98c78b51c77765d5e1e5e9fa3743d2f12a1f82f42cd7dc4f41445979117d790f23e9b3d08d0aa06d527c236172043e747fc	1	3	8b05d47b311fd69f4bad73f44c83e5ee392acb7b079deae8b170dc48f254df9e
1790872494	185	04f700a417754b775d95421973bdbdadb2d23c8a5af46f1829b1431f5c136e549e8a0d61aa0c793f1a614f8e437711c7758473c6ceb0859ac7e9e07911ca66b5c4	1	3	4497e866946dd6179b6cb4dbff24de28e1feb271fd00765a422b6c77b53ca0a3
1790872494	185	04d8b6c325ae12e89823866b2a292a62d7acee520954761890a1621fef79dca1c8e8df79dd8519480e5c015ae6cf3ba7de8669e260561616a36eb9c308b5983ab0	1	3	4b5f02e7a1b8371c3ba2932dca2e3f55f7adb468770162b463d79c313645052a
1790872496	186	04f700a417754b775d95421973bdbdadb2d23c8a5af46f1829b1431f5c136e549e8a0d61aa0c793f1a614f8e437711c7758473c6ceb0859ac7e9e07911ca66b5c4	1	3	9616492d5f8eb4bf5209aceb84f9043f172ad99ebe6d0cfbdee655a975aa56e6
1790872496	186	04d8b6c325ae12e89823866b2a292a62d7acee520954761890a1621fef79dca1c8e8df79dd8519480e5c015ae6cf3ba7de8669e260561616a36eb9c308b5983ab0	1	3	82876cf683185d0401b14676a2269d68989c174a11b72e0b5cea0234f6f00c6f
1790872496	186	04dbe32c2062240a4ba0bcad01d7edd98c78b51c77765d5e1e5e9fa3743d2f12a1f82f42cd7dc4f41445979117d790f23e9b3d08d0aa06d527c236172043e747fc	1	3	4c4e433ae2cd229a4e8c461317959e64d7de7d7e3570be6c477ba491463c1eb2
1790872497	187	04d8b6c325ae12e89823866b2a292a62d7acee520954761890a1621fef79dca1c8e8df79dd8519480e5c015ae6cf3ba7de8669e260561616a36eb9c308b5983ab0	1	3	f5a735f77f2aeceb8c28c17955428375b8c2ed7d1cd4bb72a674dcd1d3e5df2a
1790872497	187	04dbe32c2062240a4ba0bcad01d7edd98c78b51c77765d5e1e5e9fa3743d2f12a1f82f42cd7dc4f41445979117d790f23e9b3d08d0aa06d527c236172043e747fc	1	3	a5cc32c546c69246d075d6bca611cf04aa8290fb8f967b90a0bb7c1802b9d76d
1790872497	187	04f700a417754b775d95421973bdbdadb2d23c8a5af46f1829b1431f5c136e549e8a0d61aa0c793f1a614f8e437711c7758473c6ceb0859ac7e9e07911ca66b5c4	1	3	3f1b3c6ac1d5a3a22ae0496e97d77aa4e24212e7eac430d11c35dc2af159bc15
1790872497	188	04d8b6c325ae12e89823866b2a292a62d7acee520954761890a1621fef79dca1c8e8df79dd8519480e5c015ae6cf3ba7de8669e260561616a36eb9c308b5983ab0	1	3	1cf8494f4242316d2c01119bb5d851c61b2d9bd2e4fef76cf083d9e8be8d94d5
1790872498	188	04dbe32c2062240a4ba0bcad01d7edd98c78b51c77765d5e1e5e9fa3743d2f12a1f82f42cd7dc4f41445979117d790f23e9b3d08d0aa06d527c236172043e747fc	1	3	acc4923149cc402a150eeb01b3c9b7025fcb143633e14f053f3edaa0c2e8d867
1790872498	188	04f700a417754b775d95421973bdbdadb2d23c8a5af46f1829b1431f5c136e549e8a0d61aa0c793f1a614f8e437711c7758473c6ceb0859ac7e9e07911ca66b5c4	1	3	679b083269af770d74b20bc5d6e93b59aee6448b9c623451719f0b7c8caccce2
1790872498	189	04f700a417754b775d95421973bdbdadb2d23c8a5af46f1829b1431f5c136e549e8a0d61aa0c793f1a614f8e437711c7758473c6ceb0859ac7e9e07911ca66b5c4	1	3	4cbda51d40a2066f6fc555c1e27dc38944d4932f3482692e6ff536dc155db03a
1790872498	189	04dbe32c2062240a4ba0bcad01d7edd98c78b51c77765d5e1e5e9fa3743d2f12a1f82f42cd7dc4f41445979117d790f23e9b3d08d0aa06d527c236172043e747fc	1	3	c1f5b4b39d9b4ea818dc98f0fd8c89360a85a7e3271d81c42335b3dcd4f12c64
1790872499	189	04d8b6c325ae12e89823866b2a292a62d7acee520954761890a1621fef79dca1c8e8df79dd8519480e5c015ae6cf3ba7de8669e260561616a36eb9c308b5983ab0	1	3	d9b9feec75f5756b1a2dc2738af6e26d3c451ceb51f41b046499385e8889daff
1790872499	190	04d8b6c325ae12e89823866b2a292a62d7acee520954761890a1621fef79dca1c8e8df79dd8519480e5c015ae6cf3ba7de8669e260561616a36eb9c308b5983ab0	1	3	7107e4772303acd5205199f1d64826e9046759148e5c922d8a6d1beafeb5d872
1790872501	190	04f700a417754b775d95421973bdbdadb2d23c8a5af46f1829b1431f5c136e549e8a0d61aa0c793f1a614f8e437711c7758473c6ceb0859ac7e9e07911ca66b5c4	1	3	fc30b3343ae130394585ab55af5fbdf67c805b1b0e75464f1cb33de5ef6048f2
1790872501	190	04dbe32c2062240a4ba0bcad01d7edd98c78b51c77765d5e1e5e9fa3743d2f12a1f82f42cd7dc4f41445979117d790f23e9b3d08d0aa06d527c236172043e747fc	1	3	22b12931eab57962dda57026d38cd00d496047168feb183bee0041e2cf92a73e
1790872501	191	04f700a417754b775d95421973bdbdadb2d23c8a5af46f1829b1431f5c136e549e8a0d61aa0c793f1a614f8e437711c7758473c6ceb0859ac7e9e07911ca66b5c4	1	3	5f160a47d1023d99c948b61db9aa4ea68775e1bbe89057632c8df138ac9eb040
1790872501	191	04dbe32c2062240a4ba0bcad01d7edd98c78b51c77765d5e1e5e9fa3743d2f12a1f82f42cd7dc4f41445979117d790f23e9b3d08d0aa06d527c236172043e747fc	1	3	ec0d6a7f9c57aabcdf061f3c285d1c4bbd9f34d591da86ba40c0ba9fbcdb3669
1790872502	191	04d8b6c325ae12e89823866b2a292a62d7acee520954761890a1621fef79dca1c8e8df79dd8519480e5c015ae6cf3ba7de8669e260561616a36eb9c308b5983ab0	1	3	c7ee56a42edb9b1803e961b594e5aa4a191065000b3301d54fb26a67f8675c2c
1790872503	192	04d8b6c325ae12e89823866b2a292a62d7acee520954761890a1621fef79dca1c8e8df79dd8519480e5c015ae6cf3ba7de8669e260561616a36eb9c308b5983ab0	1	3	b93a1519b191e5470df3f1c7bc1b83628a620a4f8e09a1b77da2a22bfd36757b
1790872503	192	04dbe32c2062240a4ba0bcad01d7edd98c78b51c77765d5e1e5e9fa3743d2f12a1f82f42cd7dc4f41445979117d790f23e9b3d08d0aa06d527c236172043e747fc	1	3	94fe6c3edf5a070c7964c587b61f18328de4eb93f894eaef58929758062353be
1790872503	192	04f700a417754b775d95421973bdbdadb2d23c8a5af46f1829b1431f5c136e549e8a0d61aa0c793f1a614f8e437711c7758473c6ceb0859ac7e9e07911ca66b5c4	1	3	61f4ee10b70f323ac0a427670c8e66c608d254421b874f6ebd2ed7fd76285c3c
1790872503	193	04f700a417754b775d95421973bdbdadb2d23c8a5af46f1829b1431f5c136e549e8a0d61aa0c793f1a614f8e437711c7758473c6ceb0859ac7e9e07911ca66b5c4	1	3	b4f25c2f18ac891dc884520a6c70e6eecfb50abfb2b706f1d28565ad85ca5ec8
1790872503	193	04dbe32c2062240a4ba0bcad01d7edd98c78b51c77765d5e1e5e9fa3743d2f12a1f82f42cd7dc4f41445979117d790f23e9b3d08d0aa06d527c236172043e747fc	1	3	3041dc33dfa73568dee610793d480e152e6486e1d047f5f5bd84f37a45f43c61
1790872505	193	04d8b6c325ae12e89823866b2a292a62d7acee520954761890a1621fef79dca1c8e8df79dd8519480e5c015ae6cf3ba7de8669e260561616a36eb9c308b5983ab0	1	3	8be4054ccfa92a017fb2e82a3e36000851703945a6d5aeb87c1713432b32d17d
1790872505	194	04f700a417754b775d95421973bdbdadb2d23c8a5af46f1829b1431f5c136e549e8a0d61aa0c793f1a614f8e437711c7758473c6ceb0859ac7e9e07911ca66b5c4	1	3	c4bfe7deb961572516ddf8ba9a616568a252dbe5bccab96b0eb7c0096c05ca9b
1790872505	194	04d8b6c325ae12e89823866b2a292a62d7acee520954761890a1621fef79dca1c8e8df79dd8519480e5c015ae6cf3ba7de8669e260561616a36eb9c308b5983ab0	1	3	a5e9a27856a8f135f87aa995dd6abb1aa2df3e5ce5c07d5bb507f94a9786f80b
1790872505	194	04dbe32c2062240a4ba0bcad01d7edd98c78b51c77765d5e1e5e9fa3743d2f12a1f82f42cd7dc4f41445979117d790f23e9b3d08d0aa06d527c236172043e747fc	1	3	5b803bac1f134bdad7becea0da0dfa76a05d1e32e7fd439b39fa20a8dd11c274
1790872506	195	04f700a417754b775d95421973bdbdadb2d23c8a5af46f1829b1431f5c136e549e8a0d61aa0c793f1a614f8e437711c7758473c6ceb0859ac7e9e07911ca66b5c4	1	3	b56d7e9e00eb1ac8c3e2803f9dd2d48842227f64998bde0ee8907b0da5943cbf
1790872506	195	04dbe32c2062240a4ba0bcad01d7edd98c78b51c77765d5e1e5e9fa3743d2f12a1f82f42cd7dc4f41445979117d790f23e9b3d08d0aa06d527c236172043e747fc	1	3	61cf5564de50cba4ef5749cac36b6f75a3a7af2fe08500330451cb921dc8c9fe
1790872506	195	04d8b6c325ae12e89823866b2a292a62d7acee520954761890a1621fef79dca1c8e8df79dd8519480e5c015ae6cf3ba7de8669e260561616a36eb9c308b5983ab0	1	3	582dd05f96432ed13b407e55a675dc8ef98951a1ac17952b99e64e104a746d2e
1790872506	196	04d8b6c325ae12e89823866b2a292a62d7acee520954761890a1621fef79dca1c8e8df79dd8519480e5c015ae6cf3ba7de8669e260561616a36eb9c308b5983ab0	1	3	5810e1d6338d796a584b4ec5ba2b4af7ed152e746e39bde507e78203b83c17e7
1790872507	196	04f700a417754b775d95421973bdbdadb2d23c8a5af46f1829b1431f5c136e549e8a0d61aa0c793f1a614f8e437711c7758473c6ceb0859ac7e9e07911ca66b5c4	1	3	d93db2b73dc7151c1f5e88c6bfcae0b3a5494134713aa87bf391509e6bfcada4
1790872507	196	04dbe32c2062240a4ba0bcad01d7edd98c78b51c77765d5e1e5e9fa3743d2f12a1f82f42cd7dc4f41445979117d790f23e9b3d08d0aa06d527c236172043e747fc	1	3	0af134f6e3285e1d8a0450147834abcf008d9e2136c8da57f830767512fac7aa
1790872507	197	04f700a417754b775d95421973bdbdadb2d23c8a5af46f1829b1431f5c136e549e8a0d61aa0c793f1a614f8e437711c7758473c6ceb0859ac7e9e07911ca66b5c4	1	3	ea94ee343131d88a33cc94119d53641d1dd4eacab7bad6239a0432a35a715a7a
1790872507	197	04dbe32c2062240a4ba0bcad01d7edd98c78b51c77765d5e1e5e9fa3743d2f12a1f82f42cd7dc4f41445979117d790f23e9b3d08d0aa06d527c236172043e747fc	1	3	7baac86312763b8d0834fa90a5e81b306f2b0db864083b5132bb8eb0ed4366f9
1790872507	197	04d8b6c325ae12e89823866b2a292a62d7acee520954761890a1621fef79dca1c8e8df79dd8519480e5c015ae6cf3ba7de8669e260561616a36eb9c308b5983ab0	1	3	38027c9b78aed56f745b174aed0a5d88fae0fa9d1124b51eb82442648266ef55
1790872508	198	04f700a417754b775d95421973bdbdadb2d23c8a5af46f1829b1431f5c136e549e8a0d61aa0c793f1a614f8e437711c7758473c6ceb0859ac7e9e07911ca66b5c4	1	3	eecbcbc325b72ab0ee57ae88f261d9c487db666eaee9138bb5c28506bf484d43
1790872508	198	04d8b6c325ae12e89823866b2a292a62d7acee520954761890a1621fef79dca1c8e8df79dd8519480e5c015ae6cf3ba7de8669e260561616a36eb9c308b5983ab0	1	3	6df2d49267c5412463bb10a72b4695dea107d1e16fe8a581447ab98a385703a8
1790872508	198	04dbe32c2062240a4ba0bcad01d7edd98c78b51c77765d5e1e5e9fa3743d2f12a1f82f42cd7dc4f41445979117d790f23e9b3d08d0aa06d527c236172043e747fc	1	3	3a2f8b080ef7c153530b4dd6735fb49b24c4c86f55d9c8a571b6478226169345
1790872509	199	04f700a417754b775d95421973bdbdadb2d23c8a5af46f1829b1431f5c136e549e8a0d61aa0c793f1a614f8e437711c7758473c6ceb0859ac7e9e07911ca66b5c4	1	3	7109c055eed0ecc310dc3a90e17429d5d8a890b106062c832359e1a5cd69f430
1790872509	199	04dbe32c2062240a4ba0bcad01d7edd98c78b51c77765d5e1e5e9fa3743d2f12a1f82f42cd7dc4f41445979117d790f23e9b3d08d0aa06d527c236172043e747fc	1	3	60502277956dd3951810e1673d48f9f3cf5ee0ab98986755993492c537ef555b
1790872509	199	04d8b6c325ae12e89823866b2a292a62d7acee520954761890a1621fef79dca1c8e8df79dd8519480e5c015ae6cf3ba7de8669e260561616a36eb9c308b5983ab0	1	3	2a0f4b89d84147d00ebcf7c1e475f2bbdcaf8093f5a9232e80a2884907fa2fa6
1790872509	200	04f700a417754b775d95421973bdbdadb2d23c8a5af46f1829b1431f5c136e549e8a0d61aa0c793f1a614f8e437711c7758473c6ceb0859ac7e9e07911ca66b5c4	1	3	4c0c59493d36d0ca05e87266ba3d9114d43dde0371cac159783f41b64c590f79
1790872509	200	04d8b6c325ae12e89823866b2a292a62d7acee520954761890a1621fef79dca1c8e8df79dd8519480e5c015ae6cf3ba7de8669e260561616a36eb9c308b5983ab0	1	3	a28f048fae35785bc4f8b7c225fc34d7aa0ded2ade490f8809b18fbcd5697937
1790872511	200	04dbe32c2062240a4ba0bcad01d7edd98c78b51c77765d5e1e5e9fa3743d2f12a1f82f42cd7dc4f41445979117d790f23e9b3d08d0aa06d527c236172043e747fc	1	3	44d7cb6e90daf59d1f3796e8bac46cc90df2110e95bb9a12d75ccc18c1ba9cac
1790872511	201	04f700a417754b775d95421973bdbdadb2d23c8a5af46f1829b1431f5c136e549e8a0d61aa0c793f1a614f8e437711c7758473c6ceb0859ac7e9e07911ca66b5c4	1	3	805eaafbbba7f349668e3cc7a60c0bd3448013c88aec2259d29a016f8b34b6bb
1790872511	201	04dbe32c2062240a4ba0bcad01d7edd98c78b51c77765d5e1e5e9fa3743d2f12a1f82f42cd7dc4f41445979117d790f23e9b3d08d0aa06d527c236172043e747fc	1	3	64a618349f9f8e66cf86f7acd2c8761cff649adeda2fa49924da4e8bfc8027b7
1790872511	201	04d8b6c325ae12e89823866b2a292a62d7acee520954761890a1621fef79dca1c8e8df79dd8519480e5c015ae6cf3ba7de8669e260561616a36eb9c308b5983ab0	1	3	89e7bdcf3ab6008e24247bd41972e7116eade0e56562fcbcccff3b756e672269
1790872512	202	04d8b6c325ae12e89823866b2a292a62d7acee520954761890a1621fef79dca1c8e8df79dd8519480e5c015ae6cf3ba7de8669e260561616a36eb9c308b5983ab0	1	3	17eb7b11b50096aa6c36e4b5631add635998be19ced5557c15d3de3e52102955
1790872513	202	04f700a417754b775d95421973bdbdadb2d23c8a5af46f1829b1431f5c136e549e8a0d61aa0c793f1a614f8e437711c7758473c6ceb0859ac7e9e07911ca66b5c4	1	3	8a30db1510fdacddf0d1e9914d0c05f471edfb5132c130addc423cf98b4e5909
1790872513	202	04dbe32c2062240a4ba0bcad01d7edd98c78b51c77765d5e1e5e9fa3743d2f12a1f82f42cd7dc4f41445979117d790f23e9b3d08d0aa06d527c236172043e747fc	1	3	42f0882f4d9759677ce9b4ddaa48f47dda1d9a3b00798d4c990570518747f2f3
1790872513	203	04f700a417754b775d95421973bdbdadb2d23c8a5af46f1829b1431f5c136e549e8a0d61aa0c793f1a614f8e437711c7758473c6ceb0859ac7e9e07911ca66b5c4	1	3	8ba2ba5b471ec6e40399a1700ae5ed3a950d3dc2c0179e9c8355973607d07ca3
1790872513	203	04dbe32c2062240a4ba0bcad01d7edd98c78b51c77765d5e1e5e9fa3743d2f12a1f82f42cd7dc4f41445979117d790f23e9b3d08d0aa06d527c236172043e747fc	1	3	34941ea5bd5c9c8e1b13c791404690da70aac74524010ff703d67b048478636a
1790872513	203	04d8b6c325ae12e89823866b2a292a62d7acee520954761890a1621fef79dca1c8e8df79dd8519480e5c015ae6cf3ba7de8669e260561616a36eb9c308b5983ab0	1	3	457a8d53f256181caba250b1cf9cd22d262da1a51101db4dcf9944744709158f
1790872515	204	04d8b6c325ae12e89823866b2a292a62d7acee520954761890a1621fef79dca1c8e8df79dd8519480e5c015ae6cf3ba7de8669e260561616a36eb9c308b5983ab0	1	3	e6c3dabb35d614175e1e2289aff66ff740a4ed0d067a3e7b0fb4975d97be982b
1790872515	204	04f700a417754b775d95421973bdbdadb2d23c8a5af46f1829b1431f5c136e549e8a0d61aa0c793f1a614f8e437711c7758473c6ceb0859ac7e9e07911ca66b5c4	1	3	a00989fdaeae95fdbeea7fa782dd43781b340dfb7eb16153737e4cd57224aa25
1790872515	204	04dbe32c2062240a4ba0bcad01d7edd98c78b51c77765d5e1e5e9fa3743d2f12a1f82f42cd7dc4f41445979117d790f23e9b3d08d0aa06d527c236172043e747fc	1	3	2d6ed32bfd38840b132106ca8372a477bbba471e422446a55684a6f45f65c10f
1790872515	205	04f700a417754b775d95421973bdbdadb2d23c8a5af46f1829b1431f5c136e549e8a0d61aa0c793f1a614f8e437711c7758473c6ceb0859ac7e9e07911ca66b5c4	1	3	c983e58071676843c44fcf6c208835a997dbfeb7f2c48bed5325b603978d894b
1790872516	205	04d8b6c325ae12e89823866b2a292a62d7acee520954761890a1621fef79dca1c8e8df79dd8519480e5c015ae6cf3ba7de8669e260561616a36eb9c308b5983ab0	1	3	41cfb1d944a5e4ff09ed4c2e1d44bdcdf625228c1dae025f7d9471366b4e7121
1790872516	205	04dbe32c2062240a4ba0bcad01d7edd98c78b51c77765d5e1e5e9fa3743d2f12a1f82f42cd7dc4f41445979117d790f23e9b3d08d0aa06d527c236172043e747fc	1	3	0508fae750a02c43b37b590e4716d4593bfc827e7c29a6ceb03fc6c936c46298
1790872516	206	04d8b6c325ae12e89823866b2a292a62d7acee520954761890a1621fef79dca1c8e8df79dd8519480e5c015ae6cf3ba7de8669e260561616a36eb9c308b5983ab0	1	3	d505f08b9d18ae401dd584f9e8fcfca1a9839150a30ba01cb109dbac2cb76a75
1790872516	206	04f700a417754b775d95421973bdbdadb2d23c8a5af46f1829b1431f5c136e549e8a0d61aa0c793f1a614f8e437711c7758473c6ceb0859ac7e9e07911ca66b5c4	1	3	bde2bb134d0cca86f41885bb05e4294fc3ea76cc212b0618139bfa95fa2bc0ed
1790872516	206	04dbe32c2062240a4ba0bcad01d7edd98c78b51c77765d5e1e5e9fa3743d2f12a1f82f42cd7dc4f41445979117d790f23e9b3d08d0aa06d527c236172043e747fc	1	3	37cb5f34858967b8d3616d9290d24f2d736ca80f942670b9e5e1c6e3edd3efa3
1790872517	207	04dbe32c2062240a4ba0bcad01d7edd98c78b51c77765d5e1e5e9fa3743d2f12a1f82f42cd7dc4f41445979117d790f23e9b3d08d0aa06d527c236172043e747fc	1	3	622f1a1b0dce827ac711bc672176a44ea117bca85c572aaa886129ecb485d278
1790872517	207	04f700a417754b775d95421973bdbdadb2d23c8a5af46f1829b1431f5c136e549e8a0d61aa0c793f1a614f8e437711c7758473c6ceb0859ac7e9e07911ca66b5c4	1	3	5cb47ab0e495065427569bdae5aa0276a678774dcff2f830a7f9724f24b793a9
1790872517	207	04d8b6c325ae12e89823866b2a292a62d7acee520954761890a1621fef79dca1c8e8df79dd8519480e5c015ae6cf3ba7de8669e260561616a36eb9c308b5983ab0	1	3	1a675a50eadb3be1886fd9227cf828478c2396bba3ef6497719c160034df41fe
1790872517	208	04f700a417754b775d95421973bdbdadb2d23c8a5af46f1829b1431f5c136e549e8a0d61aa0c793f1a614f8e437711c7758473c6ceb0859ac7e9e07911ca66b5c4	1	3	0e67e7d567d789ee7ac16c0ee41b9bc1f737ab2ad823c96c55df13ba751f4c70
1790872517	208	04d8b6c325ae12e89823866b2a292a62d7acee520954761890a1621fef79dca1c8e8df79dd8519480e5c015ae6cf3ba7de8669e260561616a36eb9c308b5983ab0	1	3	1f7a82588a516c5e7be603d69b2dcd7c5a823f0713783015e68ff4729692674f
1790872518	208	04dbe32c2062240a4ba0bcad01d7edd98c78b51c77765d5e1e5e9fa3743d2f12a1f82f42cd7dc4f41445979117d790f23e9b3d08d0aa06d527c236172043e747fc	1	3	68f05236673474e9faf522ea053bd236c32107354ca1ad0ee3f3df8722738c69
1790872518	209	04dbe32c2062240a4ba0bcad01d7edd98c78b51c77765d5e1e5e9fa3743d2f12a1f82f42cd7dc4f41445979117d790f23e9b3d08d0aa06d527c236172043e747fc	1	3	a6b3286fae5cfda30f33758281d03ae3f5d9c6bf58ff6a72e66dee9bbb01c428
1790872518	209	04f700a417754b775d95421973bdbdadb2d23c8a5af46f1829b1431f5c136e549e8a0d61aa0c793f1a614f8e437711c7758473c6ceb0859ac7e9e07911ca66b5c4	1	3	0780a45708dd3dcb304a6b89350b0e499be39f964b423ee4e7c86ca937604303
1790872518	209	04d8b6c325ae12e89823866b2a292a62d7acee520954761890a1621fef79dca1c8e8df79dd8519480e5c015ae6cf3ba7de8669e260561616a36eb9c308b5983ab0	1	3	e830bcc3df1364a2c353341a7dfe5d4d2e3a89745c2715ddc019a8587e48f2b0
1790872519	210	04f700a417754b775d95421973bdbdadb2d23c8a5af46f1829b1431f5c136e549e8a0d61aa0c793f1a614f8e437711c7758473c6ceb0859ac7e9e07911ca66b5c4	1	3	6eef8bce20c3b5dc03b0c72b4e7dd35c4655d3a789bdef4b16c571719e7ee0db
1790872519	210	04d8b6c325ae12e89823866b2a292a62d7acee520954761890a1621fef79dca1c8e8df79dd8519480e5c015ae6cf3ba7de8669e260561616a36eb9c308b5983ab0	1	3	3c12b5b12e3b24475425cd69708cfc0db4cc76e41658a440b6aee0a313542715
1790872519	210	04dbe32c2062240a4ba0bcad01d7edd98c78b51c77765d5e1e5e9fa3743d2f12a1f82f42cd7dc4f41445979117d790f23e9b3d08d0aa06d527c236172043e747fc	1	3	3ae9bc3fb3d095e5a6bef6ade7cfcb62acb8e0aa6fd859559d14759dc4e32100
1790872519	211	04f700a417754b775d95421973bdbdadb2d23c8a5af46f1829b1431f5c136e549e8a0d61aa0c793f1a614f8e437711c7758473c6ceb0859ac7e9e07911ca66b5c4	1	3	5aa03d06723e1d392ca85b3f892d77afd6c1aef960af70de613e9a731dec7e2a
1790872519	211	04dbe32c2062240a4ba0bcad01d7edd98c78b51c77765d5e1e5e9fa3743d2f12a1f82f42cd7dc4f41445979117d790f23e9b3d08d0aa06d527c236172043e747fc	1	3	5a0e0344e420c942b8a4d963d53acb0051656a26202ef60339526d84e77f62e8
1790872521	211	04d8b6c325ae12e89823866b2a292a62d7acee520954761890a1621fef79dca1c8e8df79dd8519480e5c015ae6cf3ba7de8669e260561616a36eb9c308b5983ab0	1	3	70a9ee993cfbcc2c15977a3ee5aee22081fb0b304978168a14b3de4f9f19f93f
1790872521	212	04d8b6c325ae12e89823866b2a292a62d7acee520954761890a1621fef79dca1c8e8df79dd8519480e5c015ae6cf3ba7de8669e260561616a36eb9c308b5983ab0	1	3	8787849c962293602951c0c745b91b2fb9f4136812e39a8e3f96395ad9913745
1790872521	212	04f700a417754b775d95421973bdbdadb2d23c8a5af46f1829b1431f5c136e549e8a0d61aa0c793f1a614f8e437711c7758473c6ceb0859ac7e9e07911ca66b5c4	1	3	2ee816bc5c7d3d160249bed68964b899587467698ea786b89262b6a9f2e9810c
1790872521	212	04dbe32c2062240a4ba0bcad01d7edd98c78b51c77765d5e1e5e9fa3743d2f12a1f82f42cd7dc4f41445979117d790f23e9b3d08d0aa06d527c236172043e747fc	1	3	6a4911aee46c341209bc534800c3a6d44ec3a2b1947656b1849c9be9e35301e9
1790872522	213	04f700a417754b775d95421973bdbdadb2d23c8a5af46f1829b1431f5c136e549e8a0d61aa0c793f1a614f8e437711c7758473c6ceb0859ac7e9e07911ca66b5c4	1	3	7f39fe2b1285655a3a273c8fcbeafb5280bc172e34b8c83e766e53091ed06b83
1790872522	213	04dbe32c2062240a4ba0bcad01d7edd98c78b51c77765d5e1e5e9fa3743d2f12a1f82f42cd7dc4f41445979117d790f23e9b3d08d0aa06d527c236172043e747fc	1	3	4eb9cb29eccf61dfd99276a1a4bef85e1b09352b7993d7f8df97e55d9f825041
1790872522	213	04d8b6c325ae12e89823866b2a292a62d7acee520954761890a1621fef79dca1c8e8df79dd8519480e5c015ae6cf3ba7de8669e260561616a36eb9c308b5983ab0	1	3	094a4218f7884b3daf851fad7b8035a6201e06dd5d1571171ee65fc11b8a78ee
1790872522	214	04d8b6c325ae12e89823866b2a292a62d7acee520954761890a1621fef79dca1c8e8df79dd8519480e5c015ae6cf3ba7de8669e260561616a36eb9c308b5983ab0	1	3	a8948688844033d0b6751b0c27af9906d380916d93b36d859284bac23c67f178
1790872523	214	04dbe32c2062240a4ba0bcad01d7edd98c78b51c77765d5e1e5e9fa3743d2f12a1f82f42cd7dc4f41445979117d790f23e9b3d08d0aa06d527c236172043e747fc	1	3	be525c6fbce9019d6af41ad909f2251ddb83eb37f273f88db11223728ef87d92
1790872523	214	04f700a417754b775d95421973bdbdadb2d23c8a5af46f1829b1431f5c136e549e8a0d61aa0c793f1a614f8e437711c7758473c6ceb0859ac7e9e07911ca66b5c4	1	3	05e670242c94837d8c2d77454f19460bfb6001bc46c9957555c2cf045c31949a
1790872523	215	04dbe32c2062240a4ba0bcad01d7edd98c78b51c77765d5e1e5e9fa3743d2f12a1f82f42cd7dc4f41445979117d790f23e9b3d08d0aa06d527c236172043e747fc	1	3	0fe294f56dc98d3e88be355b90e9ac777cb6c3b8d34ad4f3790a91dd399c5147
1790872523	215	04f700a417754b775d95421973bdbdadb2d23c8a5af46f1829b1431f5c136e549e8a0d61aa0c793f1a614f8e437711c7758473c6ceb0859ac7e9e07911ca66b5c4	1	3	0beb8cf5da93ea5e83f2ea8503a840c1c03f101c3d61bef768a36f144cb78ebd
1790872523	215	04d8b6c325ae12e89823866b2a292a62d7acee520954761890a1621fef79dca1c8e8df79dd8519480e5c015ae6cf3ba7de8669e260561616a36eb9c308b5983ab0	1	3	7e01f8d907f43a39ab07d5ef31c34ac044fa84effd8ea556ce0d56f9ed6f9b4b
1790872525	216	04f700a417754b775d95421973bdbdadb2d23c8a5af46f1829b1431f5c136e549e8a0d61aa0c793f1a614f8e437711c7758473c6ceb0859ac7e9e07911ca66b5c4	1	3	c7b4ae2a993467e3f4c096de73edf0772ce4fd302ef363f114e8e3816c6eebc6
1790872525	216	04d8b6c325ae12e89823866b2a292a62d7acee520954761890a1621fef79dca1c8e8df79dd8519480e5c015ae6cf3ba7de8669e260561616a36eb9c308b5983ab0	1	3	a05ffbfa264a9aedafb6f3518f54574c6a2498843f894038afd1d0c7fe98b67d
1790872525	216	04dbe32c2062240a4ba0bcad01d7edd98c78b51c77765d5e1e5e9fa3743d2f12a1f82f42cd7dc4f41445979117d790f23e9b3d08d0aa06d527c236172043e747fc	1	3	014e65b7e3065ff7902c8f68116c4a76f7bf4739b9a5917637bdaca445f5080c
1790872525	217	04f700a417754b775d95421973bdbdadb2d23c8a5af46f1829b1431f5c136e549e8a0d61aa0c793f1a614f8e437711c7758473c6ceb0859ac7e9e07911ca66b5c4	1	3	123b9a6e6914edc5e90e1dfd90133481dcb576527e5c54adeb5088d42d9c7c0a
1790872525	217	04dbe32c2062240a4ba0bcad01d7edd98c78b51c77765d5e1e5e9fa3743d2f12a1f82f42cd7dc4f41445979117d790f23e9b3d08d0aa06d527c236172043e747fc	1	3	4acac499a0c581175f36b4cf9d1397340181d75e5983a1d1f46ffce1ac655d1b
1790872526	217	04d8b6c325ae12e89823866b2a292a62d7acee520954761890a1621fef79dca1c8e8df79dd8519480e5c015ae6cf3ba7de8669e260561616a36eb9c308b5983ab0	1	3	d97afb61f7b4116446010b5066174a6cde7aafb817d3be4fe5d56e518a9f7da4
1790872526	218	04d8b6c325ae12e89823866b2a292a62d7acee520954761890a1621fef79dca1c8e8df79dd8519480e5c015ae6cf3ba7de8669e260561616a36eb9c308b5983ab0	1	3	bf8b4475fb13dafa74f94e2e7f6b3f0c82d3f0e8ce0c80dd254ac05c7cca16c5
1790872526	218	04f700a417754b775d95421973bdbdadb2d23c8a5af46f1829b1431f5c136e549e8a0d61aa0c793f1a614f8e437711c7758473c6ceb0859ac7e9e07911ca66b5c4	1	3	95698c88b652e70a5be5846fdb3b5a7eb9a7fd9aa152cbc63a9942f9dfa375ec
1790872526	218	04dbe32c2062240a4ba0bcad01d7edd98c78b51c77765d5e1e5e9fa3743d2f12a1f82f42cd7dc4f41445979117d790f23e9b3d08d0aa06d527c236172043e747fc	1	3	53708e988358a958c7b1d47cacfbcd8ff47c2f86cfaf1e1166cd6999634269d3
1790872527	219	04dbe32c2062240a4ba0bcad01d7edd98c78b51c77765d5e1e5e9fa3743d2f12a1f82f42cd7dc4f41445979117d790f23e9b3d08d0aa06d527c236172043e747fc	1	3	ae5026b99834af407970b92337eb7f29662cf30b71251d3a9a5ccd66d272779f
1790872527	219	04d8b6c325ae12e89823866b2a292a62d7acee520954761890a1621fef79dca1c8e8df79dd8519480e5c015ae6cf3ba7de8669e260561616a36eb9c308b5983ab0	1	3	73f85fd9dd0abb2e30fe09d278856e1a892cae8dd966c576922fa5770a7f81e8
1790872527	219	04f700a417754b775d95421973bdbdadb2d23c8a5af46f1829b1431f5c136e549e8a0d61aa0c793f1a614f8e437711c7758473c6ceb0859ac7e9e07911ca66b5c4	1	3	12c6f9b50693eebafe29a224f533d111f8bc62247dd26f8b543043ef20bfc505
1790872528	220	04f700a417754b775d95421973bdbdadb2d23c8a5af46f1829b1431f5c136e549e8a0d61aa0c793f1a614f8e437711c7758473c6ceb0859ac7e9e07911ca66b5c4	1	3	b5e59198fa1aa94896101c9dbc5ac82ec798ad2255b9ad58228f3d8aec124ca1
1790872528	220	04d8b6c325ae12e89823866b2a292a62d7acee520954761890a1621fef79dca1c8e8df79dd8519480e5c015ae6cf3ba7de8669e260561616a36eb9c308b5983ab0	1	3	03e404e3d42a0e8c54ff5d5af495f56327cb3bf7d0caa1df18e56cc6c12d2699
1790872528	220	04dbe32c2062240a4ba0bcad01d7edd98c78b51c77765d5e1e5e9fa3743d2f12a1f82f42cd7dc4f41445979117d790f23e9b3d08d0aa06d527c236172043e747fc	1	3	43276a850e8d7429a26f0ca9539890bb40dbc1199bdeb3ba6507506522e0197e
1790872530	221	04d8b6c325ae12e89823866b2a292a62d7acee520954761890a1621fef79dca1c8e8df79dd8519480e5c015ae6cf3ba7de8669e260561616a36eb9c308b5983ab0	1	3	a802fdcef5e79e23cda593c27c2556bce59a0c97c42337313a35331d49fbf771
1790872530	221	04f700a417754b775d95421973bdbdadb2d23c8a5af46f1829b1431f5c136e549e8a0d61aa0c793f1a614f8e437711c7758473c6ceb0859ac7e9e07911ca66b5c4	1	3	018baf525a2b6c63d9dc05c158d4c9d7bcc89cd1017a1ba186ee824b401bcde3
1790872530	221	04dbe32c2062240a4ba0bcad01d7edd98c78b51c77765d5e1e5e9fa3743d2f12a1f82f42cd7dc4f41445979117d790f23e9b3d08d0aa06d527c236172043e747fc	1	3	00277f763de5c9a00ea8a7555786e3deae7a9572d3f87332f011a73fe60ac39c
1790872530	222	04f700a417754b775d95421973bdbdadb2d23c8a5af46f1829b1431f5c136e549e8a0d61aa0c793f1a614f8e437711c7758473c6ceb0859ac7e9e07911ca66b5c4	1	3	9ed70656e46e2e181506f111a30c5719fe1045c823c21c6aaed13bcf7c936548
1790872530	222	04d8b6c325ae12e89823866b2a292a62d7acee520954761890a1621fef79dca1c8e8df79dd8519480e5c015ae6cf3ba7de8669e260561616a36eb9c308b5983ab0	1	3	d4495e475da5233847695cac884d8f223d0cace0f18065e15f89c66d529b7351
1790872531	222	04dbe32c2062240a4ba0bcad01d7edd98c78b51c77765d5e1e5e9fa3743d2f12a1f82f42cd7dc4f41445979117d790f23e9b3d08d0aa06d527c236172043e747fc	1	3	0104fd65e92f895a6dd5dae72f42ad59616f47da4035b16152a62b3fc688d665
1790872531	223	04dbe32c2062240a4ba0bcad01d7edd98c78b51c77765d5e1e5e9fa3743d2f12a1f82f42cd7dc4f41445979117d790f23e9b3d08d0aa06d527c236172043e747fc	1	3	d6f00842c31e5e0c78844820754f0bccd4f987b7a8eb933b4bf5a8c8405c964c
1790872531	223	04f700a417754b775d95421973bdbdadb2d23c8a5af46f1829b1431f5c136e549e8a0d61aa0c793f1a614f8e437711c7758473c6ceb0859ac7e9e07911ca66b5c4	1	3	85e8624212ce6d51babba363cad2a62e139d7afbc80be226bee1d6ee876cd10f
1790872531	223	04d8b6c325ae12e89823866b2a292a62d7acee520954761890a1621fef79dca1c8e8df79dd8519480e5c015ae6cf3ba7de8669e260561616a36eb9c308b5983ab0	1	3	6b243910e3d88f68b30dd13d4c78aa90e02626a469e76d009531c603ac903fe2
1790872531	224	04d8b6c325ae12e89823866b2a292a62d7acee520954761890a1621fef79dca1c8e8df79dd8519480e5c015ae6cf3ba7de8669e260561616a36eb9c308b5983ab0	1	3	4adbeea291249010b108035d37d43fa72cbb4a794a78e4c99eb6215d1e2cb089
1790872532	224	04f700a417754b775d95421973bdbdadb2d23c8a5af46f1829b1431f5c136e549e8a0d61aa0c793f1a614f8e437711c7758473c6ceb0859ac7e9e07911ca66b5c4	1	3	a5738ba2dd16ebbf6d2e46c42d87063aea98074bb1ee72442b3814d48856c0a4
1790872532	224	04dbe32c2062240a4ba0bcad01d7edd98c78b51c77765d5e1e5e9fa3743d2f12a1f82f42cd7dc4f41445979117d790f23e9b3d08d0aa06d527c236172043e747fc	1	3	258e449a8a31016aa430c2b642b828707ef923780fd0d1a8e05f282aacaf4f02
1790872532	225	04dbe32c2062240a4ba0bcad01d7edd98c78b51c77765d5e1e5e9fa3743d2f12a1f82f42cd7dc4f41445979117d790f23e9b3d08d0aa06d527c236172043e747fc	1	3	e9bf7f91c9e3519bb00bd0cea28a53e1b6c7e8d230785fa2011cd8b4296850ab
1790872532	225	04f700a417754b775d95421973bdbdadb2d23c8a5af46f1829b1431f5c136e549e8a0d61aa0c793f1a614f8e437711c7758473c6ceb0859ac7e9e07911ca66b5c4	1	3	708b29ec3843ff7972817ca37040c9325c1fe5c5947831805533c79cd14aea78
1790872532	225	04d8b6c325ae12e89823866b2a292a62d7acee520954761890a1621fef79dca1c8e8df79dd8519480e5c015ae6cf3ba7de8669e260561616a36eb9c308b5983ab0	1	3	4853d34666ac84110f06e5eda47abb0b6bd9aef599d4ae7154d83859cacf0064
1790872533	226	04f700a417754b775d95421973bdbdadb2d23c8a5af46f1829b1431f5c136e549e8a0d61aa0c793f1a614f8e437711c7758473c6ceb0859ac7e9e07911ca66b5c4	1	3	fc003851758bd91506c29a320c4a3c6ed5c929b4121e8d5b2018afcf938de19e
1790872533	226	04d8b6c325ae12e89823866b2a292a62d7acee520954761890a1621fef79dca1c8e8df79dd8519480e5c015ae6cf3ba7de8669e260561616a36eb9c308b5983ab0	1	3	f6277298e3576ecd67fbc65f58db9dc16706b2a90e14f5f15c5b15ddf970df1d
1790872533	226	04dbe32c2062240a4ba0bcad01d7edd98c78b51c77765d5e1e5e9fa3743d2f12a1f82f42cd7dc4f41445979117d790f23e9b3d08d0aa06d527c236172043e747fc	1	3	e6bc4a0517b6e19c5513586dd0194ba75b715f281118fc71fc4ba9c6433702dc
1790872533	227	04dbe32c2062240a4ba0bcad01d7edd98c78b51c77765d5e1e5e9fa3743d2f12a1f82f42cd7dc4f41445979117d790f23e9b3d08d0aa06d527c236172043e747fc	1	3	0dfb62975708678a14ac9320112ff647f6c4b4a07867bc818b320b93ffbc3cb6
1790872535	227	04d8b6c325ae12e89823866b2a292a62d7acee520954761890a1621fef79dca1c8e8df79dd8519480e5c015ae6cf3ba7de8669e260561616a36eb9c308b5983ab0	1	3	d756cb7b0957595a44042ee0e62f4ec9c81d62744114977a42cfc0ae1dba64b3
1790872535	227	04f700a417754b775d95421973bdbdadb2d23c8a5af46f1829b1431f5c136e549e8a0d61aa0c793f1a614f8e437711c7758473c6ceb0859ac7e9e07911ca66b5c4	1	3	d6dfd972c452d62937547ee04de13f084f608eca28330f024442de2988b07286
1790872535	228	04f700a417754b775d95421973bdbdadb2d23c8a5af46f1829b1431f5c136e549e8a0d61aa0c793f1a614f8e437711c7758473c6ceb0859ac7e9e07911ca66b5c4	1	3	65318609f5dee888bec3aca8e38e4af97a31db8f7402d4cf5013705842ae3e01
1790872535	228	04d8b6c325ae12e89823866b2a292a62d7acee520954761890a1621fef79dca1c8e8df79dd8519480e5c015ae6cf3ba7de8669e260561616a36eb9c308b5983ab0	1	3	0db94a8b865d4271524d5d97d75882ff7c582ff58139937f551da0576b38298d
1790872535	228	04dbe32c2062240a4ba0bcad01d7edd98c78b51c77765d5e1e5e9fa3743d2f12a1f82f42cd7dc4f41445979117d790f23e9b3d08d0aa06d527c236172043e747fc	1	3	9c98ec157205ddf467a0efc5d557ac8ceafbe5c73e9cf846237676dc737b0487
1790872536	229	04d8b6c325ae12e89823866b2a292a62d7acee520954761890a1621fef79dca1c8e8df79dd8519480e5c015ae6cf3ba7de8669e260561616a36eb9c308b5983ab0	1	3	cdfec6267607cececdc27a35ce5aa956a8671d07c10bd436ee999b353e57e338
1790872536	229	04f700a417754b775d95421973bdbdadb2d23c8a5af46f1829b1431f5c136e549e8a0d61aa0c793f1a614f8e437711c7758473c6ceb0859ac7e9e07911ca66b5c4	1	3	bdfd0de1f36b198c0f6fdeefa468ae6b82bbdad0ec83e2d5c1b25243c90a23dc
1790872536	229	04dbe32c2062240a4ba0bcad01d7edd98c78b51c77765d5e1e5e9fa3743d2f12a1f82f42cd7dc4f41445979117d790f23e9b3d08d0aa06d527c236172043e747fc	1	3	0d5af74952819c17744709af3606769d5fb28067698999783202c6f545d3fd01
1790872536	230	04d8b6c325ae12e89823866b2a292a62d7acee520954761890a1621fef79dca1c8e8df79dd8519480e5c015ae6cf3ba7de8669e260561616a36eb9c308b5983ab0	1	3	cfa4d58c43e8a060173885b8a94ddd587503e20225bf48b2744a9864d056e646
1790872537	230	04f700a417754b775d95421973bdbdadb2d23c8a5af46f1829b1431f5c136e549e8a0d61aa0c793f1a614f8e437711c7758473c6ceb0859ac7e9e07911ca66b5c4	1	3	a60aaff4a45d24a5270fc57e91a5f822c0f3439c66fa826659aacacd1cda2321
1790872537	230	04dbe32c2062240a4ba0bcad01d7edd98c78b51c77765d5e1e5e9fa3743d2f12a1f82f42cd7dc4f41445979117d790f23e9b3d08d0aa06d527c236172043e747fc	1	3	62fb18c4c5179c06b0c023970c280099d81506ea2830b804cf61a7256af7ba62
1790872538	231	04f700a417754b775d95421973bdbdadb2d23c8a5af46f1829b1431f5c136e549e8a0d61aa0c793f1a614f8e437711c7758473c6ceb0859ac7e9e07911ca66b5c4	1	3	6b1bbc210f2d7456cdecbac7e73a8e095beb012591df17c255ad36615fac4c7a
1790872538	231	04dbe32c2062240a4ba0bcad01d7edd98c78b51c77765d5e1e5e9fa3743d2f12a1f82f42cd7dc4f41445979117d790f23e9b3d08d0aa06d527c236172043e747fc	1	3	66bb0cc7fba3526b1fff2bb00b844ae5d63116c634b2e9427b9de2b0e5612451
1790872538	231	04d8b6c325ae12e89823866b2a292a62d7acee520954761890a1621fef79dca1c8e8df79dd8519480e5c015ae6cf3ba7de8669e260561616a36eb9c308b5983ab0	1	3	0c9314bbc06b8325773a25ec514585f56c6f8ce08e8ab9ad1f288e9031127ca7
1790872538	232	04f700a417754b775d95421973bdbdadb2d23c8a5af46f1829b1431f5c136e549e8a0d61aa0c793f1a614f8e437711c7758473c6ceb0859ac7e9e07911ca66b5c4	1	3	e7f6998fb17eb1e732236a7a0d7b65267a6dc0a27c432c607bf34de3909eb602
1790872538	232	04dbe32c2062240a4ba0bcad01d7edd98c78b51c77765d5e1e5e9fa3743d2f12a1f82f42cd7dc4f41445979117d790f23e9b3d08d0aa06d527c236172043e747fc	1	3	4bc2234f0b52fccb8343f264c5d1b92330af9ced57db22badd2f3d2ef9f66cb9
1790872538	232	04d8b6c325ae12e89823866b2a292a62d7acee520954761890a1621fef79dca1c8e8df79dd8519480e5c015ae6cf3ba7de8669e260561616a36eb9c308b5983ab0	1	3	8894c1976b8376cf231895c08d41987399993e14d377c37b1b6128f5200e1928
1790872540	233	04dbe32c2062240a4ba0bcad01d7edd98c78b51c77765d5e1e5e9fa3743d2f12a1f82f42cd7dc4f41445979117d790f23e9b3d08d0aa06d527c236172043e747fc	1	3	b5cd1016c9a3bee8e26492a3fc424acf35e581f1873db01ccfd7f33858576545
1790872540	233	04f700a417754b775d95421973bdbdadb2d23c8a5af46f1829b1431f5c136e549e8a0d61aa0c793f1a614f8e437711c7758473c6ceb0859ac7e9e07911ca66b5c4	1	3	adb5007c571c423fc0bb8e8306cf7d0c5c68519d035b9e1299c7c605485164d9
1790872540	233	04d8b6c325ae12e89823866b2a292a62d7acee520954761890a1621fef79dca1c8e8df79dd8519480e5c015ae6cf3ba7de8669e260561616a36eb9c308b5983ab0	1	3	13dabef77ca7f7eb97b72292f8c2b9b6f82639286bf0ad12e85303693b1fd86c
1790872541	234	04f700a417754b775d95421973bdbdadb2d23c8a5af46f1829b1431f5c136e549e8a0d61aa0c793f1a614f8e437711c7758473c6ceb0859ac7e9e07911ca66b5c4	1	3	9210349a523692020b7cae5496c7d24e9096e297d99bd26b3a12c217af7337ec
1790872541	234	04d8b6c325ae12e89823866b2a292a62d7acee520954761890a1621fef79dca1c8e8df79dd8519480e5c015ae6cf3ba7de8669e260561616a36eb9c308b5983ab0	1	3	6dcce265f0123b55a3d3b3d7b2506c89d65c6cccfe5d114ec70ceb0a8e2eb7bd
1790872541	234	04dbe32c2062240a4ba0bcad01d7edd98c78b51c77765d5e1e5e9fa3743d2f12a1f82f42cd7dc4f41445979117d790f23e9b3d08d0aa06d527c236172043e747fc	1	3	4f6f773eeee2b55592572e10ab53712582c9cc66161abdf1bddc8a9dd602d282
1790872541	235	04f700a417754b775d95421973bdbdadb2d23c8a5af46f1829b1431f5c136e549e8a0d61aa0c793f1a614f8e437711c7758473c6ceb0859ac7e9e07911ca66b5c4	1	3	a14fc64d205b50111d51c63e36fea55d0d93f5fea31c7aaf93167c0008993726
1790872541	235	04dbe32c2062240a4ba0bcad01d7edd98c78b51c77765d5e1e5e9fa3743d2f12a1f82f42cd7dc4f41445979117d790f23e9b3d08d0aa06d527c236172043e747fc	1	3	bc6c3857294a1c19ac8e56929eea1e22d6b3094716d2786edec445f48da5f840
1790872542	235	04d8b6c325ae12e89823866b2a292a62d7acee520954761890a1621fef79dca1c8e8df79dd8519480e5c015ae6cf3ba7de8669e260561616a36eb9c308b5983ab0	1	3	04a247b47dd41beaa1760568ba19b146c045c56b87dbaf1a3d0615d7c1593427
1790872542	236	04f700a417754b775d95421973bdbdadb2d23c8a5af46f1829b1431f5c136e549e8a0d61aa0c793f1a614f8e437711c7758473c6ceb0859ac7e9e07911ca66b5c4	1	3	39c63e66a9c59e69a156eb2a6276aeae3b65bdc77bf68adab8bbe86acb3b0a0e
1790872542	236	04d8b6c325ae12e89823866b2a292a62d7acee520954761890a1621fef79dca1c8e8df79dd8519480e5c015ae6cf3ba7de8669e260561616a36eb9c308b5983ab0	1	3	20a41a9bbd540f7725348675de8ae6643f0e4f936802fab7a376b996bd944949
1790872542	236	04dbe32c2062240a4ba0bcad01d7edd98c78b51c77765d5e1e5e9fa3743d2f12a1f82f42cd7dc4f41445979117d790f23e9b3d08d0aa06d527c236172043e747fc	1	3	e59ab2150687ba26cd511515d11786961cb81d637c40c57b9a595ca88f0d2628
1790872543	237	04f700a417754b775d95421973bdbdadb2d23c8a5af46f1829b1431f5c136e549e8a0d61aa0c793f1a614f8e437711c7758473c6ceb0859ac7e9e07911ca66b5c4	1	3	9dcea7707db8d8c47c46ef161488e06b375d5eb453d545a3ca52e954ae63b9d3
1790872543	237	04dbe32c2062240a4ba0bcad01d7edd98c78b51c77765d5e1e5e9fa3743d2f12a1f82f42cd7dc4f41445979117d790f23e9b3d08d0aa06d527c236172043e747fc	1	3	661f3f69f10c59a27a311ac5cad91fa594dd7f27a687e6e3aff15680329969ee
1790872543	237	04d8b6c325ae12e89823866b2a292a62d7acee520954761890a1621fef79dca1c8e8df79dd8519480e5c015ae6cf3ba7de8669e260561616a36eb9c308b5983ab0	1	3	0e590541d74c8a005da0f590f891f319b12687a94914fbc1482b685360a98337
1790872543	238	04d8b6c325ae12e89823866b2a292a62d7acee520954761890a1621fef79dca1c8e8df79dd8519480e5c015ae6cf3ba7de8669e260561616a36eb9c308b5983ab0	1	3	85cbfdf5aacd6ffbe8718603cb6b04ae9d3263634ec7dedd9bad4ef7cc700746
1790872545	238	04dbe32c2062240a4ba0bcad01d7edd98c78b51c77765d5e1e5e9fa3743d2f12a1f82f42cd7dc4f41445979117d790f23e9b3d08d0aa06d527c236172043e747fc	1	3	f56e9e6ee148af614b6cfe877d7c2ff71575624c67c0bed73be1236c71d0efc7
1790872545	238	04f700a417754b775d95421973bdbdadb2d23c8a5af46f1829b1431f5c136e549e8a0d61aa0c793f1a614f8e437711c7758473c6ceb0859ac7e9e07911ca66b5c4	1	3	d9f309365ccf8bf057ccbd26951a84bacdc1a862c6ff565bfa325ede8fbf095d
1790872545	239	04f700a417754b775d95421973bdbdadb2d23c8a5af46f1829b1431f5c136e549e8a0d61aa0c793f1a614f8e437711c7758473c6ceb0859ac7e9e07911ca66b5c4	1	3	6cba01e1631abd7acfe0752665f6773ad99c1aa1b4dd915740c82ff70cfd4521
1790872545	239	04dbe32c2062240a4ba0bcad01d7edd98c78b51c77765d5e1e5e9fa3743d2f12a1f82f42cd7dc4f41445979117d790f23e9b3d08d0aa06d527c236172043e747fc	1	3	3b634e4a546ecc8ec784917d539becfc018f152f01e8706b6c636eec5cb9c1e0
1790872545	239	04d8b6c325ae12e89823866b2a292a62d7acee520954761890a1621fef79dca1c8e8df79dd8519480e5c015ae6cf3ba7de8669e260561616a36eb9c308b5983ab0	1	3	4e260be617aa10593a2df7aae3eecc891f33edae97f9f9977ce11d03bee4aa53
1790872546	240	04f700a417754b775d95421973bdbdadb2d23c8a5af46f1829b1431f5c136e549e8a0d61aa0c793f1a614f8e437711c7758473c6ceb0859ac7e9e07911ca66b5c4	1	3	9f20f85285aa636ed43a788e86de9bdd38704e2c58a6984dd1c951144e0cbf18
1790872546	240	04d8b6c325ae12e89823866b2a292a62d7acee520954761890a1621fef79dca1c8e8df79dd8519480e5c015ae6cf3ba7de8669e260561616a36eb9c308b5983ab0	1	3	247038ea512a22dea4e55f4f9d72f96c94059e12e7b431760c52f0ae46b20d1b
1790872546	240	04dbe32c2062240a4ba0bcad01d7edd98c78b51c77765d5e1e5e9fa3743d2f12a1f82f42cd7dc4f41445979117d790f23e9b3d08d0aa06d527c236172043e747fc	1	3	0dc1c59b387d311c5759309d417b07525686591b43b6364ef40a6b5de547337a
1790872547	241	04d8b6c325ae12e89823866b2a292a62d7acee520954761890a1621fef79dca1c8e8df79dd8519480e5c015ae6cf3ba7de8669e260561616a36eb9c308b5983ab0	1	3	b4344a8544a1a5db0a20111878e9d945aaca7d15a64d2e3a9e0cc8592e6008ac
1790872547	241	04f700a417754b775d95421973bdbdadb2d23c8a5af46f1829b1431f5c136e549e8a0d61aa0c793f1a614f8e437711c7758473c6ceb0859ac7e9e07911ca66b5c4	1	3	74b0fa30b293ff6e767103fbef96fb5ad068edb38231fa1f5d58478bc68fa20a
1790872547	241	04dbe32c2062240a4ba0bcad01d7edd98c78b51c77765d5e1e5e9fa3743d2f12a1f82f42cd7dc4f41445979117d790f23e9b3d08d0aa06d527c236172043e747fc	1	3	315a0fa85cbbd0d184a94136f90e8676f3aa5d068cb7ad22fe4a95e70bbca4cd
1790872547	242	04f700a417754b775d95421973bdbdadb2d23c8a5af46f1829b1431f5c136e549e8a0d61aa0c793f1a614f8e437711c7758473c6ceb0859ac7e9e07911ca66b5c4	1	3	70ff3969cdadc4f87d1e46db4a5955754c6b736fc90fca5a19ce5d9f10a94de5
1790872547	242	04dbe32c2062240a4ba0bcad01d7edd98c78b51c77765d5e1e5e9fa3743d2f12a1f82f42cd7dc4f41445979117d790f23e9b3d08d0aa06d527c236172043e747fc	1	3	54d25bcdcb75ed698744215cc7c700120cb3e66768c426acbc73006ce034cce3
1790872547	242	04d8b6c325ae12e89823866b2a292a62d7acee520954761890a1621fef79dca1c8e8df79dd8519480e5c015ae6cf3ba7de8669e260561616a36eb9c308b5983ab0	1	3	eceae672234c43b1ac57bb268d2aa20adf2334ea89ab0102c140f501cf84e45f
1790872548	243	04f700a417754b775d95421973bdbdadb2d23c8a5af46f1829b1431f5c136e549e8a0d61aa0c793f1a614f8e437711c7758473c6ceb0859ac7e9e07911ca66b5c4	1	3	dda85386bbccf6819231c124105ad81a7cdece22289af5cb2da72d98b56f18a0
1790872550	243	04dbe32c2062240a4ba0bcad01d7edd98c78b51c77765d5e1e5e9fa3743d2f12a1f82f42cd7dc4f41445979117d790f23e9b3d08d0aa06d527c236172043e747fc	1	3	bf2dbf25de1ad10c6be66d67dd9c11e6f4d0948ae4a819690c77cf2d38886777
1790872550	243	04d8b6c325ae12e89823866b2a292a62d7acee520954761890a1621fef79dca1c8e8df79dd8519480e5c015ae6cf3ba7de8669e260561616a36eb9c308b5983ab0	1	3	38ccd8cfe3266c5f7ba4358cabb5438075d92670817d4525069dcfb8762990d3
1790872550	244	04f700a417754b775d95421973bdbdadb2d23c8a5af46f1829b1431f5c136e549e8a0d61aa0c793f1a614f8e437711c7758473c6ceb0859ac7e9e07911ca66b5c4	1	3	6bdcce5291e956138f44a88c7043d9a821110532732286080355a5649d6425db
1790872550	244	04dbe32c2062240a4ba0bcad01d7edd98c78b51c77765d5e1e5e9fa3743d2f12a1f82f42cd7dc4f41445979117d790f23e9b3d08d0aa06d527c236172043e747fc	1	3	82a4e71dfd707cf59e4f9c73ff8ed734012e7798d2b74ca53b826274d596238b
1790872550	244	04d8b6c325ae12e89823866b2a292a62d7acee520954761890a1621fef79dca1c8e8df79dd8519480e5c015ae6cf3ba7de8669e260561616a36eb9c308b5983ab0	1	3	fee35434c579074b11c9279fcbaac7801f5bbdb39fbeb9f2634d55a44a2fe4fa
1790872551	245	04f700a417754b775d95421973bdbdadb2d23c8a5af46f1829b1431f5c136e549e8a0d61aa0c793f1a614f8e437711c7758473c6ceb0859ac7e9e07911ca66b5c4	1	3	ec699a771063034a5cf422aae818c358c70348a5d15bbaec42bebbf9614c6398
1790872551	245	04d8b6c325ae12e89823866b2a292a62d7acee520954761890a1621fef79dca1c8e8df79dd8519480e5c015ae6cf3ba7de8669e260561616a36eb9c308b5983ab0	1	3	823e4367076e15146b075fa9e076f37133796175439432f5f252017f9097574d
1790872551	245	04dbe32c2062240a4ba0bcad01d7edd98c78b51c77765d5e1e5e9fa3743d2f12a1f82f42cd7dc4f41445979117d790f23e9b3d08d0aa06d527c236172043e747fc	1	3	4b3131e0ace8388dccb10fd70ac1fe594a392ba0b825278fc3447048922974f9
1790872552	246	04f700a417754b775d95421973bdbdadb2d23c8a5af46f1829b1431f5c136e549e8a0d61aa0c793f1a614f8e437711c7758473c6ceb0859ac7e9e07911ca66b5c4	1	3	ebb7c24029199315958e24ef1d7ab97c81ea7849280eba8566fc65c983b1bb76
1790872552	246	04d8b6c325ae12e89823866b2a292a62d7acee520954761890a1621fef79dca1c8e8df79dd8519480e5c015ae6cf3ba7de8669e260561616a36eb9c308b5983ab0	1	3	d119fe0cfd6e5684e0a50ec7af744588eee017b1d252b0e97109a835fa981d0d
1790872552	246	04dbe32c2062240a4ba0bcad01d7edd98c78b51c77765d5e1e5e9fa3743d2f12a1f82f42cd7dc4f41445979117d790f23e9b3d08d0aa06d527c236172043e747fc	1	3	8f8a0f8f5abece47ef4c7ca63fb79f7ea1da8f72cc0d7543f8ae4dde2a0b7a11
1790872552	247	04f700a417754b775d95421973bdbdadb2d23c8a5af46f1829b1431f5c136e549e8a0d61aa0c793f1a614f8e437711c7758473c6ceb0859ac7e9e07911ca66b5c4	1	3	8fbe222a5a21574052eb8b156bda9378962a711d0172e958a81eab8fec7e4c5d
1790872552	247	04dbe32c2062240a4ba0bcad01d7edd98c78b51c77765d5e1e5e9fa3743d2f12a1f82f42cd7dc4f41445979117d790f23e9b3d08d0aa06d527c236172043e747fc	1	3	6d9bf76333677fa66fa130165e03a6c30e3b030ab84995b9e2e378237882a0b2
1790872552	247	04d8b6c325ae12e89823866b2a292a62d7acee520954761890a1621fef79dca1c8e8df79dd8519480e5c015ae6cf3ba7de8669e260561616a36eb9c308b5983ab0	1	3	3d3fe03cec0a4ac435aad2e40b8e3f736125bf15708e3dc6ed10926a9ed00839
1790872553	248	04d8b6c325ae12e89823866b2a292a62d7acee520954761890a1621fef79dca1c8e8df79dd8519480e5c015ae6cf3ba7de8669e260561616a36eb9c308b5983ab0	1	3	de21532df6162c1064e881d9948669d1b57c6d2973da690afe42622998a6e83b
1790872553	248	04f700a417754b775d95421973bdbdadb2d23c8a5af46f1829b1431f5c136e549e8a0d61aa0c793f1a614f8e437711c7758473c6ceb0859ac7e9e07911ca66b5c4	1	3	d4c90236e2293bb50d01cf5e2debfad481dea7a41c365f29f0216d90e3fefe7d
1790872553	248	04dbe32c2062240a4ba0bcad01d7edd98c78b51c77765d5e1e5e9fa3743d2f12a1f82f42cd7dc4f41445979117d790f23e9b3d08d0aa06d527c236172043e747fc	1	3	30c4e36daa815ece4546411b72a9c313a488ab88314d0bd1f95bb1732ee2d259
1790872555	249	04d8b6c325ae12e89823866b2a292a62d7acee520954761890a1621fef79dca1c8e8df79dd8519480e5c015ae6cf3ba7de8669e260561616a36eb9c308b5983ab0	1	3	7f0244f30e436fec61ab2a775ec1b984d139d9f105b5211464eafdd78723b373
1790872555	249	04f700a417754b775d95421973bdbdadb2d23c8a5af46f1829b1431f5c136e549e8a0d61aa0c793f1a614f8e437711c7758473c6ceb0859ac7e9e07911ca66b5c4	1	3	796bd48c9f8fbf5a724b33e899364e7a28dc51bb89d7925092bb8c3490fa3467
1790872555	249	04dbe32c2062240a4ba0bcad01d7edd98c78b51c77765d5e1e5e9fa3743d2f12a1f82f42cd7dc4f41445979117d790f23e9b3d08d0aa06d527c236172043e747fc	1	3	703e4fb28b539713a5916f7c9b52293d2d2861475f46849a6dd17fe0e7d3dd5b
1790872555	250	04f700a417754b775d95421973bdbdadb2d23c8a5af46f1829b1431f5c136e549e8a0d61aa0c793f1a614f8e437711c7758473c6ceb0859ac7e9e07911ca66b5c4	1	3	ba166f0a433ab695a2771357a6afd78bb875de5b3560d4d771cc46c7533f76ce
1790872555	250	04dbe32c2062240a4ba0bcad01d7edd98c78b51c77765d5e1e5e9fa3743d2f12a1f82f42cd7dc4f41445979117d790f23e9b3d08d0aa06d527c236172043e747fc	1	3	30ff4fd8646a2ece18c002d5aa161313895beb0ae3b047ca00ea702980265f61
1790872555	250	04d8b6c325ae12e89823866b2a292a62d7acee520954761890a1621fef79dca1c8e8df79dd8519480e5c015ae6cf3ba7de8669e260561616a36eb9c308b5983ab0	1	3	d2800422e04f12b53f1fc1cc19a49169ffbe0afe43032965a0c0bae9abcd61d8
1790872556	251	04f700a417754b775d95421973bdbdadb2d23c8a5af46f1829b1431f5c136e549e8a0d61aa0c793f1a614f8e437711c7758473c6ceb0859ac7e9e07911ca66b5c4	1	3	f98807c61bb8ccc2464e658616828789dd0e8d731d8eee4b4386bf488c065ee3
1790872556	251	04d8b6c325ae12e89823866b2a292a62d7acee520954761890a1621fef79dca1c8e8df79dd8519480e5c015ae6cf3ba7de8669e260561616a36eb9c308b5983ab0	1	3	2ebbd8748fa974b9a2fe3b2a9b77212085880d1ce3bfafbf3c9c872eab8ffa1b
1790872556	251	04dbe32c2062240a4ba0bcad01d7edd98c78b51c77765d5e1e5e9fa3743d2f12a1f82f42cd7dc4f41445979117d790f23e9b3d08d0aa06d527c236172043e747fc	1	3	1fd522c253ed03b2dbdccb8ae1a249a2f2b954d12781396986ab96273bbb869b
1790872557	252	04d8b6c325ae12e89823866b2a292a62d7acee520954761890a1621fef79dca1c8e8df79dd8519480e5c015ae6cf3ba7de8669e260561616a36eb9c308b5983ab0	1	3	c86abf04f935336899b50b686bd237479b2a7b4b022dbe097d09fba80fac2da2
1790872557	252	04f700a417754b775d95421973bdbdadb2d23c8a5af46f1829b1431f5c136e549e8a0d61aa0c793f1a614f8e437711c7758473c6ceb0859ac7e9e07911ca66b5c4	1	3	4b5b96bc4954fe191f0c814baaba7db720e344f7332033995bdfc2317ed9ed5e
1790872557	252	04dbe32c2062240a4ba0bcad01d7edd98c78b51c77765d5e1e5e9fa3743d2f12a1f82f42cd7dc4f41445979117d790f23e9b3d08d0aa06d527c236172043e747fc	1	3	16003bf64efd57d071a1af35d0b454838542fdee3290cc250bc807fba1ae1f16
1790872557	253	04f700a417754b775d95421973bdbdadb2d23c8a5af46f1829b1431f5c136e549e8a0d61aa0c793f1a614f8e437711c7758473c6ceb0859ac7e9e07911ca66b5c4	1	3	e4a03bf987fcd49c49a6ad62612bd1edd6273015465e4cd8b144265b9ca61aec
1790872557	253	04dbe32c2062240a4ba0bcad01d7edd98c78b51c77765d5e1e5e9fa3743d2f12a1f82f42cd7dc4f41445979117d790f23e9b3d08d0aa06d527c236172043e747fc	1	3	581f7d110a5704a03d044f79e8a69fe716375cf423657dd833c4747078b4bbbc
1790872557	253	04d8b6c325ae12e89823866b2a292a62d7acee520954761890a1621fef79dca1c8e8df79dd8519480e5c015ae6cf3ba7de8669e260561616a36eb9c308b5983ab0	1	3	17b9d7d93f6719b030ac339632aa12be7ec30de61b996c63fe52e3c3006fe6a4
1790872558	254	04f700a417754b775d95421973bdbdadb2d23c8a5af46f1829b1431f5c136e549e8a0d61aa0c793f1a614f8e437711c7758473c6ceb0859ac7e9e07911ca66b5c4	1	3	f286a836547e0e87da24bcae9c86eebb6b19e6e52cc8e2e46c0acb60f182f8f8
1790872558	254	04d8b6c325ae12e89823866b2a292a62d7acee520954761890a1621fef79dca1c8e8df79dd8519480e5c015ae6cf3ba7de8669e260561616a36eb9c308b5983ab0	1	3	a5d836bde1e1c02ee9e0cf5bdaf5c0b9690c9be1cff35e7ace0ffd92aef0c9d7
1790872558	254	04dbe32c2062240a4ba0bcad01d7edd98c78b51c77765d5e1e5e9fa3743d2f12a1f82f42cd7dc4f41445979117d790f23e9b3d08d0aa06d527c236172043e747fc	1	3	1eb7e6810e12bfd2a878bb8c3369a03724eabec2b95e2142a6e33137ab1c36d9
1790872560	255	04d8b6c325ae12e89823866b2a292a62d7acee520954761890a1621fef79dca1c8e8df79dd8519480e5c015ae6cf3ba7de8669e260561616a36eb9c308b5983ab0	1	3	93170afe44128eb061c9e1b0c81a7d9c93d4fd3da756c03737d45cd6cf4ad1b2
1790872560	255	04f700a417754b775d95421973bdbdadb2d23c8a5af46f1829b1431f5c136e549e8a0d61aa0c793f1a614f8e437711c7758473c6ceb0859ac7e9e07911ca66b5c4	1	3	17ff7d50e858bfe49e8f89c2d23f58403d540eb150ff771911f9e34d8449ee23
1790872560	255	04dbe32c2062240a4ba0bcad01d7edd98c78b51c77765d5e1e5e9fa3743d2f12a1f82f42cd7dc4f41445979117d790f23e9b3d08d0aa06d527c236172043e747fc	1	3	0c2255f084aeb5e424f3865287c26c3a7dea6205c8eb6381423d0ce1fbadaa6d
1790872560	256	04f700a417754b775d95421973bdbdadb2d23c8a5af46f1829b1431f5c136e549e8a0d61aa0c793f1a614f8e437711c7758473c6ceb0859ac7e9e07911ca66b5c4	1	3	77cb0bf8e6bb6afe514d6f0acf3b9a7ff1a95e227dcb25f606979e4fac2d436e
1790872560	256	04dbe32c2062240a4ba0bcad01d7edd98c78b51c77765d5e1e5e9fa3743d2f12a1f82f42cd7dc4f41445979117d790f23e9b3d08d0aa06d527c236172043e747fc	1	3	3a8c03066a7c30886002a4227300784886979e8480170fe67930ee507e16444e
1790872560	256	04d8b6c325ae12e89823866b2a292a62d7acee520954761890a1621fef79dca1c8e8df79dd8519480e5c015ae6cf3ba7de8669e260561616a36eb9c308b5983ab0	1	3	59b605ea0d8bd4e046471ae72a10be731fcb62c3aacdda534d1d52591167ecd6
1790872561	257	04f700a417754b775d95421973bdbdadb2d23c8a5af46f1829b1431f5c136e549e8a0d61aa0c793f1a614f8e437711c7758473c6ceb0859ac7e9e07911ca66b5c4	1	3	f0c9892ee53aefd0b7c94e19211360a21be13ad80c67ebf1d3229052470a4189
1790872561	257	04d8b6c325ae12e89823866b2a292a62d7acee520954761890a1621fef79dca1c8e8df79dd8519480e5c015ae6cf3ba7de8669e260561616a36eb9c308b5983ab0	1	3	c2f6e9b65e7543779962d137fc120169ef7c9ce118d4782cdce965a988354124
1790872561	257	04dbe32c2062240a4ba0bcad01d7edd98c78b51c77765d5e1e5e9fa3743d2f12a1f82f42cd7dc4f41445979117d790f23e9b3d08d0aa06d527c236172043e747fc	1	3	8fc62ef861d1b22894519dd0e6fd653d4c5e8a455ff74167679de1f9428dac0d
1790872562	258	04d8b6c325ae12e89823866b2a292a62d7acee520954761890a1621fef79dca1c8e8df79dd8519480e5c015ae6cf3ba7de8669e260561616a36eb9c308b5983ab0	1	3	f0e04e9c90370e36d0b4f03e1e832859aa84d70f8a1df95073b283677e78ee9c
1790872562	258	04f700a417754b775d95421973bdbdadb2d23c8a5af46f1829b1431f5c136e549e8a0d61aa0c793f1a614f8e437711c7758473c6ceb0859ac7e9e07911ca66b5c4	1	3	71542c69bb2727802efed07dde861716c5408d22f128d5cf22d4d8a83571e69b
1790872562	258	04dbe32c2062240a4ba0bcad01d7edd98c78b51c77765d5e1e5e9fa3743d2f12a1f82f42cd7dc4f41445979117d790f23e9b3d08d0aa06d527c236172043e747fc	1	3	5de8c396e6bcacf14037f8492f2bca0a30002a2d6ff965e0096387e1dfc95a29
1790872563	259	04d8b6c325ae12e89823866b2a292a62d7acee520954761890a1621fef79dca1c8e8df79dd8519480e5c015ae6cf3ba7de8669e260561616a36eb9c308b5983ab0	1	3	d544f3dc040865578e840aa873fb9d52c4468d3604547bb8d3b6c1c51ab66915
1790872563	259	04f700a417754b775d95421973bdbdadb2d23c8a5af46f1829b1431f5c136e549e8a0d61aa0c793f1a614f8e437711c7758473c6ceb0859ac7e9e07911ca66b5c4	1	3	a7a0e4feba16d5182efb606251acccb14734a92cda54017a272072db45c88677
1790872563	259	04dbe32c2062240a4ba0bcad01d7edd98c78b51c77765d5e1e5e9fa3743d2f12a1f82f42cd7dc4f41445979117d790f23e9b3d08d0aa06d527c236172043e747fc	1	3	90c32a02097df35aef912626b7f16c9c0283a4e78cf176ae625c7b4e0d961ddd
1790872563	260	04f700a417754b775d95421973bdbdadb2d23c8a5af46f1829b1431f5c136e549e8a0d61aa0c793f1a614f8e437711c7758473c6ceb0859ac7e9e07911ca66b5c4	1	3	dd4480798ebdaada8d4f104f01e9681067c1405a212c40683c0e35f53338dac3
1790872563	260	04d8b6c325ae12e89823866b2a292a62d7acee520954761890a1621fef79dca1c8e8df79dd8519480e5c015ae6cf3ba7de8669e260561616a36eb9c308b5983ab0	1	3	54e799213d8eadd58ced22558db4bf50d8399d598d5e200fc1dcdf173e270ff5
1790872565	260	04dbe32c2062240a4ba0bcad01d7edd98c78b51c77765d5e1e5e9fa3743d2f12a1f82f42cd7dc4f41445979117d790f23e9b3d08d0aa06d527c236172043e747fc	1	3	7a3c1c45a561f451ae728a78f1a92af9812c135a1959f4d115b27cd768a4c4b5
1790872565	261	04f700a417754b775d95421973bdbdadb2d23c8a5af46f1829b1431f5c136e549e8a0d61aa0c793f1a614f8e437711c7758473c6ceb0859ac7e9e07911ca66b5c4	1	3	32cc36e67b28d5e1cb5fdbcdb6db78e0396d720bf9e4c7a983ecb1d2ad46581b
1790872565	261	04dbe32c2062240a4ba0bcad01d7edd98c78b51c77765d5e1e5e9fa3743d2f12a1f82f42cd7dc4f41445979117d790f23e9b3d08d0aa06d527c236172043e747fc	1	3	a6a948e98450938e88aebd8345ccee23961a5f197d659dd9822b86710a39f562
1790872565	261	04d8b6c325ae12e89823866b2a292a62d7acee520954761890a1621fef79dca1c8e8df79dd8519480e5c015ae6cf3ba7de8669e260561616a36eb9c308b5983ab0	1	3	731688ac8144e86ef25d4120f3d6d6bb4b09def89b539ef579a3993e29214682
1790872566	262	04d8b6c325ae12e89823866b2a292a62d7acee520954761890a1621fef79dca1c8e8df79dd8519480e5c015ae6cf3ba7de8669e260561616a36eb9c308b5983ab0	1	3	8c7760ad705354d450f9c71b0b304244dedfbb3ff8944cba6336159588c60c70
1790872567	262	04f700a417754b775d95421973bdbdadb2d23c8a5af46f1829b1431f5c136e549e8a0d61aa0c793f1a614f8e437711c7758473c6ceb0859ac7e9e07911ca66b5c4	1	3	d6fbafbfde21bb96f4646ff81b88f4cc73a42432d0a79c5b506a5082010756f6
1790872567	262	04dbe32c2062240a4ba0bcad01d7edd98c78b51c77765d5e1e5e9fa3743d2f12a1f82f42cd7dc4f41445979117d790f23e9b3d08d0aa06d527c236172043e747fc	1	3	02af3383b3ab2454497ad0849e72b825c2a88603ed37ef6b3cbe5584b2526236
1790872568	263	04dbe32c2062240a4ba0bcad01d7edd98c78b51c77765d5e1e5e9fa3743d2f12a1f82f42cd7dc4f41445979117d790f23e9b3d08d0aa06d527c236172043e747fc	1	3	e690ec0564ef2d9dde850838b9f790fc18f3ed2b1ef6edf3984d18d0b845c5f4
1790872568	263	04d8b6c325ae12e89823866b2a292a62d7acee520954761890a1621fef79dca1c8e8df79dd8519480e5c015ae6cf3ba7de8669e260561616a36eb9c308b5983ab0	1	3	c06684ef0a8286b28f4b51cb93e4e3fe34b880df53724dd6046c56c27091fb10
1790872568	263	04f700a417754b775d95421973bdbdadb2d23c8a5af46f1829b1431f5c136e549e8a0d61aa0c793f1a614f8e437711c7758473c6ceb0859ac7e9e07911ca66b5c4	1	3	a71550e144fd168685c8207b62461e110e2941e37a58e2efc5a4c04dc62d9751
1790872568	264	04f700a417754b775d95421973bdbdadb2d23c8a5af46f1829b1431f5c136e549e8a0d61aa0c793f1a614f8e437711c7758473c6ceb0859ac7e9e07911ca66b5c4	1	3	94b66d060ec6b667e064dacadc3402c6aa6167df3387307849e1c796ecd0056c
1790872568	264	04dbe32c2062240a4ba0bcad01d7edd98c78b51c77765d5e1e5e9fa3743d2f12a1f82f42cd7dc4f41445979117d790f23e9b3d08d0aa06d527c236172043e747fc	1	3	f0e3a6259f7007ff7b569456d4109d4c78a5eaa7856c421369625991df0ebab4
1790872568	264	04d8b6c325ae12e89823866b2a292a62d7acee520954761890a1621fef79dca1c8e8df79dd8519480e5c015ae6cf3ba7de8669e260561616a36eb9c308b5983ab0	1	3	7ef97c4c3c22bc9e23fce32c014f0f5ddd463ee3de43b9f7f9661e1d7532c08e
1790872570	265	04dbe32c2062240a4ba0bcad01d7edd98c78b51c77765d5e1e5e9fa3743d2f12a1f82f42cd7dc4f41445979117d790f23e9b3d08d0aa06d527c236172043e747fc	1	3	c0c4c3f6639e7516246a9a883aa94a930028f47762c962cd3089f0da101fa21a
1790872570	265	04d8b6c325ae12e89823866b2a292a62d7acee520954761890a1621fef79dca1c8e8df79dd8519480e5c015ae6cf3ba7de8669e260561616a36eb9c308b5983ab0	1	3	560a45e6604fbcaccd10bb70ca560209c14dc375f798bd633ab11a0069cc96a4
1790872570	265	04f700a417754b775d95421973bdbdadb2d23c8a5af46f1829b1431f5c136e549e8a0d61aa0c793f1a614f8e437711c7758473c6ceb0859ac7e9e07911ca66b5c4	1	3	31775e7db5810f87f24aa0a8a1d672c19d93ebdfbdf27fcb679689ae6b8beb01
1790872571	266	04dbe32c2062240a4ba0bcad01d7edd98c78b51c77765d5e1e5e9fa3743d2f12a1f82f42cd7dc4f41445979117d790f23e9b3d08d0aa06d527c236172043e747fc	1	3	c579179d6f831a91f4b82f230cd41705235c3add82a854e1675c640f4032b4f6
1790872571	266	04f700a417754b775d95421973bdbdadb2d23c8a5af46f1829b1431f5c136e549e8a0d61aa0c793f1a614f8e437711c7758473c6ceb0859ac7e9e07911ca66b5c4	1	3	63e366d89f6f35361e646ecc6a8984016ca0e7b70a6e006c3565ccc082fd93fd
1790872571	266	04d8b6c325ae12e89823866b2a292a62d7acee520954761890a1621fef79dca1c8e8df79dd8519480e5c015ae6cf3ba7de8669e260561616a36eb9c308b5983ab0	1	3	39ce6ea3086996ae41cefea879e978c5a55c81bb757724b8a218b9acc88a65d7
1790872571	267	04f700a417754b775d95421973bdbdadb2d23c8a5af46f1829b1431f5c136e549e8a0d61aa0c793f1a614f8e437711c7758473c6ceb0859ac7e9e07911ca66b5c4	1	3	ad0e7f7054c3a9f10a4ebdcbb6182edbc9d1c509d6ffcc7ee6ac257a3d1b9395
1790872571	267	04dbe32c2062240a4ba0bcad01d7edd98c78b51c77765d5e1e5e9fa3743d2f12a1f82f42cd7dc4f41445979117d790f23e9b3d08d0aa06d527c236172043e747fc	1	3	1b87e30841960a85409c60f723e31001c74e97b7d99d033ef542d79692aa5c84
1790872572	267	04d8b6c325ae12e89823866b2a292a62d7acee520954761890a1621fef79dca1c8e8df79dd8519480e5c015ae6cf3ba7de8669e260561616a36eb9c308b5983ab0	1	3	afa8e8b749767399df906289c32ae4b61aab1082e7059b49f15a13de099f4469
1790872572	268	04f700a417754b775d95421973bdbdadb2d23c8a5af46f1829b1431f5c136e549e8a0d61aa0c793f1a614f8e437711c7758473c6ceb0859ac7e9e07911ca66b5c4	1	3	54badc9a01a16ebd12e8bbaa293ec107c90ad19aed667116582a733c2f52de42
1790872572	268	04d8b6c325ae12e89823866b2a292a62d7acee520954761890a1621fef79dca1c8e8df79dd8519480e5c015ae6cf3ba7de8669e260561616a36eb9c308b5983ab0	1	3	732bb6efdda16e2ce0efdf99282494c083b7f1b7c1af2572cd5271bb14d935e4
1790872573	268	04dbe32c2062240a4ba0bcad01d7edd98c78b51c77765d5e1e5e9fa3743d2f12a1f82f42cd7dc4f41445979117d790f23e9b3d08d0aa06d527c236172043e747fc	1	3	f8fe65147fbdd02d02b745904b4fe2379144380782021c4c776ce89086bdd1e4
1790872575	269	04dbe32c2062240a4ba0bcad01d7edd98c78b51c77765d5e1e5e9fa3743d2f12a1f82f42cd7dc4f41445979117d790f23e9b3d08d0aa06d527c236172043e747fc	1	3	6fd60266c96bbd7d7cad78838bb3e7ee17e923275f1af0d558a2f473369c9662
1790872575	269	04d8b6c325ae12e89823866b2a292a62d7acee520954761890a1621fef79dca1c8e8df79dd8519480e5c015ae6cf3ba7de8669e260561616a36eb9c308b5983ab0	1	3	49f6345945426302555fd92b3eb189c984c048cfc7eae4dde3046fc398c38fee
1790872575	269	04f700a417754b775d95421973bdbdadb2d23c8a5af46f1829b1431f5c136e549e8a0d61aa0c793f1a614f8e437711c7758473c6ceb0859ac7e9e07911ca66b5c4	1	3	0e59d75c453223a71bfa512c7d5c4210fe413a82b452564c073f9d689539434e
1790872575	270	04f700a417754b775d95421973bdbdadb2d23c8a5af46f1829b1431f5c136e549e8a0d61aa0c793f1a614f8e437711c7758473c6ceb0859ac7e9e07911ca66b5c4	1	3	344efe8cd648315e9d039fafde474d6bcaa2e987a46c65f4da2baa90da322d54
1790872575	270	04dbe32c2062240a4ba0bcad01d7edd98c78b51c77765d5e1e5e9fa3743d2f12a1f82f42cd7dc4f41445979117d790f23e9b3d08d0aa06d527c236172043e747fc	1	3	46f51fedda9112172283713b55c00746550124c82d335b178c5183a650c1f71b
1790872575	270	04d8b6c325ae12e89823866b2a292a62d7acee520954761890a1621fef79dca1c8e8df79dd8519480e5c015ae6cf3ba7de8669e260561616a36eb9c308b5983ab0	1	3	4805278fb5bcbe7eb25c417b8f661cd9c90d5f0731dae8a8d624862b39e47f96
1790872576	271	04dbe32c2062240a4ba0bcad01d7edd98c78b51c77765d5e1e5e9fa3743d2f12a1f82f42cd7dc4f41445979117d790f23e9b3d08d0aa06d527c236172043e747fc	1	3	7ba8c02ffed9a2c6111cc82103568dafe2ef31fa78dfaff59f48ac2b7cc8c9cc
1790872576	271	04f700a417754b775d95421973bdbdadb2d23c8a5af46f1829b1431f5c136e549e8a0d61aa0c793f1a614f8e437711c7758473c6ceb0859ac7e9e07911ca66b5c4	1	3	78dd526d13c86b2dc56f8249b310696178731b7ef5005a05407a293e77c92f28
1790872576	271	04d8b6c325ae12e89823866b2a292a62d7acee520954761890a1621fef79dca1c8e8df79dd8519480e5c015ae6cf3ba7de8669e260561616a36eb9c308b5983ab0	1	3	41f8b6b5fb98335b584ed34ecf6dfedcb205002385911af88851e299504fc8c7
1790872577	272	04f700a417754b775d95421973bdbdadb2d23c8a5af46f1829b1431f5c136e549e8a0d61aa0c793f1a614f8e437711c7758473c6ceb0859ac7e9e07911ca66b5c4	1	3	b3d06c11a846024156822fda59b84f66225ecdf65c1d485cb45f1dc786a6616f
1790872577	272	04dbe32c2062240a4ba0bcad01d7edd98c78b51c77765d5e1e5e9fa3743d2f12a1f82f42cd7dc4f41445979117d790f23e9b3d08d0aa06d527c236172043e747fc	1	3	a5341d750e026ad5c464c7b107c971e92a3cfb33c1af92594ce0f328c0d4af1a
1790872577	272	04d8b6c325ae12e89823866b2a292a62d7acee520954761890a1621fef79dca1c8e8df79dd8519480e5c015ae6cf3ba7de8669e260561616a36eb9c308b5983ab0	1	3	6ea322ed94db1f6dff0cf59a8909cab6f7cbada67853e409308efb0004b598ed
1790872577	273	04f700a417754b775d95421973bdbdadb2d23c8a5af46f1829b1431f5c136e549e8a0d61aa0c793f1a614f8e437711c7758473c6ceb0859ac7e9e07911ca66b5c4	1	3	598ea938e86b39692c4e786e0680140a003fa0adf34baa0fae0c003dbb5287ab
1790872577	273	04dbe32c2062240a4ba0bcad01d7edd98c78b51c77765d5e1e5e9fa3743d2f12a1f82f42cd7dc4f41445979117d790f23e9b3d08d0aa06d527c236172043e747fc	1	3	9e19ba0415624e08d094c3109bbe2599669c4618191f55726f70ff8ec6deeb8d
1790872578	273	04d8b6c325ae12e89823866b2a292a62d7acee520954761890a1621fef79dca1c8e8df79dd8519480e5c015ae6cf3ba7de8669e260561616a36eb9c308b5983ab0	1	3	a5993ac2540bd23ca4bb1428fa96950014e2a1ee2b8c4b04e80984fe44ece47f
1790872580	274	04dbe32c2062240a4ba0bcad01d7edd98c78b51c77765d5e1e5e9fa3743d2f12a1f82f42cd7dc4f41445979117d790f23e9b3d08d0aa06d527c236172043e747fc	1	3	a8bc47e598117ec2cb0f4db585cb7ad992ffe9b70031608a3e5f4205d1dcefbb
1790872580	274	04f700a417754b775d95421973bdbdadb2d23c8a5af46f1829b1431f5c136e549e8a0d61aa0c793f1a614f8e437711c7758473c6ceb0859ac7e9e07911ca66b5c4	1	3	8959e0abe50a7a2c7d738678c005f3c2003630e5a1acbedde9f036bf6970f93b
1790872580	274	04d8b6c325ae12e89823866b2a292a62d7acee520954761890a1621fef79dca1c8e8df79dd8519480e5c015ae6cf3ba7de8669e260561616a36eb9c308b5983ab0	1	3	549f1d8a403ba9f7c8fe09d060cb261d15bd889fe1f4d56971e7f08d2ce25744
1790872581	275	04d8b6c325ae12e89823866b2a292a62d7acee520954761890a1621fef79dca1c8e8df79dd8519480e5c015ae6cf3ba7de8669e260561616a36eb9c308b5983ab0	1	3	e9092369dce8f3e62f0a158d5082648cf1775206f95d4111775fc2223c2f2ec1
1790872581	275	04f700a417754b775d95421973bdbdadb2d23c8a5af46f1829b1431f5c136e549e8a0d61aa0c793f1a614f8e437711c7758473c6ceb0859ac7e9e07911ca66b5c4	1	3	84e61d8044ad6ead1c099144f738fd6170a9a27cbae052a4a94296345c9ee637
1790872581	275	04dbe32c2062240a4ba0bcad01d7edd98c78b51c77765d5e1e5e9fa3743d2f12a1f82f42cd7dc4f41445979117d790f23e9b3d08d0aa06d527c236172043e747fc	1	3	017be4e374904618892cfb2bf078a6cba469b4c8fbfc4e27449b09eda42e3f06
1790872581	276	04f700a417754b775d95421973bdbdadb2d23c8a5af46f1829b1431f5c136e549e8a0d61aa0c793f1a614f8e437711c7758473c6ceb0859ac7e9e07911ca66b5c4	1	3	a9ddd2cd17e48ba6c3ee44bdf92beaa1e67b66263bf5ae24b7cae068fffe1e2e
1790872581	276	04dbe32c2062240a4ba0bcad01d7edd98c78b51c77765d5e1e5e9fa3743d2f12a1f82f42cd7dc4f41445979117d790f23e9b3d08d0aa06d527c236172043e747fc	1	3	8badf4381fa5e10629312f4dbd79a86e8371bb9a3e123e766921caa9a97f0d87
1790872581	276	04d8b6c325ae12e89823866b2a292a62d7acee520954761890a1621fef79dca1c8e8df79dd8519480e5c015ae6cf3ba7de8669e260561616a36eb9c308b5983ab0	1	3	df9676130608a894c7d1d9650845293043b32934bf666daab4ee4e0737fcb03c
1790872582	277	04d8b6c325ae12e89823866b2a292a62d7acee520954761890a1621fef79dca1c8e8df79dd8519480e5c015ae6cf3ba7de8669e260561616a36eb9c308b5983ab0	1	3	c3a005df6d786bbffbca4922a15b1a044fcd80015af7e7628a0f1d248aa32814
1790872582	277	04dbe32c2062240a4ba0bcad01d7edd98c78b51c77765d5e1e5e9fa3743d2f12a1f82f42cd7dc4f41445979117d790f23e9b3d08d0aa06d527c236172043e747fc	1	3	138276d4bd9516291719c3ae3cd5609b63f85e633b04b5e0ba058c944715fa3d
1790872582	277	04f700a417754b775d95421973bdbdadb2d23c8a5af46f1829b1431f5c136e549e8a0d61aa0c793f1a614f8e437711c7758473c6ceb0859ac7e9e07911ca66b5c4	1	3	09eebd86c976932a5258c80ed832b4c19c736768711dd063720ac86148ae507f
1790872582	278	04d8b6c325ae12e89823866b2a292a62d7acee520954761890a1621fef79dca1c8e8df79dd8519480e5c015ae6cf3ba7de8669e260561616a36eb9c308b5983ab0	1	3	1a68d33c006085d11e5e50e9685e0598cb5caf3fbea3836b3e9dd98ec57fbba6
1790872583	278	04dbe32c2062240a4ba0bcad01d7edd98c78b51c77765d5e1e5e9fa3743d2f12a1f82f42cd7dc4f41445979117d790f23e9b3d08d0aa06d527c236172043e747fc	1	3	ebb8046b2b3863d7ec5c2e8e4324eb93ef524db62bda7368e89a10ee0850b20b
1790872583	278	04f700a417754b775d95421973bdbdadb2d23c8a5af46f1829b1431f5c136e549e8a0d61aa0c793f1a614f8e437711c7758473c6ceb0859ac7e9e07911ca66b5c4	1	3	5e543b1dd25d783ecb4760f217c31cb231f1a651f0bc2e5de0b4554038d29f1d
1790872583	279	04dbe32c2062240a4ba0bcad01d7edd98c78b51c77765d5e1e5e9fa3743d2f12a1f82f42cd7dc4f41445979117d790f23e9b3d08d0aa06d527c236172043e747fc	1	3	a361fffbbb1ad6716c71dafbfda767bafbdae7854ddb182470e86cdb0c56bb9a
1790872583	279	04f700a417754b775d95421973bdbdadb2d23c8a5af46f1829b1431f5c136e549e8a0d61aa0c793f1a614f8e437711c7758473c6ceb0859ac7e9e07911ca66b5c4	1	3	07132b476e3ba2c1a535904a6564ee8e5ef3425daaa57227e3de70459aff6bc4
1790872583	279	04d8b6c325ae12e89823866b2a292a62d7acee520954761890a1621fef79dca1c8e8df79dd8519480e5c015ae6cf3ba7de8669e260561616a36eb9c308b5983ab0	1	3	43710a2688156d7dbf6521a6c489672ac6424bc31afdb94dfefbc0704f379f16
1790872585	280	04dbe32c2062240a4ba0bcad01d7edd98c78b51c77765d5e1e5e9fa3743d2f12a1f82f42cd7dc4f41445979117d790f23e9b3d08d0aa06d527c236172043e747fc	1	3	ea71f9bf03e196bbfcc1f56dc2b756fa4db5530c172d029dc976590279c272de
1790872585	280	04f700a417754b775d95421973bdbdadb2d23c8a5af46f1829b1431f5c136e549e8a0d61aa0c793f1a614f8e437711c7758473c6ceb0859ac7e9e07911ca66b5c4	1	3	631ef9d8db50818b55df1eccc5525a6feb4d201c3e0e2338b8418c5a4eb564be
1790872585	280	04d8b6c325ae12e89823866b2a292a62d7acee520954761890a1621fef79dca1c8e8df79dd8519480e5c015ae6cf3ba7de8669e260561616a36eb9c308b5983ab0	1	3	5bd0d461396dc6ff4ae959f04d8c5e050c4625a47480d7fe30296c792656ae19
1790872586	281	04dbe32c2062240a4ba0bcad01d7edd98c78b51c77765d5e1e5e9fa3743d2f12a1f82f42cd7dc4f41445979117d790f23e9b3d08d0aa06d527c236172043e747fc	1	3	ba88ff9137b130b59086495e1377339e583aa0dd8c94e8a715d293ab666df6a9
1790872586	281	04f700a417754b775d95421973bdbdadb2d23c8a5af46f1829b1431f5c136e549e8a0d61aa0c793f1a614f8e437711c7758473c6ceb0859ac7e9e07911ca66b5c4	1	3	83df85fc8d7948c741bba9c54d476f7c48c0d94fec1156d491b537d7aef3c128
1790872586	281	04d8b6c325ae12e89823866b2a292a62d7acee520954761890a1621fef79dca1c8e8df79dd8519480e5c015ae6cf3ba7de8669e260561616a36eb9c308b5983ab0	1	3	69dda33387994876073ef02f6add35a3f9308da0c7421f7ce73922130887cf33
1790872586	282	04f700a417754b775d95421973bdbdadb2d23c8a5af46f1829b1431f5c136e549e8a0d61aa0c793f1a614f8e437711c7758473c6ceb0859ac7e9e07911ca66b5c4	1	3	c71d12891e92edfb7b370db98b0dd35623b6753652a3b364f9d633f6b9b3183b
1790872587	282	04d8b6c325ae12e89823866b2a292a62d7acee520954761890a1621fef79dca1c8e8df79dd8519480e5c015ae6cf3ba7de8669e260561616a36eb9c308b5983ab0	1	3	468fc0bdb931d0317b5fc8afc25e6c35188972966c206a2ec702ce38798540e8
1790872587	282	04dbe32c2062240a4ba0bcad01d7edd98c78b51c77765d5e1e5e9fa3743d2f12a1f82f42cd7dc4f41445979117d790f23e9b3d08d0aa06d527c236172043e747fc	1	3	26a9d1de42b3ad39f7a000c20ac421fb804431d30ba52d0cd752d2d8b20cfd52
1790872587	283	04f700a417754b775d95421973bdbdadb2d23c8a5af46f1829b1431f5c136e549e8a0d61aa0c793f1a614f8e437711c7758473c6ceb0859ac7e9e07911ca66b5c4	1	3	161b1c6d75ca04a1f09e3318a2a4a8d7cb782b6a70e7aea4a154344f139665e4
1790872588	283	04d8b6c325ae12e89823866b2a292a62d7acee520954761890a1621fef79dca1c8e8df79dd8519480e5c015ae6cf3ba7de8669e260561616a36eb9c308b5983ab0	1	3	eb7c0ce40f66b8b37158fc6dd24c59ce3d09c97e3db05560f23748aa34bc8f7a
1790872588	283	04dbe32c2062240a4ba0bcad01d7edd98c78b51c77765d5e1e5e9fa3743d2f12a1f82f42cd7dc4f41445979117d790f23e9b3d08d0aa06d527c236172043e747fc	1	3	e70851b18c2fdb95d365aa65ccbeda84d8247650bf5e4ee7b7b5937433786e65
1790872588	284	04d8b6c325ae12e89823866b2a292a62d7acee520954761890a1621fef79dca1c8e8df79dd8519480e5c015ae6cf3ba7de8669e260561616a36eb9c308b5983ab0	1	3	b75b16918e5b1f7eac4f6f5de3ebb4950ccb9a2a20d41214fc93a3ff0f7a66ab
1790872588	284	04f700a417754b775d95421973bdbdadb2d23c8a5af46f1829b1431f5c136e549e8a0d61aa0c793f1a614f8e437711c7758473c6ceb0859ac7e9e07911ca66b5c4	1	3	0d4ee8b3615decee2920f3dafde36114d448ef2d7fa0d0ab8b649b8d805b4491
1790872588	284	04dbe32c2062240a4ba0bcad01d7edd98c78b51c77765d5e1e5e9fa3743d2f12a1f82f42cd7dc4f41445979117d790f23e9b3d08d0aa06d527c236172043e747fc	1	3	996ea0568da705d73fc7a98e65f07fe01e69f8b747c581ede06817114131fb2f
1790872590	285	04dbe32c2062240a4ba0bcad01d7edd98c78b51c77765d5e1e5e9fa3743d2f12a1f82f42cd7dc4f41445979117d790f23e9b3d08d0aa06d527c236172043e747fc	1	3	f489aaddf657e7176bbf6fac5e8b1aa79b0027b907e8b1be8efac0b0e1ec6896
1790872590	285	04d8b6c325ae12e89823866b2a292a62d7acee520954761890a1621fef79dca1c8e8df79dd8519480e5c015ae6cf3ba7de8669e260561616a36eb9c308b5983ab0	1	3	32d49b25308701fbb0bdb96cb4f6fb3dce7d6903dfc68533bb553ad7f6e3146b
1790872590	285	04f700a417754b775d95421973bdbdadb2d23c8a5af46f1829b1431f5c136e549e8a0d61aa0c793f1a614f8e437711c7758473c6ceb0859ac7e9e07911ca66b5c4	1	3	131fb8e2ebb6ae49178ed9c04a77d6b48dec39bdea6beb3cda4fd49b4a21a5fd
1790872590	286	04d8b6c325ae12e89823866b2a292a62d7acee520954761890a1621fef79dca1c8e8df79dd8519480e5c015ae6cf3ba7de8669e260561616a36eb9c308b5983ab0	1	3	889d16584791efbf881cfe55613cd2f24da8b338025587eb3b85f51708a9da5a
