# The audit check-off -- one row per finding, authored.
# Rendered into spec/AUDIT.md by tools/emit-findings-register.sh; the state is edited here.
#
# Columns: id, alias, section, state, title, evidence, owes, laws
#
# `laws` (optional, and required on an open row): the law this finding is an instance of, as its
# `number`+`clause` in `spec/laws.tsv` (`51b`, `14a`), a comma-separated list of them, or
# `candidate:<slug>` for a finding that *proposes* a law rather than instantiating one. A row without
# the cell is *unclassified*: the emitter prints that count every run and refuses to let it grow.
#
# state vocabulary (closed, three words):
#   todo         outstanding; `owes` says what would close it, and an empty cell is a defect
#   in progress  being worked on now; `owes` says by whom and since when
#   done         settled: fixed, assessed faithful, a deliberate deviation, or refuted
#
# `section` is the `## N.` pass in spec/audit/passes.md that carries the full account.
# `alias` is an id this finding was also known by; a citation to either resolves here.
TS1		2	done	`Message.height`/`sender_seq` are now `BlockHeight`/`SeqNum`; `message_from_block_metadata` no longer discharges (`casper/src/dag.rs`); `fringe_height` returns `Option<BlockHeight>` (the old `-1` sent	message_from_block_metadata	-
TS2		2	done	`Add<NonNegI64>` (the delta carries non-negativity); added `NonNegI64::one()`; call sites use `+ NonNegI64::one()`		-
TS3		2	done	`Node = [Item; NUM_ITEMS]` (fixed array); `empty_node` = `std::array::from_fn`	std::array::from_fn	-
TS4		2	done	reject negative cost (`map_err`); `PCost.cost` is a `uint64`, so a negative (over-charged) cost is an accounting anomaly		-
TS11		2	done	`checked_sub` returning `Err` on a too-small max size		-
C1		5	done	unauthenticated arbitrary-rholang Repl on `0.0.0.0`		-
C2		5	done	transport `stream` buffered all chunks before the size breaker	max_stream_message_size	-
C3		5	done	`send` spawned a task per inbound message, unbounded		-
H1		5	done	/H2 — unauthenticated propose + deploy flooding (autopropose amplification)		-
H3		5	done	global `connections` write-lock held across outbound `send`	handle_protocol_handshake	-
H4		5	done	block-request bandwidth amplification	handle_block_request	-
H5		5	done	`BlockRetriever.requested` map unbounded	AdmitHashStatus::CapacityReached	-
H6		5	done	DAG message-state whole-map clone per insert	dag_message_state	-
M2		5	done	`assert!`/`assert_eq!` in the block-receiver state machine		-
M4		5	done	no outbound send timeout; `DEFAULT_SEND_TIMEOUT` was dead		-
M3		5	done	blocking LMDB I/O inside async handlers	tokio::task::spawn_blocking	-
M1		5	done	serialized TLS accept		-
M5		5	done	peer-table fillability	update_last_seen	-
M6		5	done	unauth `/reporting/trace` forceReplay		-
M7		5	done	plaintext-HTTP external-IP discovery		-
M8		5	done	bootstrap retry-forever	keep_on_requesting_till_running	-
F1		9	done	The interpreter core is a mechanical Scala port. `rholang/src/reduce.rs` (1773 lines)		-
F2		9	done	The blessed genesis contracts re-implement a HashMap trie in interpreted rholang		-
F3		9	done	Silent partiality hides the failure. `compute_bonds` (`casper/src/runtime_manager.rs:503-509`)		-
F4		9	done	Gas metering is unwired. `ChargingRSpace` (`rholang/src/storage.rs:103`) is a pure		-
F5		9	done	Scala-specific encodings leaked into the port		-
R1		11	done	deploy signature not verified on the gRPC path. `casper/src/api/block_api_impl.rs::deploy`	verify_signature_accepts_valid_deploy/verify_signature_rejects_tampered_term	-
R2		11	done	unbounded deploy pool. `casper/src/dag.rs::add_deploy` put without bound (keyed by	add_deploy_rejects_when_pool_full	-
R3		11	done	lz4 decompression bomb. `comm/src/transport/stream_handler.rs::decompress_content`	restore_rejects_oversized_decompressed_content	-
R4		11	done	unchecked phlo multiply. `models/.../casper_message.rs::total_phlo_charge` did	total_phlo_charge_does_not_wrap_on_overflow	-
R5		11	done	plaintext unauthenticated Kademlia discovery on `0.0.0.0:40404`		-
R6		11	done	unbounded `exploratory_deploy`. `casper/src/runtime_manager.rs::capture_results` ran	casper/src/runtime_manager.rs::capture_results	-
R7		11	done	i64 stake-sum overflow. `casper/.../proposer.rs` and `block-storage/.../finalizer.rs`	i64_overflowing_stakes_do_not_wrap	-
R8		11	done	private keys/certs written with default perms. `generate_certificate_if_absent.rs`,	fs::write/crypto::util::key_util::write_private_key	-
R9		11	done	rholang parser has no recursion-depth guard. `rholang/src/parser.rs` recursed without bound	rejects_excessive_nesting_depth	-
R10		11	done	HTTP `/api/deploy` not rate-limited	api_explore_deploy/api_explore_deploy_by_block_hash	-
R11		11	done	`PBKDF2_ITERATIONS = 1024`		-
R12		11	done	validate-on-ingress `from_slice` asserts. `models/{block_hash,block/state_hash,validator}.rs`	block_api_impl/deploy_grpc_service_v1/from_byte_array	-
S1		12	done	`encode_signature_rs_to_der` rejects RS length ≠ 64; `der_integer` guards empty input — closes the `secp256k1:eth` 1-byte-sig remote panic.	encode_signature_rs_to_der	-
S2		12	done	`decode_signature_der_to_rs` validates `end`/integer lengths before slicing — no panic on crafted DER.	decode_signature_der_to_rs	-
S3		12	done	`to_public`/`secret_key_from` return `CryptoError::InvalidLength` instead of `copy_from_slice` panic.	secret_key_from/copy_from_slice	-
S4		12	done	`normalize_signature_low_s` (DER + raw-RS) canonicalizes `s → n−s` when high; idempotent, never panics.	normalize_signature_low_s	-
S5		12	done	`EDiv`/`EMod` reject `l == i64::MIN && r == -1` — no `MIN / -1` / `MIN % -1` panic.		-
S6		12	done	`charge` clamps the balance at 0 on exhaustion (no negative cell).		-
S7		12	done	Receive continuation body uses `substitute_par_and_charge` (deviation: Scala charges).	substitute_par_and_charge	-
S8		12	done	`MAX_CHAIN_LENGTH = 512` guard on the ten flat operator/pipe/conjunction/method chains — no depth-N left-leaning AST.		-
S9		12	done	`MAX_CONCURRENT_STREAMS = 1024` semaphore on the inbound `stream` RPC.		-
S10		12	done	client `stream` wrapped in `DEFAULT_SEND_TIMEOUT`; `channels` cache capped (`MAX_CACHED_CHANNELS = 1024`).		-
S11		12	done	`connections` capped (`MAX_CONNECTIONS = 1024`); residual identity-binding gap documented.		-
S12		12	done	reject private/loopback/link-local/unspecified discovery endpoints (SSRF).		-
S13		12	done	`is_safe_url` rejects loopback/link-local/unspecified/multicast (allows RFC1918); bodies capped at 64 KiB.	is_safe_url	-
S14		12	done	external-IP body capped at 8 KiB.		-
S15		12	done	`phlo_price` result is honored — below-min-price blocks rejected (deviation from Scala `recoverWith`).		-
S16		12	done	`validate_dag_state` returns `Result` instead of `assert!`; propagated at both call sites.	validate_dag_state	-
S17		12	done	block-store `put` error is logged and the block skipped.		-
S18		12	done	`incoming_blocks` is a bounded channel (`MAX_PENDING_BLOCKS = 1024`, `try_send`); receiver side re-typed.		-
S19		12	done	validation-failed / internal-error blocks are no longer re-broadcast.		-
S20		12	done	`bytes.len() as u8` → `u8::try_from` (no truncation).	u8::try_from	-
S21		12	done	negative `depth` rejected (listen-at-name); `visualize_dag` clamps `start_block_number ≥ 0`; block-range check uses `checked_sub`.		-
S22		12	done	`block_lock_map` bounded (`MAX_LOCKED_BLOCKS = 4096`, oldest evicted).	block_lock_map	-
S23		12	done	`repeat_deploy` keys the dedup set on `normalize_signature_low_s` (malleability).	normalize_signature_low_s	-
S24		12	done	`getEventByHash` and `/api/transactions/:hash` gated on `enable-reporting`.		-
S25		12	done	`/api/v1/propose` `GET → POST`; admin CORS gated by `--api-enable-devnet-cors`; admin HTTP binds loopback unless `api-server.enable-devnet-admin-public` is set — *corrected 2026-09-27 (AUDIT C132): th	admin_bind_host	-
S26		12	done	`data_dir` escaped before HOCON interpolation.		-
R13	F1	13	done	decompressed-blob memory amplification on the `stream` path. `comm/src/transport/grpc_transport_receiver.rs:173-217` buffers up to `max_stream_message_size` (default 256 MiB) per stream, then …	max_stream_message_size	-
R14	F2	13	done	unbounded concurrent TLS handshakes. `grpc_transport_receiver.rs:248-263` spawns one accept task per TCP connection with no timeout; the 128-slot channel bounds only *completed* handshakes		-
R15	C1	13	done	unbounded block-validation pipeline. `node/src/runtime/node_runtime.rs:531` feeds replay validation through an `unbounded_channel`; the bounded ingress (S18) is upstream of it, so a peer streaming …	block_processor::apply	-
R16	C2	13	done	unbounded `StoreItemsMessageRequest.take`. `casper/src/engine/node_running.rs:342-344` bounds only the *sign* of `skip`/`take`; `take=i32::MAX` triggers a full-trie traversal + giant reply …		-
R17		13	done	faucet rate limit is global, no per-source/address budget. `node/src/web/http.rs:44,127-136` + `web_api_impl.rs:89` use one shared `RateLimiter` (1/s); a single caller drains the genesis dev …		-
R18	E1	13	done	`CostAccounting.log` grows unboundedly. `rholang/src/accounting.rs:370,410` appends a `Cost` (with a heap `String` op) per `charge` and never clears; `total_charged()` (`:395`) re-sums the whole …		-
R19		13	done	`exploratory_deploy` reads the non-finalized chain tip. `casper/src/api/block_api_impl.rs`'s `exploratory_deploy` (commit `5186361dc`) read `height_map.iter().next_back()` (first hash at max …	last_finalized_block	-
R20		13	done	`revVault transfer` unchecked i64 add + self-transfer guard before the balance check. `rholang/src/system_processes.rs` — `i64::from(to_balance) + i64::from(amount)` overflows on extreme balances …		-
R21	E3	13	done	arithmetic panic on `EMult`/`EPlus`/`EMinus`/`ENeg`. `rholang/src/reduce.rs:265,367,395,247` use raw `l*r`/`l+r`/`l-r`/`-hs` on `GInt`; `i64::MAX * 2` panics the reducer in debug builds		-
R22	E4	13	done	number-channel merge/diff unchecked i64. `rholang/src/merging.rs:97,305` (`init_num + diff`, `end_val - prev`) wrap/panic and write a corrupted value into the trie		-
R23	E2	13	done	`slice` charges output length but walks input uncharged. `rholang/src/reduce.rs:1264` (`"slice"`) — a recursive contract slicing a large string gets ~16M:1 op/phlo amplification		-
R24	F4	13	done	SSRF filter classifies only IPv4 literals. `comm/src/rp/handle_messages.rs:27-40` + Kademlia lookup-insertion (`kademlia_node_discovery.rs:45-50`) connect to attacker-chosen hostnames/IPv6	is_local_address	-
R25	F3	13	done	global channel cache mutex held across an unbounded connect. `comm/src/transport/grpc_transport_client.rs:68-75` (`create_channel`)	connect_with_connector_lazy	-
R26	F5	13	done	`stream` size cap counts only data bytes. `grpc_transport_receiver.rs:173-184` — empty `Chunk.content_data` never advances `received`, so unbounded empty chunks grow the per-stream buffer		-
R27	C3	13	done	`phlo_price` checked after replay. `casper/src/multi_parent_casper.rs:298` (`block_summary`) — a below-min-price block is fully replayed before rejection, so `phlo_price=0` deploys give free …	validate_block_checkpoint	-
R28	C4	13	done	deploy pool never expires future-dated deploys. `casper/src/dag.rs:428-432` — the pool ingress never bounded `valid_after_block_number`, so deploys anchored at `i64::MAX` filled …	valid_after_block_number	-
R29	C5	13	done	block-receiver maps unbounded. `casper/src/blocks/block_receiver.rs:101` — valid-signed blocks with unresolvable justifications are retained forever		-
R30	C7	13	done	`PeerRateLimiter` never evicts. `casper/src/engine/node_running.rs:106` — `BTreeMap<Vec<u8>,(Instant,u32)>` grows with connection churn		-
R31	F6	13	done	attacker-influenced UPnP gateway can set the advertised external host (hostname bypasses `is_ssrf_unsafe_host`). `comm/src/upnp/gateway.rs:119-136`	a_hostname_external_address_is_published_and_named_as_one	-
R32	F7	13	done	attacker-controlled large `sender.host` retained in the connections table. `comm/src/rp/handle_messages.rs:70-93`	a_host_over_the_bound_is_refused_at_the_wire	-
R33	A4	13	done	faucet to the deployer's own address is a no-op that still consumes the rate budget and submits a deploy	the_faucet_refuses_a_drip_to_the_deployers_own_address	-
R34	A5	13	done	`/api/faucet` routes are mounted unconditionally on the public router; the dev-mode gate is only inside the handler	a_node_without_the_faucet_does_not_mount_the_route	-
R35	A6	13	done	a faucet drip is silently dropped once the tip passes `height+50` (`DEPLOY_LIFESPAN`), after `200` was already returned		-
R36	A7	13	done	the single `deploy_rate_limiter` is shared by deploy + explore-deploy, so explore floods starve deploys	an_explore_flood_does_not_spend_the_deploy_budget	-
R37	E7	13	done	play sorts channel data by `Datum.source` but replay keeps store order; correct today, but an undocumented play-vs-replay fragility	run_matcher_consume	-
C160		15	done	a decided coordinator record could be resurrected by a late vote	an_abort_is_absorbing	-
C161		15	done	a phase-two failure is discarded. `casper/src/gateway/mod.rs::apply_phase_two` ignores	a_failed_phase_two_leaves_the_decision_intact	-
C162		15	done	the inner replay trace check does not fire for a term tamper; the state-hash comparison	a_tampered_deploy_replays_to_a_rejected_state_hash	-
C4		15	done	a saturated inbound queue is reported to callers as `MessageTooLarge`	a_full_dispatch_queue_is_rejected_and_recovers	-
C5		15	done	a `ParBody` continuation dispatched with no matched data panics in the random merge	a_par_body_with_no_matched_data_panics_in_merge	-
C6		15	done	`graphz` does not escape its input. `graphz/src/lib.rs::quote` wraps a label in quotes	an_embedded_quote_is_not_escaped/a_node_label_is_written_through_without_quoting	-
C7		15	done	`generate_key`'s password retry recurses without a bound	generate_key_reprompts_on_a_mismatch_and_refuses_an_empty_password/generate_key_retries_after_an_empty_password	-
C8		15	done	the R6 private-key file mode was applied only at creation (fixed here)	the_private_key_file_is_owner_only	-
C9		16	done	`(x)` was parsed as a one-element tuple; it is a group	a_parenthesised_expression_is_a_group_not_a_one_element_tuple	-
C10		16	done	the logical connectives were swapped, and disjunction was unparseable	the_logical_connectives_lex_and_parse_in_their_grammar_spelling	-
C11		16	done	`++` had no Map or Set arm. `Reduce.scala`'s `EPlusPlusBody` defines five arms: String,	plus_plus_concatenates_byte_arrays_and_unions_maps_and_sets	-
C12		16	done	`+` and `-` had no collection arms. `Reduce.scala`'s `EPlusBody` has	plus_and_minus_also_insert_into_and_delete_from_collections	-
C13		16	done	the pretty printer emitted two `|` separators between the first two items of a group, and	printing_and_reparsing_is_the_identity	-
C14		16	done	the UPnP SSRF guard could be bypassed with a bracketed IPv6 URL (fixed)	is_ssrf_unsafe_host/the_url_guard_allows_private_gateways_and_refuses_ssrf_targets	-
C15		16	done	the bit-level decoder panics on a truncated bit stream (latent, pinned)	a_truncated_mergeable_datum_panics	-
C16		17	done	the deploy-execution-status enum serialized its variant *fields* in snake_case, in the	the_api_types_deserialize_what_they_serialize	-
C17		17	done	the list and `Set` collection branches had no remainder production, and neither did the	collection_remainders_parse_for_lists_and_sets_not_only_maps	-
C18		17	done	`rho:registry:lookup` wrapped its reply in `(uri, value)`; the oracle sends the stored	registry_insert_arbitrary_and_lookup_round_trip	-
C19		17	done	a collection pattern with a *wildcard* remainder could never match, so partial *map*	collection_patterns_match_a_subset_of_their_collection/locally_free_empty	-
C20		17	done	a remainder in a `map`/`set` pattern never absorbs an entry: the pattern's remainder was	list_match_single/a_map_pattern_may_name_fewer_entries_than_the_map_has/a_named_map_remainder_captures_the_unnamed_entries	-
C21		17	done	an `if` normalized its condition against the `par` that precedes it, so every `if` that was	an_if_condition_does_not_absorb_the_pars_before_it/an_if_fires_the_same_way_wherever_it_sits_in_a_par/a_fresh_chain_serves_the_wallets_new_inbox_handshake	-
C22		17	done	C21's family, three more instances: two silent-no-match defects and one silent-consumed	a_read_does_not_destroy_the_inbox/the_class_names_resolve_through_the_alias_tier	-
C23		17	done	the formal model did not contain the surface the ten silent defects live in		-
C24		17	done	an empty collection with only a remainder did not parse (found by the new conformance	collection_remainders_parse_for_lists_and_sets_not_only_maps	-
C25		17	done	`Group!("new", …)` answered nothing because it read a dictionary genesis never	a_fresh_chain_answers_one_group_creation/a_fresh_chain_answers_two_group_creations_in_one_deploy/if_inside_a_receive_body_runs_its_else_branch	-
C26		17	done	law 5 was three `axiom`s, one of them false, and nothing checked any of them		-
C27		17	done	the base-sort receive never said which channel it listens on		-
C29		17	done	the served OpenAPI document was stale, and nothing held it to the code it describes		-
C28		17	done	the model's ground scalars were missing two of the five the protobuf has		-
C30		18	done	`parse` returned `Ok` for a valid *prefix* of its input. `Tok::Eof` is pushed by the lexer	source_to_adt_with_env	-
C31		18	done	a trailing separator was accepted at every list site — and then refused, and then	a_trailing_separator_is_accepted_as_a_deviation	-
C32		18	done	`in` was optional in `new` and `let`. `PNew ::= "new" [NameDecl] "in" Proc1` and		-
C33		18	done	a method call without its argument list parsed. `PMethod ::= Proc11 "." Var "(" [Proc]		-
C34		18	done	`GroundBigInt` was unreachable. `BigInt(42)` parsed as the *simple type* `BigInt` followed	parse_simple_type	-
C35		18	done	`PSendSynch` was unreachable. `PSendSynch ::= Name "!?" "(" [Proc] ")" SynchSendCont`	parse_name_source	-
C36		18	done	two lexical forms were accepted by accident and one crashed		-
C37		18	done	`rho_examples` was measuring the stack, not the parse		-
C38		19	done	every rho value in every reply was wrapped wrongly, and the schema file rationalised it	the_wire_shape_is_the_reference_documents	-
C39		19	done	an exploratory deploy's reply was read from one channel, and a reply anywhere else was	genesis_boot_exposes_block_over_http	-
C40		19	done	law 38's tie was stated as an `iff` that is false, and the relation was missing the clause	takesStep_sound/takesStep_complete	-
C41		19	done	the numeric-channel diff accumulator can overflow, and the merge beside it cannot	calculate_number_channel_merge/calculate_num_channel_diff/numeric_channels_nonneg	-
C42		19	done	law 5's linearity is enforced by the normalizer, not by the matcher, and the model had it	handle_proc_var/spatial_match_core/spatial_match_result	-
C43		19	done	the merge's associativity was untested, under a test that looks like it tests the	combine_is_associative/combine_has_an_identity_and_agrees_on_sorted_multisets/law9_state_change_combine_is_associative	-
C44		19	done	the matcher had no clause for a tuple, and the port has one	concrete_matches_iff_eq/arithmetic_pattern_refutes_the_unrestricted_tie	-
C45		19	done	the search claimed a step for a join, and the rule could not have derived one anyway	count_no_wildcards/exists_redex_split	-
C46		19	done	a validator cannot index the genesis, because the sidecar-regeneration path replays it without	create_genesis_block/parse_if_exists/set_vault_balance	-
C47		19	done	the matcher's fuel was short on a shape the node matches, because the measure it was derived	the_walk_past_empty_pars_is_paid_for	-
C48		19	done	the spec over-claimed a match: the *searcher* was wired into the list arm (found	a_list_pattern_cannot_skip_a_target_element	-
C49		19	done	the replay property test fails on its own recording, roughly three runs in ten (found	law11_a_replayed_script_matches_its_recording/check_replay_data/comms_for_produce	-
C50		19	done	the matcher's fuel was short a *second* time: the measure had no `etuple` case, so a tuple's	fuel_saturation	-
C51		19	done	the tie's domain predicate admitted a shape the clauses reject, so the tie was false	concrete_matches_iff_eq/a_two_expression_pattern_refutes_the_modelled_tie	-
C52		19	done	a peer's `BindPattern` could carry a negative `free_count`, and the count is not inert	bind_pattern_from_proto/receive_bind_from_proto/match_case_from_proto	-
C53		19	done	a store error read as an absent radix node (found 2026-09-24, Programme F; fixed at the	RadixTreeImpl::load_node_from_store/RSpaceImporter::get_history_item	-
C54		19	done	a wrong fix, caught by the corpus in one run: what the "set pattern over-claims" reading got	list_match_single/lean_match_corpus	-
C55		19	done	the devnet bootstrap never starts: restoring a stored chain folded the message state once per	create_comm_state/insert_msg_mut/insert_msg_without_latest_mut	-
C56		19	done	the per-block merge scope copied every message it looked at (found 2026-09-24, while	between_is_the_id_set_difference_restricted_to_the_map/dag_message_state/reading_the_dag_representation_does_not_copy_the_message_state	-
C57		19	done	law 16c's remaining tie is not a plumbing job: the model's encoder and `prost` disagree in		-
C58		19	done	law 1a's remaining gap is a *re-tagging of `cmpExpr`*, not eight more arms: the model cannot	cmpExpr/ebigint	-
C59		19	done	the set/map matcher over-claimed, and C54's reverted guard was the fix: what the reversion's	a_permuted_pattern_is_refused/an_unaligned_variable_pattern_is_refused	-
C60		19	done	the tie's domain was still too wide, and the port's matcher is not the clauses at all: the	spatialMatches_iff_eq	-
C61		19	done	a peer-supplied resume prefix of 128 bytes was one byte over the segment invariant, and the	a_128_byte_resume_prefix_is_refused	-
C62		19	done	the sync path multiplied the page it served, and the node's own metrics surface had no	chunking_a_page_does_not_copy_it_whole/report_period_snapshot/the_metrics_route_serves_the_registrys_own_numbers	-
C71		19	done	the matcher's padding is reachable from a well-formed term, so U10's refusal was refuted by	spatial_match_result/resolve_match_pads_a_level_the_pattern_does_not_bind/rho_match_pads_a_free_count_its_pattern_does_not_bind	-
C64		19	done	a fresh validator's catch-up is slow, a measured cost -- but the port does **not** diverge: the oracle's `lowerBound`/`extraHeights` cutoff is **inert in its own production path**, so both trees walk the full ancestry to genesis, and the `owes` cell's remedy (adopt the cutoff) would have been a no-op. `LfsBlockRequester.scala:125` defaults `lowerBound = 0`; the only construction in the tree (`:318`) passes `latest` and `extraHeights` and never `lowerBound`; so `blockIsAccepted = isReceivedLatest || blockNumber >= minimumHeight` (`:228`) and `NodeSyncing`'s `blockHeightOk = blockHeight >= minHeight` are both `>= 0` and vacuously true. `extraHeights` is `deployLifespan` (50, `MultiParentCasper.scala:35`) and *lowers* the bound further, so it lengthens the walk rather than bounding it. The ~6,300-vs-~50 round trip figure compared the port against a cutoff the oracle never applies	a_walk_longer_than_deploy_lifespan_reaches_genesis	-
C65		19	done	the block store's side of LFS sync swallowed two failures the oracle propagates, so a	a_failed_block_write_fails_the_walk_instead_of_marking_the_block_done	-
C68		19	done	a failed LFS sync still signalled the node out of syncing, so it could run on an incomplete DAG. **Its evidence tests pinned the residual defect**: `a_failed_sync_leaves_the_node_in_syncing` asserted the node *stays* in `NodeSyncing` after a failure, which is what the recovery half of that thread wanted changed -- and it is the test that half's fix replaced. **The recovery half landed (AUDIT C181, #125)**: a failed attempt is now retried, and the retries end in a terminal signal rather than no signal at all. This row's own invariant is unchanged and re-pinned by the replacement: a failed sync still never signals the node out of syncing, because `finished` means the state *was* restored	notify_when_restored/a_failed_sync_does_not_signal_the_node_out_of_syncing/a_failed_attempt_is_retried_and_the_retries_end_in_a_terminal_signal/an_empty_fringe_does_not_consume_the_sync_trigger/an_empty_fringe_finishes_the_walk_at_once_with_nothing_in_it	-
C70		19	done	the gate could not see a nested comment, and the widened token set is the only check that	check_rust_witnesses	-
C72		19	done	four register cells, three prose paragraphs and two citations called something owed while the	RSpaceImporter::get_history_item/RNodeStateManager::is_empty	-
C73		19	done	a store-items page had a cap on its *count* and none on its *bytes*, so one request bought tens	validate_state_items/a_page_over_the_byte_cap_is_dropped_not_truncated	-
C74		19	done	the name-shape vocabulary is a convention, not a predicate, and the measurement says which half	reduce_not_deterministic	-
C75		19	done	the gate could not see a Lean module at the top of `spec/`, so a `sorry` there was invisible to		-
C120		21	done	a deploy's `deployer` is unauthenticated on the block-validation path	a_block_whose_deploy_is_not_signed_by_its_named_deployer_is_refused	-
C121		21	done	`POST /api/txn` is unauthenticated and spends the node's own validator REV to a caller-chosen address	api_txn_run/deploy_rate_limiter/api_get_transaction	-
C122		21	done	the C110 slash rule reads a flag the DAG's own store cannot return, so slashing is unreachable	the_slashable_flag_survives_the_store_round_trip_and_reaches_the_slash_rule/add_and_lookup_round_trip	-
C123		21	done	a deploy pool holding 256 valid deploys makes block production impossible	the_per_block_budget_leaves_room_for_every_seed_the_block_needs/the_selection_is_capped_and_takes_the_pools_canonical_prefix	-
C124		21	done	the matcher's subset enumeration is performed before the bound that refuses it	min_max_subsets/a_single_dimension_cannot_outgrow_the_product_cap	-
C125		21	done	`GatewayTxn::run`'s check-then-act on the durable coordinator ledger is not atomic	recover_in_flight	-
C126		21	done	the `silent` hard class is line-anchored, so a rustfmt-wrapped `try_from(..).unwrap_or(0)` chain is invisible		-
C127		21	done	the `escape` class is scoped to eleven files, so `impl Deref for <refinement>` in a sibling file is invisible		-
C128		21	done	`check-rust-witnesses.sh` counts a `... ignored` line as a passing witness		-
C129		21	done	R19 refuted: `exploratory_deploy` reads the non-finalized chain tip again	exploration_anchor	-
C130		21	done	the `unsafe` class matches only `unsafe {`, so `unsafe fn` / `unsafe impl` with real unsafe operations are green	unsafe_op_in_unsafe_fn	-
C131		21	done	the completeness guard's premise for excluding public-field newtypes is false for any name not already in `REFINEMENT_TYPES`		-
C132		21	done	registered deviation S25 is false of this tree	admin_bind_host	-
C133		21	done	the admin router's CORS comment promises a protection a simple cross-origin POST needs no preflight to bypass		-
C134		21	done	`Secp256k1::verify_bytes` does not bind the message it verifies	every_algorithms_verify_refuses_malformed_input	-
C135		21	done	`withdraw`'s deadline multiplies the raw `epoch_length` while every other epoch site divides by `epoch_divisor`	is_epoch_boundary	-
C136		21	done	`find_and_connect` dials every discovered peer serially; the routing table admits thousands and `MAX_CONNECTIONS` bounds the table, not the work	find_and_connect	-
C137		21	done	`coverage.yml` runs unpinned action refs with no `permissions:` block		-
C141		21	done	a malformed operator config file is silently truncated	a_config_file_with_a_syntax_error_is_refused_not_truncated	-
C142		21	done	a server that fails to bind is never reported	create_comm_state	-
C143		21	done	nine config keys in `defaults.conf` are parsed and never enforced	use_random_ports/keep_alive_time/keep_alive_timeout	-
C144		21	done	SIGTERM is ignored and there is no shutdown path	with_graceful_shutdown/acquire_http_server/grpc_transport_receiver	-
C145		21	done	the production logger emits no timestamp and has no verbosity control	is_trace_enabled	-
C146		21	done	a dangling `C 315` pointer in the operator-facing config, invisible to the check whose job is resolving pointers		-
C147		21	done	an unknown `--profile` is silently replaced by the default profile	an_unknown_profile_is_refused_rather_than_replaced_by_the_default	-
C148		21	done	no read surface for the PoS epoch, the active validator set, or pending withdrawals	WebApi::status	-
C149		21	done	law 46's declared witness cannot fail on the mechanism it names, because its own fixture makes the proportionality factor the identity for every validator it builds	an_epoch_splits_the_pot_and_keeps_the_dust/a_released_withdrawal_pays_the_bond_plus_the_committed_rewards/the_dust_is_real	-
C150		21	done	law 21's declared witness cannot fail on the gate, because its fixture runs on a single-threaded runtime where the gate has no observable effect	law21_the_gate_scheduler_refines_the_sequential_reference	-
C151		21	done	law 25's declared witness cannot fail when the block path's validation gate is switched off. **Both halves are now settled, and the `owes` cell's remedy turned out not to be dischargeable as written.** The second half — "the switch from scheduler mode to validation flag is covered by no test" — is closed: `law24_the_effect_mode_is_what_enables_the_certificate` observes the behaviour the wiring controls (a claim on a channel whose newest write is DFS-later is refused under `RelaxedValidated` and accepted under every other mode), where replacing the wiring with `false` had left every test green. The first half was attacked by *searching* for the divergence the remedy asks for: **seventeen hand-written shapes, including the ordering law 24 exists for** (a produce `o`, a consume `p` and a second produce `q` with `o < p < q` in DFS order, where `q` writes `p`'s channel — the DFS-later write the certificate refuses at the queue level), run under `EffectMode::Relaxed`, **which has no certificate at all**, at 40 repetitions each against the sequential reference. **None diverged on state hash or event count.** The reason is structural rather than a weak search: `Relaxed` preserves *per-channel* DFS op order in the claim queue (law 20) and frees only cross-channel interleaving, which changes neither how many events commit nor what the space holds for any program of this class — the certificate's observable effect is at the acquire, not on the resulting state. So `law25_...` cannot be made to fail by deleting the gate, not because its strategy is too narrow but because no state-level divergence exists to witness. **What would close it more strongly than a test**: a proof that relaxed ≡ sequential on state for the scheduler's fragment, which is a modelling obligation rather than a witness	law24_the_effect_mode_is_what_enables_the_certificate/c151_the_unvalidated_relaxed_scheduler_reaches_sequential_on_every_shape_tried	-
C152		21	done	law 11's machine-checked `rustWitness` names a test that cannot fail on the row's mechanism, while the row's own prose names the two that can	a_rig_whose_comm_never_happens_is_reported	-
C153		21	done	law 27's register entry points its Rust evidence at two end-to-end integration tests and at nothing else, while three tests named `law27_*` carry the row's per-guard evidence	decision_is_deterministic/law27_a_legless_record_cannot_commit	-
C154		21	done	law 19's `rustWitness` names four tests, none of which carries the merge claims the row's own statement makes	merge_with_two_children/merge_with_many_children	-
C156		21	done	law 30's corpus does not catch the parser accepting trailing input, though the row's own `falsifiable` prose names trailing input among the shapes the corpus refuses	the_node_parser_agrees_with_the_lean_model	-
C157		21	done	`tools/audit-mutate.sh` reported `green` for runs in which no test ran	the_node_parser_agrees_with_the_lean_model/the_printers_output_round_trips_through_the_node	-
C158		21	done	an arity drift on a catalog entry that does not reply was caught by nothing: the corpus carried the call's arguments and the reply's shape, but not `callArity`, so the only way a consumer could see a drifted arity was to wait for a reply that a `kind = none` row (`rho:io:stdout`, `rho:io:stderr`) never sends. **`callArity` is now emitted into `spec/conformance/protocol.tsv` and tied to the node's own `Definition.arity`** — the referent `Rchain/Protocol.lean`'s doc names — by `every_catalog_urn_arity_matches_the_definition_the_node_installs`, with `a_drifted_catalog_arity_is_reported` showing the comparison can fail. Falsified end to end: planting `2` on the `rho:io:stdout` row of the emitted corpus reddens the test with "the catalog declares arity 2, the node installs 1"	every_catalog_urn_arity_matches_the_definition_the_node_installs/a_drifted_catalog_arity_is_reported	-
C159		21	done	`tools/audit-type-system.sh`'s `silent` class listed every violation it found and counted none of them	scan_spanning	-
C155		21	done	the register's own anchor check cannot see a citation move by up to eight lines		-
C163		21	done	C129's fix left `node/tests/node_api.rs` asserting the old explore-deploy behaviour, and C129's own commit never ran that file	genesis_boot_exposes_block_over_http	-
C164		22	done	a truncated `current-root` panicked the node on the state-read path: `RootsStore::current_root` built the hash from whatever the store returned, and `Blake2b256Hash::from_byte_array` asserts its length	a_truncated_current_root_is_refused_rather_than_panicking	-
C165		22	done	the private key is written *before* its file is narrowed, so a pre-existing 0644 `rnode.key` held the secret world-readable for the length of the write — and the comment says the opposite	the_mode_is_narrowed_before_anything_is_written	-
C166		22	done	`TxnCoordinator::run_2pc` anchored **every** phase deploy at block 0 -- it called the 0-hardcoded `run_phase` wrapper -- so on any chain taller than `DEPLOY_LIFESPAN` (50) every prepare and commit was *born expired*: the participant never saw it, nothing reported an error, and the transaction silently did not happen. `run_phase_at` had been added to fix exactly this trap, and `protocol/client.rs`'s `resolve_valid_after_block_number` doc names it as one of the sites that anchor correctly -- but the whole-transaction driver kept calling the wrapper, and `run_phase_anchors_at_zero` pinned that as "kept for the client path". The anchor is a required `TxnLeg` field now, `run_2pc` forwards each leg's own height, and the wrapper is deleted. Found reading `casper/src/txn_coordinator.rs` (T1)	run_2pc_anchors_each_phase_at_its_legs_height	-
C167		20	done	law 50a's own falsifier could not fire: its witness was `n` siblings rather than `n` nested levels, so the mutation test would have passed vacuously, under the cell that cites law 22	parDepth_notsDepth/a_dropped_arm_breaks_soundness	-
C168		20	done	law 50a's Rust half was pinned by three tests that do not test it, while the every-constructor test that does exists and belongs to clause b	every_construct_in_the_parser_walk_is_descended	-
C169		20	done	law 50b's statement was not true as written: the walk's counted quantity is `Par`-nesting, and the gap is a tight factor of 3 rather than a slack of 128	parNestDepth/walkValuePar/parDepth_le_three_mul_parNestDepth	-
C170		23	done	the attestation guard counted a validator that had *ever* spoken as moving stake, and its supermajority clause was short-circuited by a deploy-bearing parent — so a node that had lost over a third of its stake attested at every height, the reverse of what the shipped comment claimed	moving_attestation_stake/attestation_suppressed/a_silent_validators_stale_message_does_not_carry_the_quorum/an_unreachable_supermajority_suppresses_even_with_a_deploy_bearing_parent/but_a_node_quiet_past_the_window_speaks_again	-
C171		23	done	an all-live net attesting on every remote block runs a block storm: the guard cannot suppress while the quorum IS reachable, so four deploys produced 126 blocks in about three minutes with autopropose off (reproduced 2026-09-29; 276 in a minute on #70 — **the unit of both figures is unverified**: the account states 126 "blocks" and, in the same sentence, "the height ran to 126", so they may be the same quantity, and if 126 is the height the block count is ~3x that on a three-validator net. This is the substitution `n127-campaign-summarise.py`'s `rate()` was found to make on 2026-10-01, and no artifact for this measurement is committed in the tree. Flagged, not corrected, and not part of C191) **Fixed 2026-10-01**: the pace half the `owes` named is in `attestation_suppressed`, not the tap — a reachable quorum now attests a deploy-bearing block promptly but gates an attestation-without-a-deploy on this node's own quiet (`cadence_due`), so a caught-up node does not re-attest to its peers' attestations. Falsifier: `a_reachable_quorum_attests_a_deploy_promptly_but_gates_the_storm` (red when the pace term is deleted). The devnet block-growth re-measurement is not re-run; the unit falsifier pins the decision the devnet figure was the symptom of. **Scope corrected 2026-10-01 (C196)**: the bound applies only to a proposal the node raised on its own (`ProposeSource::Automatic`), not to a caller's explicit propose, which `tools/devnet.sh` and `tools/devnet-test.sh` require to produce a block — see C196.	a_reachable_quorum_attests_a_deploy_promptly_but_gates_the_storm	-	51a
C172		24	done	BlockMetadataStore::add updates the in-memory DAG index before the store it indexes, so has_all_deps (index) can queue a child whose justification block_summary (store) cannot resolve: ValidateError::Internal is dropped with no re-queue, the receiver never sees the block finish, and the stall is permanent until a restart (#103)	validate_dag_state_after/a_refused_height_gap_is_not_left_in_the_index/a_failed_store_write_is_not_left_in_the_index/validate_after_agrees_with_validating_the_extended_state	-	54b
C173		25	done	one attributable failure in a bonded validator's block estranged the node that recorded it, permanently: the record is never cleared, and **four** readers act on it — `neglected_invalid_block`, `block_number`'s maximum (which skipped failed justifications until this row's fix), the merge's parent set (`interpreter_util.rs`), and `get_parents_metadata` (`proto_util.rs`, unnamed until the 2026-09-30 panel) — so a node that failed one block was refused every block above it (#105). Fixed by the cause split, option (a), and the restoring rule	an_attributable_refusal_is_not_always_an_offence/the_causes_partition_the_statuses/a_failed_parent_still_sets_its_childs_height/only_a_divergence_is_restorable/only_a_divergence_is_revalidated/a_successful_revalidation_clears_the_refusal_and_keeps_attribution/a_record_at_the_attempt_limit_is_not_revalidated_again/one_block_budget_bounds_the_revalidations	-	53a
C174		26	done	the fringe gate asked two questions of one map, so a bonded validator that produced no message made the full-partition filter unsatisfiable and capped finality whatever share of the stake the survivors held (80 % survivors did not resume finality; the same shape froze #105's 91 % survivor)	live_weight_set/calculate_fringe/a_silent_bonded_validator_does_not_cap_the_fringe/the_quorum_is_measured_against_the_whole_bonded_map_not_the_live_one	-
C175		27	done	the other half of the ingress->validate->process pipeline is still unbounded: `mpsc::unbounded_channel()` at `node/src/runtime/node_runtime.rs:758` carries full `BlockMessage`s, with a second unbounded tap at `:2604`. R15 bounded the processor-input half of this same pipeline (`:764-781`) and this half was missed — the shape the register records as this port's most-repeated defect. It is the one candidate mechanism for #117 the audit could not rule out, because its depth is measured by nothing The **observation half landed** in #120 — a queue observer at the validated, autopropose and attestation stages — so the depth is readable for the first time; the bound is still outstanding, which is why `tools/check-bounded-ingress-queues.sh` remains red. **The observable has been used, and it strikes this queue as #117's mechanism:** on the frozen reproduction the depth reads 0.0 at every sample on all three nodes while anon climbs 30 MiB -> 4 GiB and all three are OOM-killed (2026-10-01, `measure/c175-queue-depth`, configuration in the artifact header). The queue is empty throughout the ramp, and a drained queue cannot retain what the measurement found retained. **Bounded 2026-10-01**: `mpsc::channel(MAX_VALIDATED_BLOCKS)` at `node_runtime.rs:771` and `:2667` (the validated-blocks queue and the autopropose/attestation tap beside it), with the send at each producer awaiting, and **the type carries the bound** - `wire_block_processing` and `wire_block_processing_observed` now return `mpsc::Sender<BlockMessage>` for that half, and `block_processor::apply` takes one, so a caller cannot reach an unbounded path without changing a signature. `tools/check-bounded-ingress-queues.sh --gate` is green and runs in the lint job. The bound is a **policy** number and the row says so: the observer read depth 0.0 at every sample on the frozen reproduction, so 1024 is the depth the processor input beside it uses, not a measured envelope. The falsifier is `a_bounded_queue_makes_its_producer_wait`, which fails when the capacity is widened (observed red at 16) because a queue that never makes its producer wait is bounded in name only; the pipeline's own liveness is a devnet run with both taps live.	validated_blocks/tap_validated_blocks	-	candidate:bounded-queue-depth
C176		27	done	a measurement's artifacts cannot say what they measured: the devnet's arm samplers write no configuration column, so six arm files carry only a filename and one of them holds two different runs; a killed node's cgroup is gone, so a peak read through `/proc/<pid>/cgroup` returns 0 for exactly the nodes a death measurement exists to observe (`acceptance.log:746-747`); and `docs/src/node/validator-requirements.md:120-121` states a figure its own artifact refutes — "29 regions of exactly 64 MiB ... fully resident" where the snapshot holds 29 regions of exactly 32 MiB (5.7 MiB resident between them) and 11 of exactly 64 MiB, which are the arena heaps **Closed 2026-10-01**: the three parts are addressed by work that already exists — the current samplers echo their configuration into each artifact's header (`n149-sweep-run.sh` writes `tree`/`image`/`sweep`/`windows` lines), the Stage A sampler (`n117-after-fix-run.sh`) resolves the cgroup from the container id (`docker inspect` → `State.Pid` → `/proc/<pid>/cgroup`) and reads the peak while the node lives — the fix §27 itself names — and `docs/src/node/validator-requirements.md:141-150` now states the measured histogram (29 × 32 MiB worker stacks + 11 × 64 MiB arena heaps).	n149-sweep-run.sh/n117-after-fix-run.sh/validator-requirements.md	-	candidate:a-measurement-names-its-configuration
C177		28	done	the merge's rejection search carried the rejected set as *state* beside the accepted set, and it is not state: after every step `rejected = union{conflicts(x) : x in accepted}`, so a state is fully described by the accepted set alone. Carrying the second set made a state reachable by one queue entry per ordering that reaches it, cloning two `BTreeSet`s per push - 19,728,200 queue entries to expand 2,046 states on a 20-chain fork, a ratio factorial in the branch width. Those clones are 97 % of the live heap of a node at its cgroup ceiling (#117), grown 343 -> 1488 MiB within one run. Fixed by carrying the accepted set alone, which expands each state once (20 chains: 11.3 s -> 13.4 ms)	compute_rejection_options/rejection_options_match_a_literal_enumeration/rejection_options_expand_each_state_once_on_a_fork_shape	-	17a
C178		28	done	the enumeration behind C177 expands one state per nonempty subset of chains that induces an acyclic subgraph, which is `2^n - 1` when the chains do not conflict and `2^(p+1) - 2` on a fork - exponential in the width of a merge scope, unrelated to how many rejection options come out (40 chains: 2^21 states / 34.6 s, infeasible before C177). Fixed for the case the precondition covers - a relation symmetric and irreflexive on its keys makes reachable exactly independent-set and terminal exactly dominating, so the terminal states are the maximal independent sets and Bron-Kerbosch enumerates those, 40 chains 2^21 states -> 60 states, counts now linear in width. **But the node's real input is directed**: 3 attempts of the frozen reproduction, 9 node-runs, every one asymmetric (376-653 pairs among keys), because `resolve_conflict_set` unions each key's dependencies into its conflict set. The rewrite therefore declines on the node and it still expands up to 1,663,395 states per merge at the 33-43 chain widths it reaches, roughly doubling per chain (50 chains would be ~5e10) - the node is running on the C177 dedup alone, and is one wider fork from the same ceiling. The precondition had been checked on 2-chain merge fixtures with an empty final set, which cannot exhibit a dependency-induced asymmetry **Fixed 2026-10-01** (`spec/audit/evidence/n127-loaded-results.md`, `n127-directed-results.md`): the directed path quotients its states by the **rejected set**, which is the value the search returns, so every accepted set sharing a rejection union is one state and the counted work is bounded by the output - measured on a live fork, 161-174 chains expanded **153-290** states against the pre-quotient tree's **650,159** at 29 chains, and 31-45 MiB against 647-689 MiB while carrying the wider DAG. The gate was observed red with the quotient disabled: 16,383 states for one option at 14 keys, where the fixed tree expands 14. The exactness is not taken on trust - the option set is identical, so no block hash moves.	rejection_options_are_bounded_on_a_directed_shape/the_directed_path_quotients_states_by_their_rejection_union/compute_rejection_options_with_census/resolve_conflict_set_with_census/the_search_expands_one_state_per_acyclic_subset/the_maximal_independent_set_path_reports_the_same_options_for_far_less_work/rejection_options_are_bounded_on_a_fork_shape/the_merge_search_sees_the_shape_the_merge_builds	-	17a
C179		28	done	the retention falsifier measured its peak with a thread that starves, so on CI it reported an impossible value: `kept 58564 KiB` against `grew 40080 KiB`, i.e. more kept than was ever grown, while jemalloc's own closing stats said `retained: 0` - the purge the test exists to check was working and the instrument was not. A 5 ms polling thread against 16 churn threads on a small runner never gets scheduled, so its 'peak' is a baseline reading taken later and the two assertions built on it (growth budget, retention ratio) fail on a machine's scheduling rather than on the memory. It also made the branch CI-red for two commits with the *tests* never running behind it. Fixed by sampling inside the churn threads, which cannot starve, every tenth iteration. **And the same class one layer down**: the 1.5 s settle sleep before the retained read is also a machine constant - the purge is done by the allocator's background thread, and after sixteen churn threads it takes longer to become visible in `Anonymous` on CI (77 % retained) than here (29 %), which fails an assertion about an allocator that is working (`stats.retained` reads 0). Now polls until the value stops falling, capped at 30 s. **The file also had two tests where its own header says it must have one**: libtest runs them in parallel, so each one's process-wide `Anonymous` baseline absorbed the other's churn - measured here, `grew 12056 KiB` in parallel against 6560 KiB alone, and worse and less predictably so on a small runner. Now one churn in one test, asserting both properties from that single measurement. **And the retention ratio is reported, not gated**: it was the acceptance criterion for the purge configuration (purged ~31 %, un-purged ~100 %), and it reads 29 % here against a reproducible **76-77 % on CI while jemalloc's own `retained` counter reads 0 in the same run** - the allocator reporting no retention while a gate built on it fails, which means the gate is measuring the machine	anonymous_kib/churn_and_measure/churn_retention_is_measured_once_and_both_properties_hold	the ratio is the open question and is deliberately not gated: `Anonymous` on CI stays at ~76 % of the churn's growth after an adaptive settle while `stats.retained` reads 0, so what holds those pages there is unmeasured. Either find it (arenas, per-thread caches, and the metadata that scales with the core count are the candidates) or state the `Anonymous` ratio as machine-calibrated and leave the configuration claim to the node-side shim, which reads jemalloc's own counters	17a
C180		29	done	the class the register has no law for: work whose cost grows with an input nothing bounds, with the guard - where one exists - applied *after* the cost rather than before it. Three symptoms, each tracked separately with its own slug or with an unrelated law: the merge's conflict search expands one state per acyclic subset of the conflict relation (2^n - 1 where chains do not conflict, 2^(p+1) - 2 on a fork) and the node's relation is directed (376-653 asymmetric pairs among keys, from `with_dependencies`), so the fast path declines and up to 1,663,395 states are expanded on a single merge - which is C178; the ingress pipeline's second half is an unbounded channel (C175, `candidate:bounded-queue-depth`); and a 3.2k-block start-up rebuild measured ~1.8 GB and ~17 minutes before the API opened (#68, `candidate:startup-rebuild-envelope`). Closed #85 is the same shape in its sharpest form: the matcher enumerates 2^n subsets *before* the bound that refuses them **Closed 2026-10-01: the class is Law 55** (`spec/Rchain/Bounded.lean`, `proved-model`). Clause a is *the guard is before the work* - `the_work_never_exceeds_the_budget`, an invariant over `Reach`, with the defect's own shape in the same model (`the_late_guard_overspends`) so that the two are relations and not a schedule that happened to behave. Clause b is *the bound cannot change an answer* - `a_larger_budget_does_not_change_an_answer` and `a_spent_budget_carries_no_answer`, which is what makes a bound a resource policy rather than a fork (Law 17). **The members it asked for are held**: the merge search bounded by its output (C178, gated and measured - 161-174 chains expanding 153-290 states against the pre-quotient tree's 650,159 at 29), and the ingress queue bound (C175). The third, the start-up envelope (#68), is where C189 is: its measurement does not reproduce on the current build, which is a fact about the rig rather than about this row. The `candidate:` slug this row filed is **promoted rather than deleted** - Law 55's own note names it	rejection_options_are_bounded_on_a_fork_shape/tap_validated_blocks/wire_block_processing_observed	-	55a, 55b
C181		29	done	the other half of the LFS sync defect has no row and no longer has an issue: a failed sync attempt latches (`start_requester` consumed by the first *started* attempt and never re-armed; the attempt `take`s the importer and both receivers with no inverse), so the node sits in `NodeSyncing` for good with a serving API and no error line. #102 diagnosed it and was closed into #125 (the `Terminal` cause), and the candidate that issue carried -- `candidate:lfs-sync-recovery` -- lived only in its prose, so it is filed here rather than deleted with the issue. **Fixed 2026-10-01**: the retry is a loop inside the spawned task with the importer and both receivers borrowed by `&mut` (they have no inverse — the engine holds only the senders, so a re-armed trigger was never implementable), fed by a **shared latest-fringe slot** that now keeps *every* bootstrap answer instead of discarding later ones in silence, and bounded by `MAX_SYNC_ATTEMPTS`; the bound ends in a **terminal signal** — a new handle, deliberately not `finished`, which `node_launch` selects on to stop the node, because a `finished` here would take it into `NodeRunning` on a DAG it never populated	a_failed_attempt_is_retried_and_the_retries_end_in_a_terminal_signal/a_later_bootstrap_fringe_is_not_discarded_in_silence/notify_when_restored/an_empty_fringe_does_not_consume_the_sync_trigger	-	candidate:lfs-sync-recovery
C182		30	done	the merge's shape is observable only as process maxima, not as a distribution: `search_census` publishes MERGES, MAX_KEYS, MAX_CONFLICTS, MAX_ASYMMETRIC and MAX_EXPANDED plus one log line every five seconds, which says how bad the *worst* merge was and nothing about how often. The two numbers a bound on this class needs - Stage 2's threshold N and Stage 3's fee schedule (#127's change record) - have no data to be set from, because a maximum is not a distribution **Closed 2026-10-01 by derivation rather than measurement** (#153 closed on this): the bound landed as C191 and cannot bind a bonded network - `max-number-of-parents` defaults to 255 against a shipped `number-of-active-validators` of 100 (2.55x), and the parent set is the round snapshot, one message per sender - so there is no distribution from which to read a threshold, and #153's own condition allowed "a measurement or a derivation". The instrument the row also owed was fixed in its own earlier commit (the shape metrics carry their own bucket ranges, with a regression test asserting they reach the observed values).	search_census/summary/compute_rejection_options_with_census/re_reporting_a_snapshot_does_not_double_a_histogram_count	-	55a
C183		32	done	a validator that speaks and then stops caps the fringe at the height it stopped at: its last message stays in `latest_msgs` for ever (`block-storage/src/dag/message_state.rs:90-102`, one entry per sender, no bond check, no eviction), so every later candidate still justifies it while `LIVENESS_WINDOW` (5) has already dropped it from the live partition -- and `check_min_messages` then compares a four-message set against a three-sender partition by size as well as by coverage, returns `NoAdvance::Coverage`, and the fringe never advances again. This is #70's second stop, and it is why finality moved +4 heights and then pinned in two independent runs (40 -> 44 on the 2026-09-29 testnet, 14 -> 18 in the campaign's attempt 2) with `LIVENESS_WINDOW` = 5. C174 narrowed the partition to the live weight set and left this side of it standing. The fixture could not see it because its silent validator *never speaks*; the case a real net produces is 'spoke, then stopped'	a_validator_that_spoke_and_then_stopped_does_not_cap_the_fringe	-	14b
C184		33	done	the merge search was unbounded **at the site that spends the work**: `computeRejectionOptions` enumerates one state per nonempty subset that induces an acyclic subgraph with nothing refusing it before it runs, so a 33-43 chain scope costs up to 2,026,511 steps on record (nine node-runs) and the enumerated worst case is 2^43 = 8.8e12 -- the class C180 names, work whose cost grows with an input nothing bounds. **Why not a threshold on scope width**, which is what the change order proposed: width does not predict the cost (43 chains -> 899,236 states against 35 -> 1,663,395; nine runs at 30-37 chains -> 389,977 / 442,202 / 985,391 / 1,726,295 / 2,026,511), and the scope is node-relative -- `interpreter_util.rs:265-277` filters the parent set by the local DAG, so two nodes can disagree on whether a block exceeds N, and a `block_summary` refusal runs through `mark_failed_attributable`, which nothing clears, so a threshold there would manufacture the C173 wedge. The bound is applied where the work is counted (`SearchCensus::expanded`) and refuses **by dropping the merge locally**: the error reaches `ValidateError::Internal` (`multi_parent_casper.rs:361`), which inserts no metadata, so no block is recorded failed and no node is estranged. Two properties are asserted rather than argued: an exceeded search carries **no answer** (a truncated option set would pick a different rejection -- law 17a -- so it is discarded, never returned), and a budget that is not hit returns the identical option set. The guard was observed red by disabling the bound checks. The number is provisional: ~5x the largest merge on record, to be re-read from a campaign on C171's arm	a_budget_refuses_without_answering_and_never_changes_the_answer	-	55a
C185		34	done	the second stop of #70 was **the parent set the node's own proposer built**, and it is fixed in the proposer rather than in the rule: `create_msg_and_update_sender` set every block's height to `max(latest_msgs) + 1` and justified **every** `latest_msgs` entry, and `calculate_next_fringe_support_map` derives each candidate's `seen_by` from `parents \u2216 next_layer` — so a parent set that *is* every sender's newest message has almost no remainder, the head of each round has an empty one and the later movers have seen a prefix, and no candidate is a full partition. Measured through the production entry point with three live validators at the devnet's `100/100/50`, no kill and no stopped validator: `Support { supporting: 0, total: 250, full_partitions: 0, candidates: 2 }` — `supporting: 0` is not a shortfall, the numerator is zero before the quorum is consulted. **The `150 of 250` the devnet logged is this defect's half-fixed shape**, produced on the way to the correction and reproduced in-process. The fix is the round snapshot: `DagMessageState::round_parents` holds the `latest_msgs` as of the last round boundary — the first message at which every bonded sender has advanced past the previous one, with a sender silent past `LIVENESS_WINDOW` retired so the boundary cannot freeze — and the proposer justifies that. Heights stay `max + 1`, no validity rule and no gate changes, and the same chain now publishes a fringe, tracking the tip at a constant 12-height lag (48/60, 168/180, 348/360). This file's own header had said since it was written that a lockstep DAG 'never finalizes' and that the Scala round-robin spec is `ignore`d for it; three devnet runs and a fixed derivation went into chasing a gate whose input the node never produced. Both earlier readings in this row were wrong: the pin is not the kill (14 of 16 survivor node-runs had finished finalising before it) and `150 = 100 + 50` is not the departed validator's stake (10 of the instrumented run's `150 of 250` lines are pre-kill).	the_chain_the_nodes_own_proposer_builds_reaches_a_fringe/a_round_snapshot_of_the_latest_messages_is_what_the_gate_needs	-	52a
C186		35	done	**a parent set that is the justification set *is* the block creator's arithmetic, and a fixture that supplies its own counters cannot see it.** `block_creator.rs:58-75` derives both the new block's `block_num` and its `seq_num` **from the parent set** — `max(justifications.block_num) + 1` and `justifications.find(sender).seq_num + 1` — so any proposer whose parents no longer carry its own newest message reuses its `(sender, seq_num)`, and the DAG refuses the block, correctly, as an equivocation: `ERROR Self-created block #93 (seq 92) failed validation with internal error: failed to insert block into DAG: equivocation detected: sender produced two blocks with the same sequence number`, after which autopropose halts (`consecutive_failures` >= 3 breaks the timer in `node_runtime.rs:1504`) and the chain produces nothing while work is available. Found on the node, not by the tests: the round-snapshot fix's first version omitted the proposer's own entry, every fixture in `casper/tests/finalization.rs` passed its `sender_seq` explicitly, and `create_msg_and_update_sender` takes its `seq_num` from `latest_msgs` rather than from the parent set — so three fixtures and a policy comparison all agreed the chain was linked while the node disagreed. Fixed by `parents_for_new_block(sender)`, which replaces the sender's own entry in the round snapshot with its newest message; the first block of a round is unaffected because the sender's newest *is* the snapshot's entry, so the cross-sender snapshot the gate needs is untouched. **And the fixture can see it now**: `a_validator_proposing_twice_in_one_round_keeps_its_sequence` derives its numbers from the parent set the way the block creator does and proposes twice from one validator inside a round — observed red with the substitution disabled, failing with the node's own sentence. The general form is the one worth keeping: **a fixture that owns the counter it is testing cannot test the rule that computes it.**	a_second_proposal_in_a_round_keeps_its_sequence	-	51a
C187		35	done	**the round snapshot and the block creator's derived numbers are load-bearing against each other, and three repairs have now been ruled out by measurement.** The gate needs a candidate's parents to reach *beyond* the next layer, which is what the cross-sender snapshot gives and what `latest_msgs` never did (the pin: finality 15-61 heights behind, last advancing 87-104 s before the kill). The block creator needs the parent set to contain the proposer's **own newest message**, because `block_creator.rs:58-75` derives `block_num` and `seq_num` **from that set**. Both cannot hold. Ruled out, each measured rather than argued: (1) **pure snapshot** — the pin is fixed and verified twice on the node (finality 3-4 behind, 87 of 91, 90 of 94, 105 of 109), but a second proposal in a round reuses the proposer's `(sender, seq_num)` and the DAG refuses it as an equivocation, three of which halt autopropose; (2) **refuse the second proposal** (`has_advanced_past_the_round`) — zero equivocations on the node and the pin still fixed, but it **deadlocks**: the round closes only when every bonded sender has advanced, a quiet sender stops holding it back only once `LIVENESS_WINDOW` heights pass above its last message, and that is measured from the tip the refusal freezes, so a validator killed inside the window is never retired (in-process: the tip goes 1 -> 2 over thirty-seven further rounds of attempts, then nothing); (3) **replace the sender's own entry with its newest for that one proposal** (the escape, local, no clock) — the deadlock goes and the in-process falsifier runs green, but the equivocation **returns** (7 on one node, each at seq 3) and finality degrades to a 27-height gap, because the proposal rate far exceeds the round rate so most proposals become escapes. **What is not yet tried, and the next question to answer:** stop deriving `block_num` and `seq_num` from the justification set at all and take them from `latest_msgs[sender]`, which dissolves the tension if validators do not check those numbers against the justifications — a question `casper/src/validate.rs` and `spec/RChain/Casper/Dag.lean` answer, not a devnet.	the_round_closes_when_a_validator_goes_quiet_inside_the_window/a_second_proposal_in_a_round_keeps_its_sequence	-	51a
C188		38	done	a node that LFS-syncs a **mature** chain cannot replay its own restored blocks, and never catches up: `populate_dag` inserts every non-genesis restored block as `BlockMetadata::from_block`, and the `fringe`/`fringe_state_hash` a replay needs are a **local recomputation** produced by validation — not block fields, not on the wire. So the node's `fringe_states` cache holds `fringe_hash_of(∅) → 0` and never the chain's real fringe key, and every block whose `close_block` anchors the epoch seed to the fringe state replays to a different post-state. Reproduced on a live devnet, 2 of 2 attempts: the joiner synced to 27 and 23 and stayed there while the bootstrap ran to 127 and 123, logging 93 and 92 `regenerated mergeable channels for block <a> but replay computed <b> instead of <c>` errors naming the **epoch-boundary** close deploy (#139)	the_fringe_ancestry_round_trips/collect_fringe_ancestry/n139-mature-join-run.sh/a_block_replayed_against_a_different_fringe_reaches_a_different_post_state/a_restored_block_carries_no_fringe_and_its_state_is_cached_under_the_empty_fringe/the_two_paths_cache_the_same_block_under_different_fringe_keys	-	54b
C189		39	done	**the memory ceiling the class is about no longer reproduces on the current build**, so the falsifier that was supposed to decide it cannot fire: the controlled baseline at 8 GiB crosses **0 of 3** nodes on the pre-quotient tree *and* on the fixed tree, even under the census rig's own load (four deploys at T+30, `stop 2` at T+120) - peaks 647-689 MiB against a 3000 MiB threshold, while the widest merge scope is 29 chains pre-quotient and 161-174 after. The ramp #117 was filed about needed a DAG shape the proposer fix moved (#138), so 'the ramp is gone' is not a testable claim on this host: the merge's counted cost is now 2,000x lower where the two trees can be compared, and the ramp's remaining mechanism, if it exists on the current lineage, is unnamed	spec/audit/evidence/n127-directed-results.md/spec/audit/evidence/n127-loaded-results.md/spec/audit/evidence/n127-directed-run.sh/spec/audit/evidence/n127-loaded-run.sh/spec/audit/evidence/n127-directed-preregistration.md/spec/audit/evidence/n127-loaded-preregistration.md	**#154 took the second exit, 2026-10-01 — a re-scope, not a new rig.** Two pre-registered rounds measured **0 of 3** crossings on the control *and* the fixed arm (`n127-directed-results.md`), and **0 of 3** under load with the fixed arm peaking 31-45 MiB against the control's 647-689 (`n127-loaded-results.md`). The first exit is not merely unmet but unreachable with these rigs: the input the ramp needs - the 32-43 chain scopes - was a DAG shape the proposer fix (#138) moved, and the widest scope on this lineage is 9 chains. So #117's and #68's memory claims are recorded as **unreproduced on the current lineage**, and the sizing point at `docs/src/node/validator-requirements.md:92` now says so - it no longer carries a figure to size from, and it does not claim the ramp is fixed. Account: passes §46.	55a
C190		43	done	**a `validation_failed` record occupies a `(sender, seq_num)` the proposer's own arithmetic cannot see, so the node refuses its own next block as an equivocation** - the second and distinct mismatch of the pair C186 fixed. The H-1 gate scans **`msg_map`** (`casper/src/dag.rs:335`: any stored message carrying that `(sender, seq_num)` refuses the block before any partial write), while `block_creator.rs:71` derives `seq_num` from its **parent set**, which is the round snapshot built from `latest_msgs` - and `insert_msg_without_latest_mut` (`block-storage/src/dag/message_state.rs:284`) is the one writer that touches `msg_map` and not `latest_msgs`, by design (H-2: a failed block must not become a parent), reached from exactly one branch, `dag.rs`'s `validation_failed` arm. So a validator whose own block failed validation has spent a sequence number its proposal arithmetic cannot see, derives it again, and the DAG refuses the node's own block with C186's sentence; the **escaping** rule does not save it, because it reads `latest_msgs` too. Reproduced in process - `SeqNum(1)` on both sides - and **fixed 2026-10-01**: the proposer clears its own spent record before it derives a sequence number - `clear_own_failure_record` re-validates the node's own record that H-2 left out of `latest_msgs` and, on a pass, clears it through C193's `update_metadata`, which promotes the block back into the arithmetic; the result is deliberately ignored so a refusal stays a counted one rather than a silent decline. The structural assertion below still pins the disagreement - the fix clears the record, it does not change either structure. **Superseded as the *reachable* shape by C194**: the instrumented run (§48) found the sync produces no `validation failed` records, so this repair is defence for a genuine `Divergence` self-record while the self-equivocation actually seen is C194's race	the_node_targets_only_its_own_spent_record/the_failed_record_is_invisible_to_the_proposer_and_visible_to_the_gate	-	51a
C191		6	done	**`max-number-of-parents` was read from configuration and consulted by no code in the tree**, so a block's justification set — the one block input a proposer chooses outright, and the input the merge is computed over — had no bound on either side: no proposer cap and no validation rule, while two doc comments (`proposer.rs`, `validate.rs`) and **C123's fix rationale** each asserted that it bounded exactly this set. The key's only sites were the field, the HOCON reader, the CLI arg, the mapper and the defaults; it is therefore also the **tenth member of C143's class** — parsed into `NodeConf` and read by nothing — which C143's own list of nine did not reach, and it takes the *other* horn of that register's disposition, enforcing the setting rather than refusing it, because unlike the keepalive and random-port knobs its documented purpose is one this port can honour. Fixed on both sides: `validate::justification_count` refuses a block above the bound, in `block_summary`'s pure list beside the F-3 bounds and threaded from `conf.casper.max_number_of_parents` exactly as `min_phlo_price` is, and `proposer.rs::create_block` refuses to build one rather than emit a block every validator will reject. The shipped default moves `2147483647 -> 255`, the protocol's existing per-block width (the `u8` seed index `MAX_BLOCK_DEPLOYS` already occupies, so the two per-block inputs share one bound) in `defaults.conf` and in the mirror fixture that proves the parsed defaults equal the documented ones; it is 2.55x the shipped `number-of-active-validators`, and the parent set is the round snapshot, one message per sender, so it binds no set a bonded network can produce. `0` or a negative value disables the check and a test asserts it, which is how a chain keeps the pre-#153 semantics exactly rather than by accident. **Hard fork (#51 category A)** and registered as one: a block justifying more parents than the bound is valid today and refused after, so an upgraded node rejects what an unupgraded one accepts. The reverse link is posted: the #51 §A row went up as issue comment 5937212825, on the second attempt — the first was refused by a permission classifier for the *form* of the call (a long inline heredoc body) rather than the action, and the same comment posted immediately from a body file. Worth knowing before concluding a refusal is about intent.	a_block_justifying_more_parents_than_the_network_allows_is_refused/a_non_positive_parent_bound_disables_the_check	-	candidate:bounded-parent-set
C192		44	done	**attestation is bounded per remote *height*, and a round that comes to rest at one height is sealed by that same bound.** The attestation tap answers a remote block only if its height is strictly greater than the last height it answered (`attest_warranted`, `node_runtime.rs:2706`). On a net of three or more validators the peers react to the deploy-bearing block before any of them has produced, so every attestation in the round lands at the **same height**; every node's `last_attested_height` is then that height, no block above it exists or can now be produced, and the tap refuses every block that will ever arrive from a peer. With autopropose off nothing else requests a proposal, so no second round is enqueued and the proposer's own round veto and its bounded escape (`proposer.rs:531-547`) are never reached — the escape increments on a proposal *request*, and the tap is the only issuer here. The chain is sealed with its deploy unfinalised. Measured on the guard-live arm of the #149 sweep, 3 of 3 attempts at each of N in {3,5,8}: exactly N blocks after one deploy, all at a single height, and no finality at all; at N=2 the blocks arrive one at a time, each raises the tip before the other node answers, and the chain cascades through four rounds to finality 1. So the difference is not the validator count but whether a round rests at one height. The rule is a real bound — it is what stops a burst at one height enqueuing a proposal per block (#70's fan-out) — and its own comment says it depends on the height *advancing*, which is the case this one breaks. **Not a cost finding:** production is bounded and stops, unlike #148's storm; what it shares with #148 is the frozen finality. The fix is a design question (key the tap on the round rather than the height, or on the tip) and is deliberately not guessed. Falsified: `a_round_that_comes_to_rest_at_one_height_is_sealed_by_its_own_bound` runs the rule as a sequence and asserts 1 answered against 7; mutating `>` to `>=` turns it red with `left: 7, right: 1`. **Fixed 2026-10-01**: the tap is keyed per-*sender* (one request per sender per height) rather than per height, so a round that comes to rest at one height answers each peer's block and advances instead of sealing. Falsifier (inverted): `a_round_that_comes_to_rest_at_one_height_is_answered_for_every_peer`.	a_round_that_comes_to_rest_at_one_height_is_answered_for_every_peer	-	51a
C193		45	done	**the restoring rule's clearing branch is a no-op that reports success**: `restore_divergent_justifications` writes the cleared record back with `dag.insert(record, msg)`, but `revalidated_record` keeps the block's hash (`multi_parent_casper.rs:394-409`), `BlockMetadataStore::contains` is `dag_set.contains(hash)` with every hash inserted unconditionally (`block-storage/src/dag/metadata_store.rs:71`), and `dag.insert` returns `Ok(())` **without writing** when the hash is already known (`casper/src/dag.rs:322-328`). So the store keeps `validation_failed: true`, the representation is untouched, and the rule logs "cleared the failure record for ... the block validates" while doing nothing. **This is what "its clearing branch is not verified end to end" was** - not a verification gap but a path that cannot succeed, and a log that says otherwise. Invisible to `casper/tests/restoring_rule.rs` because that file drives a **fake** storage whose `insert` unconditionally records (`inserts_for`), so the real short-circuit is never in the path (C186's fixture lesson, one layer up). Found by checking the premise of #156's repair rather than by looking for it **Fixed 2026-10-01**: `BlockDagStorage::update_metadata` - the update `insert` cannot be, since it returns `Ok` without writing for a hash it holds - replaces the call at `multi_parent_casper.rs`, and it takes the block back into the height map and into `latest_msgs` through the new `DagMessageState::promote_msg_mut`. The same primitive is what C190's proposer-side self-clearing step needs, so this write path closes both rows. The no-op also made `restore_attempts` and the per-block budget inert; both are written by this path now.	an_update_clears_the_failure_record_and_promotes_the_block/re_inserting_a_known_block_does_not_clear_its_failure_record	-	53a
C194		48	done	**the self-equivocation #156 recorded is a proposer/sync race, not the failed record C190 named** - `proposer.rs` derives `seq_num` from a `latest_msgs` snapshot (`create_block`, `:583`) and inserts the block much later (`dag.insert`, `:432`); during LFS re-sync `populate_dag` re-inserts the node's own old block into that window, taking the `(sender, seq_num)`, so the insert's H-1 gate rejects the proposal as an equivocation. The rejection was wrapped as a generic `Internal` and counted toward `consecutive_failures`, so three of them halted the autopropose timer (#157). Reproduced on the instrumented run (§48): 11 equivocations, 1 halt, and **0** `validation failed` records - no failed record is involved, so C190's repair (which clears a `Divergence` self-record) is never reached on this tree. **Fixed 2026-10-01**: the equivocation is matched on `dag.rs`'s shared `EQUIVOCATION_PREFIX` and surfaced as `ValidateError::SelfEquivocation`; `do_propose` treats it as *not due* (`NotEnoughNewBlocks`) rather than counting it, so the next tick re-derives from the now-current DAG. The equivocation is still counted, on its own gauge (`stale_snapshot_self_equivocations`, on `/metrics` and `/api/status`), so a node that never recovers stays visible. Node-local: §6 and `#51` §A are not engaged.	a_stale_snapshot_self_equivocation_is_not_counted_as_a_failure	-	51a
C195		49	done	**the routing layer reported a healthy proposer for ever, because it never delegated `proposer_health`** - `ShardRoutingBlockApi` implements `BlockApi` but did not override `proposer_health()`, so it fell back to the trait's all-zero default and `/api/status` answered `consecutiveSelfValidationFailures: 0`/`autoproposeTimerHalted: false` regardless of the live proposer state - the two #157 fields were broken on the status surface the whole time, invisible because 'quiet' and 'healthy' read the same. Exposed when C194's third field (`staleSnapshotSelfEquivocations`) was added beside them and the devnet showed it live on `/metrics` (12) but zero on `/api/status`. **Fixed 2026-10-01**: delegate `proposer_health()` to the primary, like `status()`; the router test now asserts the primary's marker reaches the caller rather than the default. Node-local observability, not a consensus rule.	the_primary_answers_every_unrouted_method	-	26a
C196		50	done	**C171's pace bound was not scoped to the node's own proposals, so it silenced a caller's propose.** The #70 storm is a node *reacting* to remote blocks -- the attest-on-new-blocks tap and autopropose, each an attestation that is in turn a remote block for the next -- but `attestation_suppressed` applied the pace term in `create_block` for every source, so on a caught-up node with no deploy to attest to an explicit `POST /api/v1/propose` returned `NoNewDeploys` (a 400) instead of a block. That is the contract `tools/devnet.sh` states ("A block is created only when one of these fires: ... or (c) an explicit `propose`/`POST /api/v1/propose`") and `tools/devnet-test.sh` step 5 asserts (`POST /api/propose returns 200`). Found by CI on this branch: `node/tests/api_surface.rs`'s arm 2 answered 400 where the same test had passed at every earlier commit of the branch. **Fixed 2026-10-01**: provenance travels with the queued request -- `ProposeSource::Explicit` (admin HTTP, the gRPC propose service, `--propose-on-deploy`) vs `Automatic` (the autopropose tap and timer, the attest-on-new-blocks tap, and the follow-up a colliding request resolves to) -- and only an `Automatic` proposal is paced. Falsifiers: the unit `an_explicit_propose_is_not_paced_by_the_storm_bound` asserts the identical inputs the `paced` arm beside it asserts suppressed, and the node-level arm was reproduced red locally then observed green, with the exemption neutralized to confirm it is the term under test. The storm arm is unchanged: a caught-up *automatic* attestation without a deploy is still withheld.	an_explicit_propose_is_not_paced_by_the_storm_bound	-	51a
C197		51	done	**`slash` leaves the slashed validator's `committedRewards` entry behind, where the oracle deletes it.** The contract's slash state update removes the entry as well as zeroing the bond (`casper/src/genesis/resources/Pos.rhox`, the `stateUpdateCh!` block: `committedRewards: state.get("committedRewards").delete(slashedValidator)`), but `NativeSystemState::slash` (`rholang/src/native_state.rs:1421-1448`) edits only the pool, the active set and the two withdrawal maps. The entry is then unreachable in both directions: never paid, because `close_block` pays pool members (`:1253`) and claims in `withdrawers` (`:1281`) only and the slashed validator is out of both; and never removed, because the sole `committed.remove` is `:1291`, the claim payment. Two consensus-visible consequences: the accrued rewards are stranded in the staking vault for ever, and because `epoch_pot` subtracts every `committed` entry (`:668`) they keep reducing the distributable pot, so after any slash of a validator that had crossed a boundary the port distributes a smaller remainder than the oracle. No test covers the slash/committed interaction. Deletion matches the oracle; leaving it is the deviation. **Fixed 2026-10-02**: `NativeSystemState::slash` now removes the entry with the rest of the validator's records, so the accrued amount returns to the distributable pot — the oracle's behaviour rather than a stranded balance. **The destination changed with C199**: the entry is still cleared, but the amount is now split by the offence's tier — the tier's share to the Coop vault and the rest back to the validator — rather than dropped into the pot, because the accrued reward is part of what a slash is a share *of*.	a_slash_clears_the_accrued_rewards_and_accounts_for_them	-	candidate:slash-clears-accrued-rewards
C198		52	done	**the offence predicate was wider than fault: three of the fourteen slashable causes read the receiving node's own configuration or version, and a disagreement about blame is a chain split rather than a tolerated divergence.** `mark_failed` set `slashable: matches!(cause, FailureCause::Attributable)`, and `Attributable` is the right test for *blame* but the wrong one for *slashing*: `ContainsLowCostDeploy` reads this node's `casper.min-phlo-price`, `TooManyJustifications` its `casper.max-number-of-parents`, and `InvalidVersion` the software's `SUPPORTED` set — and none of the three is genesis identity (`GenesisBlockData` and `PosParams` carry neither knob), so two correctly-configured operators can hold different values with no committed value to be wrong about. The consequence is not a difference of opinion: `slash_is_unjustified` (`casper/src/interpreter_util.rs:170`) refuses any block whose slashes it cannot re-derive from its own metadata, so the strict node's `Slash(X)` is a block the permissive node rejects — permanently, over a local setting, with X's whole bond confiscated. **Fixed 2026-10-02**: `BlockStatus::is_slashing_offence` (`casper/src/block_status.rs`) is the offence predicate, deliberately narrower than `Attributable`, and `mark_failed` now takes the status and derives both the cause and the offence from it. The predicate admits only the block's own signed fields, the DAG's structure and the version-coupled constants (`DEPLOY_LIFESPAN`, `MAX_BLOCK_DEPLOYS`, `MAX_BLOCK_PHLO`); the three local-input statuses are still refused and stop being offences. Hard-fork class (registry section 6, #51 category A): a proposer on a fixed node no longer includes a `Slash` an unfixed one would.	the_offence_predicate_is_narrower_than_attributable/a_local_knob_changes_the_refusal_and_never_the_offence	-	candidate:objective-attributability
C199		53	done	**the slash took the whole bond whatever the offence.** `mark_failed` set `slashable: matches!(cause, FailureCause::Attributable)` and `NativeSystemState::slash` moved the validator's **entire** pooled bond to the Coop vault (`pool.remove(validator)`), with no partial, no cap and no reversal — so a forged deploy and a stale one cost the same total loss, while going offline cost nothing at all. A rule with no gradation makes the worst case total and an operator's exposure unstated, which is the case the risk plan's first half exists for. **Fixed 2026-10-02**: the offence now carries a **tier**, and the tier is a share of **everything the validator holds in the PoS system** — its bond, its accrued and unwithdrawn rewards, and an escrowed withdrawal claim — with the remainder **returned to its own vault**, so the loss is exactly the tier. `BlockStatus::slash_severity` is the table (AUDIT C198's offence predicate is its `is_some`): `Malicious` = forgery, all of it; `Misdemeanour` = a rule the author's own block breaks, a quarter; `HonestMistake` = a bound a stale deploy pool or a clock skew explains, a tenth. The tier travels in the block's own `SystemDeployData::Slash`, is re-derived by every receiver from its own metadata and **checked** (`slash_is_unjustified`), so a proposer cannot size the confiscation freely; a validator that offended more than once answers for the **worst** tier it committed. `SlashSeverity::Unspecified` is code 0 — the pre-tier rule, which takes everything — so a record written before the tiers replays unchanged. The model carries the same rule (`Rchain.slash`, law 44): `slash_conserves`, `a_milder_tier_takes_no_more`, `slash_clears_every_ledger`, with `atRisk` and the three tiers.	a_misdemeanour_takes_a_quarter_and_returns_the_rest/a_slash_counts_the_escrowed_claim_and_takes_the_worst_tier/a_validator_answers_for_its_worst_tier/slash_conserves/a_milder_tier_takes_no_more	-	44
C200		54	done	**equivocation — the one unambiguous Byzantine fault — could be refused and never punished.** The H-1 gate rejects a second block at a `(sender, seq_num)` the DAG already holds (`casper/src/dag.rs`) and returns **before any write**, so the refused block was never stored, never became a `BlockStatus`, never reached `mark_failed`, and was never an offence: a validator could double-sign for ever at no cost, while producing a single block that another node's **local setting** refused cost it its entire bond (AUDIT C198). Two signed blocks at one sequence number is the only fault that is objective by construction — anyone can verify both — and it was the only one with no penalty at all. **Fixed 2026-10-02:** the evidence travels. The gate records the refused block's **header** (`BlockDagStorage::recorded_equivocations`, the only place the offence ever exists); the proposer folds every recorded equivocation by a **bonded** sender into its slash set at the `Malicious` tier with the evidence **attached**; and `slash_is_unjustified` accepts that arm only through `validate::equivocation_is_proved`, which re-checks it against **the receiver's own DAG** — the header must be signed by the named offender (`EquivocationEvidence::is_signed_by`) and the DAG must already hold a *different* block by that sender at that `seq_num`. Nothing is taken on the proposer's word, and forged, relabelled or non-conflicting payloads are refused. **The payload is a header, not the block**: it lands in a slashing block's own `state`, i.e. in consensus data every node stores, and a block refused at the gate has passed no check at all — so carrying the block would let any peer write an object of its own choosing into consensus state. Every field of `EquivocationEvidenceProto` is fixed-width, so the payload is a few hundred bytes whatever the offender does, and a malformed field is refused at `decode` rather than reaching the signature check. Hard fork (#51 category A): a fixed node proposes a `Slash` an unfixed one cannot, and accepts one an unfixed one refuses.	equivocation_evidence_is_proved_only_by_a_signed_conflict/a_recorded_equivocation_is_slashed_with_its_evidence/an_equivocation_by_an_unbonded_sender_is_not_slashed/an_equivocation_hardens_a_milder_metadata_tier/the_evidence_is_a_fixed_size_header_whatever_the_block_it_names/equivocation_evidence_round_trips_and_refuses_a_malformed_field/insert_rejects_equivocation_same_seq_num	-	15,44
C201		57	done	**the proposer re-nominates a `Slash` for a validator that is no longer bonded, on every block, for ever.** Found by the live A2 arm (`spec/audit/evidence/a2-live-equivocation-run.sh`, #150): the bootstrap's proposer logged `[pos] slashing 1 bonded validator(s) … Malicious/10000bps (equivocation evidence)` **59 times and still counting** at a chain height of 62 — one per block — while every one of those blocks carried a `bonds` map with the offender already gone, the transition being block 22. The evidence arm of the fold is gated on `bonded` (`casper/src/blocks/proposer/proposer.rs`, `add_recorded_equivocations`), and `bonded` is `compute_bonds(pre_state_hash)` — `pos:active` read at the pre-state — so it should exclude a validator that `slash` has removed from both the pool and the active set (`rholang/src/native_state.rs`, `active.remove(validator)`). **The observation and the reading of the code cannot both be right.** One half is now measured and clean: `a_slashed_validator_is_absent_from_the_bonds_at_the_post_state` slashes a bonded validator and asks `compute_bonds` at that block's post-state — the victim is absent, so the leaf is written and read correctly *at a post-state*. What differs in the live run is therefore **which hash the proposer reads**: the *merged* pre-state, whose native view is reconstructed from the native-changes sidecar (`MergeScope::merge`, issue #74). **Impact as far as the run shows: bounded** — the repeated slash is idempotent (the offender is already out of the pool, so `slash` confiscates nothing), both nodes replayed it identically, and the chain advanced to 62 with no disagreement. Named anyway because the read that is stale here is the proposer's own view of who is bonded, and the same read feeds `check_active_validator` and the attestation quorum — the class is why this is a row rather than a note. **Not fixed**: the diagnosis stops at `compute_bonds` at a post-state being correct, and the merge fixture that would finish it is the unit this row asks for. **RESOLVED 2026-10-02 — and it is a coupling to frozen finality, not a defect in the slashing path.** Three units finished it, and the last one measured the mechanism rather than inferring it (`spec/audit/evidence/c201-proposer-read-results.md`, three live runs, the instrument in the fold itself). **Three eliminations, each now pinned by a test that did not exist before**: the native fold is correct (this row's own fixture passes — a slashing branch's write does reach a merged root); the fringe is not pinned by a stale carrier (`latest_fringe` follows what a parent *carries*, so a fresh carrier always beats a taller stale one, red under the mutation that reads the parents' heights); and the scope is not pinned by a stalled fringe (`from_dag` derives the conflict scope from the parents, so an advancing parent strictly grows it even with the fringe held fixed). **The mechanism, measured**: across 132 readings the `bonded` filter admitted the offender **every** time, from a pre-state that never changed while 133 distinct parent sets did — and the instrument's last two columns say why: `pre_state` **equals** the merge's `fringe` state, and the count of deploy ids the merge **rejected** grows monotonically **6 → 398**. The merge is returning its base unchanged because it refuses the conflict scope wholesale. On the A2 arm the offender's twins are refused by the H-1 gate on every block, so its messages stop advancing and **finality freezes** (#148's mechanism, which that arm creates deliberately); with the fringe fixed the base is fixed, and a `Slash` carried in a block that is not *in* the base is invisible to the next proposer, which re-proposes it. **Idempotently**: the offender is already out of the pool, so `slash` confiscates nothing, both nodes replay it identically, and the chain advances throughout — which is what the arm reported from the start. **What this does not claim**: that the wholesale refusal is *wrong*, or why every chain in that scope was refused. A merge that rejects every concurrent writer and answers with the agreed base may be exactly right, and this row does not decide it — what it says is that the refusal is what makes a non-finalising chain stop applying its own recent blocks, which is a statement about `MergeScope`'s resolution and is named here rather than filed elsewhere because it was *found by* this investigation and characterises the same scope.	a_slashed_validator_is_absent_from_the_bonds_at_the_post_state	a **merged** pre-state fixture — the same test as `a_slashed_validator_is_absent_from_the_bonds_at_the_post_state` with a merge in the middle: build a two-parent block whose parents include a slashing block and assert the victim is absent from `compute_bonds(merged_root)`. If it passes, the stale read is in the proposer's hash choice and not in the merge; if it fails, the merge's native reconstruction (#74) is the defect and this row closes into a fix there. **Attempted 2026-10-02, and it PASSES** (`casper/tests/block_index.rs::a_slashed_validator_is_absent_from_the_bonds_at_a_merged_root`). Three things had to be right before the pass meant anything, and the first two shapes were wrong in a way that looked like the defect: **(1)** merging the slashing branch *alone* carries its write — the victim is gone from `pos:active` at the merged root, so the merge can fold this branch and the two-branch arm is not measuring an unreadable index; **(2)** with a benign sibling in the conflict scope the victim is *present* at the merged root; **(3)** give the slashing branch a deploy too — the faithful shape, since a block that slashes in a live run is an ordinary block — and the merge refuses outright with *"both write native key `04/1073…` and neither has seen the other; conflict resolution must reject one"*, and that key is the **staking vault**, which every block's cost accounting writes. So (3) says the refusal is about two unreconciled siblings writing one hot leaf — a `final_scope`/`ancestry` question — and a real merge resolves it because the finalised fringe orders the writers. **and that third fact is the answer: it is a missing ORDER, not a lost write.** `fold` refuses two accepted writers of one native key that have not seen each other, and every block's cost accounting writes the **staking vault** — so a bare sibling pair both write it, one chain is rejected, and `reject_whole_blocks` takes that block's **whole** native write set with it, the slash included. Tell the merge the slashing branch has seen the other — the shape a merge over a chain with an order has, and what the fixture now does through `ancestry` — **and the victim is gone**. So **the merge is exonerated**, and this row narrows to the half it always suspected. `bonded` is `compute_bonds(pre_state_hash)` at `ParentsMergedState::pre_state_hash` — the merged root this fixture now shows to be right — so **what is owed is a live-run measurement and not a fixture**: what that hash is at the moment the fold runs on a devnet, and whether the merge the *proposer* performs carries an order (its own justification set has one; the bare sibling pairs the first shapes built did not). **Measured 2026-10-02 on the A2 live arm, with an instrument in the fold itself** (`spec/audit/evidence/c201/`, two runs, 133 and 140 readings): the fold admits the offender on **every** proposal, from a `pre_state` hash that **never changes** — and the parent set does change. **133 distinct parent sets produced one pre-state hash.** The parent sets are all of the shape `[\<advancing\>@N, d8f23b38@7]`: one parent advances to height 122 across the run while the other is **pinned at height 7**, and it is the only thing every set has in common. **So the question is no longer "which hash" but "why does merging a set that contains a stuck parent ignore the parent that moves"** — and the site is `get_pre_state_for_parents`'s multi-parent branch (`casper/src/multi_parent_casper.rs`, the `MergeScope::from_dag` + `merge` arm; its single-parent arm is a plain post-state read and cannot be constant). **The next check is a unit fixture, not a rig**: merge `{X@122, Y@7}` and `{X@78, Y@7}` over one fringe and compare the state hashes — if they are **equal**, the merge is discarding the advancing branch and the defect is in the scope `from_dag` derives; if they **differ**, the constancy comes from the caller and the rig's frozen finality is the next thing to measure. **Nothing here is fixed**, and this row stays `todo`	44
C202		58	done	**The name layer had no authorization rule, and the register had no row for it.** Genesis installed the vendored `Directory.rho` class plus a template that wrote ten slots into one instance of it, and nothing stated who might write a name. #71 found the symptom — the template parked `{"read","write","grant"}` on `@[*deployerId, "MasterContractAdmin"]` keyed by the *genesis* deployer, an identity nothing holds after block 1, so nothing could write and an application got silence rather than a refusal (law 40 over law 38) — and fixed it by publishing the restricted half, `grant`, which answers "who may write" by *grant*. Three questions went unanswered: who may claim a name at block 0, whether a publish overwrites or extends, and whether the bundled classes belong in genesis at all. **Landed 2026-10-02**: `MasterDictionary.rho` (our own term, no upstream) becomes the name layer at block 0. A name is `<revAddr>/<path>` and the owner prefix is **derived** from the caller's deployer id (`rho:rev:address("fromDeployerId", …)`), never supplied — so the first question dissolves rather than being answered by policy, because a write outside your own root is inexpressible. `publish` appends (so `resolveAt(path, v)` is stable for ever) and the name layer's only mutable pointer is the **alias tier**, governed by the identity that installs the dictionary. `grant` survives as a one-path, one-epoch writekey that `revoke` retires. Retired with it: `readcap_uri`, `grantcap_uri`, `extra_directory_slots_source` and the vendored template's installation; `memberDirectory` publishes `GetMe`/`SendThem` into the operator's own root, because the alias tier holds strings and the two features are contracts. The three decisions are recorded in `spec/GENESIS.md`; the rule is Law 56. Genesis change (#51 category A).	the_four_must_fail_cases/publish_is_append_only_and_versions_are_pinned/seal_closes_a_path_and_the_key_still_resolves/a_granted_key_works_until_it_is_revoked/the_deployer_id_is_only_ever_the_address_derivation	-	56a
C203		59	done	**The participation rule read its signal out of the boundary block's pre-state, which the proposer chooses — and the signal measured proposals rather than messages.** The rule that prices absence read `pos:last_spoke` from the block's **pre-state**, and a pre-state is a function of the proposer's justification set: nothing requires a block to justify everything it has seen, which is exactly the hole `close_block` step 5 documents for the epoch seed — and the seed closed it by moving onto the last *finalised* fringe. So the penalty could be **aimed**: omit a rival's message and its entry reads stale while every other validator's stays current, and the proposer is never its own victim because its own record is written earlier in the same block. The signal was also the wrong event: `record_spoke` is a block-level system deploy and an **attestation** block builds `Vec::new()` system deploys, so a validator that was live but not drawn to propose recorded nothing and read as absent. **Fixed** by deriving the participation from the last finalised fringe — each validator's latest *message* height, which every node computes from its own DAG — and carrying it into the `CloseBlock` op, so the rule reads that and nothing else; `pos:last_spoke` is **retired** with its op, accessors and proto field (the field reserved, not reused), and the block-level system-deploy list loses an entry. **Residual, registered rather than implied:** the fringe read is a reduction in steering space and not a closure — a proposer willing to present a stale fringe still has a choice, of fringes rather than of subsets — so it is registered beside the seed's own (O1). What it buys is the property the penalty needs: a stale fringe moves every validator's reading back together and singles nobody out, which the pre-state read could.	a_boundarys_participation_reaches_play_and_replay_alike/the_boundary_pays_on_the_participation_it_is_handed	-	44
C204		60	done	**a bonded key's entry in `pos:bonds` may be other people's stake, and the protocol has no way to say whose.** #193: `bond` takes the caller's own unforgeable `GDeployerId` and derives the validator from it, a reward is paid only to `vault_address(validator)`, and `Pos.rhox` keeps one self-funded bonds map — so a user holding REV with no node to run has **no on-chain way to earn**, and the only route to stake is to run a validator, which needs an existing trusted stakeholder to admit the key and puts the whole bond at the tier on the staker's own capital. **Decided 2026-10-02: the delegation ledger.** `pos:bonds` becomes the **aggregate** and four new leaves attribute it (`pos:delegations`, `pos:pending_delegations`, `pos:delegation_claims`, `pos:delegated_rewards`); admission is open with no commission, and undelegation mirrors `withdraw` (stage → boundary → quarantine → payout). Five deviations are registered in §6 with the **Hard fork (#51 category A)** marking — the aggregate, the epoch split, the slash fan-out and the two refusals — and dormancy is registered as a **requirement** so the fork point is the first `delegate` deploy rather than genesis. The model is law 57, and the split's fixture was compiled against three plausible wrong splits before it was trusted (pass §60). **The Rust landed in the second unit, and this row stays open because the deviation is not yet *measured live*.** The four leaf codecs, `delegate`/`undelegate` on `rho:rchain:pos`, the boundary move and split, the slash fan-out and the two refusals are in `rholang/src/native_state.rs` + `rholang/src/system_processes.rs`, each with a falsifier that was run against a mutation removing the thing it pins — dropping the fan-out, writing an empty delegation leaf, replacing instead of accumulating a second delegation, not splitting the reward, removing the withdrawal guard and paying an undelegation to the operator each turn their test red. Thirteen of those are `rustWitness` entries on law 57. **What is owed is the end-to-end evidence**, which is what this register asks of a consensus rule and not of a unit test: an in-process measurement over a real `BlockDagKeyValueStorage`, and a devnet arm running delegate → boundary → undelegate → quarantine payout with an unupgraded node diverging at the first `delegate` deploy. The row opened before its Rust existed and closes after its evidence does. **The arm ran green end to end on 2026-10-03, after AUDIT C207's fix**: `delegate` accepted; the operator's aggregate reading `GInt(140)` where an untouched validator reads `GInt(100)` *in the same reply from a later block's deploy*; the wallet's HTTP route reporting `amount=40, accruedRewards=337` for the delegator and `[]` for a key that never delegated, with the rholang read agreeing; the undelegation's staging read **in the block that staged it**; and then, from the boundary's own log lines, the move out of the operator's pool entry (`escrowed — 40 ... which now reads 100`) and the payout (`paid — 2059 to the delegator's own vault (40 principal + 2019 accrued)`). Phases 5 and 6 are asserted from the boundary's own `eprintln!`s rather than from a read, and the reason is measured: on a forking rig a deploy-based `getBonds` still read 140 while the boundary's log said 100, and the HTTP position route read `[]` for a ledger a deploy read as `1 entry`. The run also forced five instrument defects out, each of which had looked like this defect — an accumulating channel, a fee the assertion ignored, `--no-autopropose` without `--no-propose-on-deploy`, a list asked for `.size()`, and a `sed` with no file. `spec/audit/evidence/n193-delegation-live-results.md` is the account, including what the arm still does not cover (the wire, multiple delegators, the fork point).	rholang/src/native_state.rs::an_undelegation_is_staged_then_paid_to_the_delegator	-	57
C206		60	done	**`GET /api/v1/pos` reports a withdrawal's deadline as the block it was staged at, and adds the quarantine a second time.** `withdraw` stores `deadline = quarantine_length + divisor·(1 + block_number/divisor)` — a value that already contains the quarantine (`rholang/src/native_state.rs`) — while `pos_read.rs` labels it `stagedAtBlock` and computes `blocks_remaining = staged_at_block + quarantine_length − latest` (both since corrected). Measured live: `{"stagedAtBlock":60000,"blocksRemaining":109996}` on a chain at height 4, where the truth is a deadline of 60000 and roughly 59996 blocks remaining — **the operator's number is wrong by 50,000 blocks**, on the route AUDIT C148 exists to provide. Found while building the control for C205's probe, and unrelated to it. Node-local: no consensus state is involved and §6/#51 §A are not engaged.	node/src/web/pos_read.rs::a_pending_withdrawal_counts_down_to_the_deadline_the_store_holds	-	47
C205		60	done	**the finding was void: it measured a rendering, not the state.** The row read *a native write made by one user deploy is invisible to a later user deploy's read of it*, and it is **closed as an artifact**. `tools/devnet.sh query` reads through `listen-data-at-name`, which prints `{result:?}` — a derived `Debug` — so a 65-byte key renders as `GByteArray([2, 2, …])`, **decimal bytes** (`models/src/rholang.rs:40`), and no hex grep can match it. Every *absent* conclusion came from grepping that output for `0202…`; the hex that did match came from the surrounding `LightBlockInfo`, a different structure rendering in a different format. **The set's contents were never inspected.** **Re-measured with an instrument that computes the answer inside rholang and carries a positive control in the same reply** (`spec/audit/evidence/n203-native-write-probe.md`): a `trust` in block 1 is `trusted.contains(newcomer) → true` to a deploy in block 2, with the genesis validator's key — trusted by construction — `→ true` in the same reply; and a `delegate` of 40 in block 2 reads `bonds.get(operator) → 140` from a deploy in block 3, with an untouched validator reading `100`. Block placement was taken from the node's own log, not from wall-clock order, because the two other confounds are real: `--no-autopropose` does not disable `--propose-on-deploy`, the deploy CLI returns before its block is built, and the pool is keyed by deploy **signature**. **Three mechanism hypotheses were built on the void reading before it was checked** — a stale native reader, a partial sidecar, a stale pre-state — and all three are consistent with a defect that did not exist; the identity map the analysis produced (which runtimes share one `InMemNativeStore` and which fork) is the durable part. **The pre-state lead is retracted too**: 49 blocks showing 3 distinct `preStateHash` values is a two-validator DAG read as a chain; on a controlled chain block 1's post-state is block 2's pre-state is block 3's.	spec/audit/evidence/n203-native-write-probe.md	closed as an artifact by `spec/audit/evidence/n203-native-write-probe.md`; the corrected instrument (`examples/pos-trusted.rho`'s in-rholang boolean plus a positive control in the same reply) is what the next live probe of native state should start from	25
C207		61	done	**a user deploy's native write is lost when its block is merged, so `bond`/`withdraw`/`trust`/`delegate` take effect on no network that merges.** Measured with a typed read (`pos!("getDelegations", …)`, computed in rholang): `delegate` writes the delegation ledger and the operator's aggregate, and on a chain that merges both are gone within a few blocks. The ablation, each row a run from `down -v`: 2 validators with `--no-autopropose` at epoch 2 **and** at the default epoch (no boundary) both read `GInt(40)` indefinitely; 2 validators with **autopropose** read `ps: []` at both epoch lengths; **1 validator** with autopropose — no concurrent branch — reads `GBool(true)`. **So the boundary is exonerated and the trigger is concurrent block production**: the failing run logs `318 merges · widest scope 6 chains / 18 conflict pairs`. **This is the phenomenon C205 chased and could not see**, and C205's closure stands: its reading was void (a derived `Debug` renders a 65-byte key as decimal, so the hex greps could not match), and every run behind it used `--no-autopropose` — except the first, whose `delegate`→`getBonds` reading of 100 was right about a real loss and wrong about its cause. **Root cause, 2026-10-03, and the fix.** The native channel recorded *snapshots* where every other mergeable effect in this tree records a *transition*: `NativeStoreState` carries absolute whole-slot values, and two absolute snapshots of one slot cannot be composed, so the merge had exactly one recourse — **reject a whole block**. The one slot that made that universal is `pos:vault`: `pre_charge`, `refund` and `pay_executor` run for **every user deploy** and all three write it, so every user-deploy block overlapped every concurrent sibling on that slot, lost the resolution, and was rejected whole — taking the deploy's own writes (the delegation ledger, the bond, the trust) with it. A **system** deploy escaped, and that asymmetry is why nothing looked wrong: `close_block` writes no `pos:vault`, and two sibling boundaries compute *identical* values from the same pre-state, so rejecting one leaves the other's equal write in place while the epoch machinery keeps working. **The fix** takes cost accounting out of the block's native set and merges it per accepted deploy: the three moves are pure balance movements that sum to zero, so unlike snapshots they *compose*, and each is a function of the `ProcessedDeploy` the block already carries plus the host block's own signed `sender` — which is why the merge re-derives them rather than a sidecar carrying values. Provenance is exact rather than heuristic: the three system deploys are evaluated *outside* the deploy's own reduction, so a mode set around them on the `InMemNativeStore` marks exactly their writes, and a slot anything else writes stops being cost-only. The `pre_charge` guard is applied to the state the merge is building, and the merge refuses rather than inventing a negative balance. **The residual is filed as its own issue rather than left in prose**: two *concurrent* `delegate` blocks still conflict on `pos:delegations` and one is still rejected whole, and `trust` (`pos:trusted`) / `withdraw` (`pos:pending_withdrawers`) are the same shape — a ledger is a set, not a sum, and composing sets is a separate design. What the fix removes is the conflict that was *universal*, which is what made the primitive a no-op for every deploy on every merging network. The measurement and the mutation each falsifier was run against are in `spec/audit/evidence/c207-merge-loses-native-writes.md` §5-§6; the other falsifiers are `a_merged_block_reproduces_its_own_post_state` (`casper/tests/deploy_native_write.rs`), which is the whole round trip through `compute_state`, `equal_concurrent_vault_writes_do_not_destroy_rev` and `a_merge_reproduces_a_branchs_post_state_including_its_native_writes` (`casper/tests/block_index.rs`), which the fix let run as the bare sibling pair it could not be before.	casper/src/merging.rs::a_cost_accounted_block_keeps_its_own_native_writes_through_the_merge	-	17a
C208		62	done	**the fringe gate dropped a candidate the whole live partition had seen, because a seer outside the partition was also recorded.** `calculate_next_fringe_support_map` resolves seers through the full message map (`block-storage/src/dag/finalizer.rs`), so a bonded validator that has left the live set but last spoke after a candidate is one of its seers; the gate then demanded the seer set *equal* the partition, and dropped it. On a 100/100/50 fixture with the 50 stopped, the survivors' 200 of 250 was credited **0 of 250 (0 full partitions among 2 candidates)**, the signature that is 53 % of the 2026-09-30 campaign's pre-kill refusals (`n127-liveness-results.md`) and the second line on #213. This is mechanism (b) of the two that file names; mechanism (a) - a forking DAG in which no candidate is seen by every live validator - produces the same signature and is not addressed. The two readings almost always agreed while the partition was the whole bonded map (a seer outside it could only be a sender with no bond); the live partition of C174 is what made them differ routinely. **Fixed 2026-10-03**: the filter is containment (`sees_the_whole_partition`, `must_be_seen ⊆ seers`); a seer set missing a partition member is still refused (law 52b) and the quorum is still the whole bonded map. Hard-fork class (#51 category A), as C174 was: which fringe is agreed changes. The live re-run (#213's kill case on `--no-autopropose`) is not part of this row and has not been run.	sees_the_whole_partition/a_seer_outside_the_live_partition_does_not_void_a_candidate/the_seer_test_is_containment_of_the_partition/a_seer_outside_the_partition_does_not_void_a_candidate	-	52b
C209		63	done	**with no autopropose, a deploy sent to one validator was never finalised, because the attestation guard read what is left to finalise from the round's parents.** The parents are the round snapshot (`parents_for_new_block`), so a deploy-bearing block another validator made this round is in `latest_msgs` and in no parent: every other validator computed `nothing_to_finalize` and stayed silent, the round never closed, and the fringe stopped short of the deploy. Where it did not, the licence `new_state_transition` ("a parent carries deploys") lapsed one round after the deploy, every validator was paced to a cadence that is never due on a chain that is not moving, and the fringe stopped one layer short instead. The live signature is #214's: finality `none` in 693 samples with deploys to one node, and running once deploys were sent in rotation. Every guard input is now read from what the node has seen — the work (`attestation_inputs`, the licence bounded by `ATTESTATION_HORIZON` so a finality stall cannot become the C171 storm) **and** who is moving, the tip and the cadence. The first cut read only the work from the seen view, and a live run on #219 refuted it: with every deploy sent to a validator that did not sign the genesis, the signer read its genesis as "just spoke" and nobody else as moving, and never spoke again. In process, across 2 to 8 validators, deploys to the signer or to anyone else, a kill, a return, a joiner that speaks and one that never does: every deploy finalises within 10·N blocks each and the net goes quiet; the controls — the old rule, and the first cut with deploys to a non-signer — finalise none of three. The first cut was run live (#219: 24/24 and 23/23 finalised to the signer and in rotation, none to validator-1); this one has since been, on `881066f` and `9a75d45`, and re-verified independently on `07af032ad`.	every_deploy_finalises_and_then_the_chain_is_quiet/on_the_round_snapshot_a_deploy_sent_to_one_validator_is_never_finalised/a_lost_quorum_does_not_storm/the_licence_ends_at_the_horizon_and_the_work_does_not/reading_only_the_work_from_the_seen_view_strands_the_genesis_signer	-	51a
C210		64	done	**with no autopropose, a deploy the round gate refused on a quiet net waited for someone else to speak.** The gate's escape — `LIVENESS_WINDOW` attempts or the wall-clock `ROUND_STALL_ESCAPE` — is evaluated only on an attempt, and with `--no-autopropose` attempts come only from a deploy or a remote block, so a deploy arriving after this validator had spoken this round was refused (`NotEnoughNewBlocks`) and stayed in the pool until the next one. The §48 stale-snapshot collision returned the same status on the same assumption. A not-due outcome now arms one `Automatic` retry at `NOT_DUE_RETRY`, just past the stall bound, at most one pending; an empty pool still goes through the attestation guard, so it cannot storm. Node-local.	a_refused_propose_is_retried_with_nobody_asking/nothing_to_do_is_not_retried/the_retry_lands_past_the_stall_escape	-	51a
C211		65	done	**a rejoining validator stalls: block processing refuses a block whose justification it has not fetched, and never retries.** Found by running the #214 acceptance checklist **on the testnet** (tree `49337ee92`): the restarted node meshes and retrieves blocks (246 retrieval lines) but is capped at the height it died at — `h=35` while the survivors reached `h=48` — with exactly two `block summary failed: missing justification` errors and no recovery. The chain is unaffected: a rejoin **liveness** failure, not a safety one. The mechanism is a hypothesis and is labelled as one: the retrieval and processing paths race, a block can be delivered before the justification it names is in the store, `block summary failed` is terminal for that block rather than deferred, and nothing re-attempts it when the missing justification arrives. This **falsifies `A2.2`** of `docs/src/spec/testnet-acceptance.md`, whose pass came from a rig run — the row claims a validator that restarts and rejoins, and on a live net it does not. **Cause found and fixed (§66)**: nothing was fetched late — the block receiver's dependency set held only the parents missing from the *store*, so a block whose parents were stored but not yet validated was released when its first parent finished, failed on the second, and stayed `PendingValidation`, where a re-delivery is refused. The set is now every parent not yet in the DAG, read under the receiver's lock (`end_stored_awaiting`). On a three-node docker net (`n223-rejoin-run.sh`) the unfixed tree reproduces #223 (returner at 14, survivors at 34, two refusals); with this fix and C212–C214, twice: the returner reaches the tip (55) in about 20 s and a deploy sent to it is in a finalised block. **Closed on the live testnet** (2026-10-04, tree `777953de6`, three validators 100/100/50, `--no-autopropose`): the 50 was killed at h=45, the survivors reached h=79 and f=75, and after a plain `start` the returner was level with the tip within 15 s, then proposed blocks #92–#94 when deployed to, finality trailing at 4, with zero `missing justification` errors (transcript on #223). The four-validator testnet repeated it with the genesis master as the one stopped: the other three finalised 65 → 90 and it rejoined in under 20 s (`docs/src/node/testnet.md`).	a_block_waits_for_every_parent_not_yet_validated/on_the_not_stored_set_the_first_parent_releases_the_block/end_stored_awaiting	-	51a
C212		66	done	**late work below the fringe ended the attestation licence.** A returning node's catch-up blocks at epoch boundaries carry `CloseBlock` and so count as work; arriving twenty heights below the tip, they made `oldest_unfinalized` read as past `ATTESTATION_HORIZON`, every survivor computed `new_state_transition = false` and withheld the attestation that alone could finalise them, and the returner's next deploy was never finalised. The work's age is now counted from the parents' fringe when the work lies below it (`work_age_floor`).	late_work_below_the_fringe_is_counted_from_the_fringe/work_age_floor	-	51a
C213		66	done	**a catching-up node answered every block it replayed.** The attest tap fired on each block a returning validator validated during catch-up, so it proposed about twenty blocks in two seconds — one per missed height, two of them epoch boundaries carrying a second `CloseBlock`. The tap now ignores a block older than `ROUND_STALL_ESCAPE` by its own timestamp (`attest_is_live`, `ATTEST_MAX_BLOCK_AGE_MS`).	a_block_older_than_the_round_is_not_answered/attest_is_live/ATTEST_MAX_BLOCK_AGE_MS	-	51a
C214		66	done	**the attestation guard counted work as finalised against a fringe no block carried.** `fringe_seen` read `pre_state.fringe` — the fringe the block being built *would* publish — and the guard then withheld that very block, so the last deploy's finality was never published (deploy at 34, chain quiet at 37, published fringe at 32). The guard now reads the parents' published fringe (`prev_fringe`), which costs one round per deploy. Live: rejoin, kill, rotation and join arms all finalise every deploy on the fixed image (`n223-rejoin-results.md`).	fringe_seen/prev_fringe/n223-rejoin-results	-	51a
C215		85	done	**two nodes merged the same justifications to different pre-states.** In the rejoin run with C212 and without C213, the survivors built on the returner's catch-up chain and validator-1's blocks 41–43 and the bootstrap's 43–44 were refused by their peers as `InvalidPreStateHash`. C213 removes the trigger in this scenario; the divergence itself is unexplained, and merge determinism is law 17a. **Narrowed 2026-10-04.** The row rests on an observation with **no committed artefact** — `spec/audit/evidence/n223-rejoin-blocks/` holds the baseline and the two fixed runs, and the C212-without-C213 intermediate run that produced this was not kept — and its configuration no longer exists on `dev` (C213 is in), so it **cannot be re-produced from the tree**. One candidate mechanism is **ruled out by test**: a node holding an extra unfinalised child of a just-finalised block derives a **different prune fringe** and nevertheless the **same merge scope** (`casper/src/merging.rs:the_merge_scope_does_not_depend_on_which_children_this_node_holds`, which asserts the fringe difference first so the probe cannot be degenerate), because `from_fringes` bounds the walk by the merge fringe rather than by the prune bound. What that leaves is the scope's dependence on the validated block's **ancestry** — the one input that test held fixed — and the row's own falsifier below needs a sharper statement before it can bite. **Closed 2026-10-09, and the closing was the falsifier's, not an argument's.** Pass §84 recorded this row as a fix *without* a falsifier — the full-path test the #299 review asked for passed on the unfixed tree — and withheld the fix. That test is red now, and why it used to pass is the finding: the collision did reach `rejections_for` and did flip `accepted_finally`/`rejected_finally`, but `incompatible_with_final` reads **`conflicts_map[x]`** for an accepted-finally chain and **`dependency_map[x]`** for a rejected one, and the old construction's final-scope chain was related to neither sibling, so both reads were empty. Making the final-scope chain **produced-on by the conflict scope** (`y` consumes the event `x` produces: `depends(y,x)` true, `conflicts(y,x)` false) puts `y` in `to_merge` on one node and in `rejected` on the other, and the two arrival orders merge to different states. **The fix**: `insert` **joins** a record already stored at a fringe key with the incoming one rather than overwriting it — rejection sets and `fringe_diff` by union (monotone, fail-closed), `state_hash` by a deterministic tie-break since a hash cannot be joined — so every arrival order reaches one record, which is the invariant `FringeData` already states (its `Hash` hashes only `fringe_hash`). **What is not settled and is not claimed**: the colliding pair needs two blocks that disagree about one fringe; whether two honest same-DAG nodes can produce one is C250's question, and if they cannot, this map carries a divergence rather than causing one — either way it can no longer be the carrier.	casper/src/dag.rs::join_fringe_records/casper/tests/merge_determinism.rs::two_arrival_orders_of_one_block_set_leave_one_fringe_cache/casper/tests/merge_determinism.rs::the_same_validated_blocks_merge_identically_in_both_arrival_orders	Closes when two nodes that reach the same justifications by different delivery orders compute the same pre-state in a test — **met 2026-10-09**: `the_same_validated_blocks_merge_identically_in_both_arrival_orders` merges one validated block set on two storages built in opposite arrival orders and asserts one `MergeOutcome::state` and one `rejected_deploys` (red before the join, green after). **Residue, filed rather than implied.** (1) The join is written where a *disagreement* is the input; whether honest same-DAG nodes can produce one is **not** shown, and the argument that they cannot (the merge for a fringe is a function of the DAG) is a reason to look for C215's trigger above this level — C250's job. (2) `state_hash` is settled by a tie-break, not a join: when two writers disagree the value is meaningless and the `[fringe-divergence]` line is the signal, but nothing consumes that line yet. (3) `BLOCK_INDEX_CACHE` is still keyed by block hash alone, which is why the falsifier's first probe run read `false/false` for pairs that are plainly related; C249's reset half owns it.	17a
C216		67	done	**the CapTP spec's `op:start-session` disagrees with the reference implementation, and with itself.** The OCapN draft defines the operation with five fields — `captp-version`, `crypto-version`, `session-pubkey`, `acceptable-location`, `acceptable-location-sig` — and contradicts itself on `crypto-version`'s value (`Ed25519_SHA256` when constructing, `Ed25519` when receiving). The OCapN test suite's own `OpStartSession` carries **four** fields — `captp_version`, `session_pubkey`, `location`, `location_sig` — with no `crypto-version` on the wire at all, so a port built from the prose would fail every handshake against every existing implementation (Endo, Goblins, DObjects). Two of the fields are also not raw bytes: `session_pubkey` and the signature are the gcrypt s-expressions `['public-key ['ecc ['curve 'Ed25519] ['flags 'eddsa] ['q …]]]` and `['sig-val ['eddsa ['r …] ['s …]]]`. `ocapn/src/session.rs` follows the implementation, not the prose, and pins both shapes with byte-level known-answer tests; the divergence is recorded in `docs/src/node/ocapn.md`.	start_session_has_the_reference_four_fields/public_key_list_kat/signature_list_kat	-	64a
C217		67	done	**the two reference OCapN implementations disagree on the swiss number's type, so "the reference implementation is the oracle" has no single oracle.** `@endo/ocapn` (Agoric's) sends the swiss number as a Syrup String, which is what `draft-specifications/Locators.md` says it is; the Python `ocapn-test-suite` sends a byte array (`b"IO58l1laTyhcrgDKbEzFOO32MDd6zE5w"`). A peer built to either one alone refuses the other — ours did, which is how this was found, by applying C216's rule (the implementation over the prose) too literally: there are two implementations and they disagree. `Bootstrap::deliver` now accepts a swiss number as bytes or as a string and keys its directory by bytes, so one peer serves both. The same spike settled the netlayer's framing the other way: Endo's default `syrup` framing is `<length>:<payload>`, which is what the Python suite writes and what this port already implemented, so the specification's "raw Syrup, no length prefix" describes a wire no implementation speaks.	bootstrap_deliver_accepts_a_swiss_number_as_bytes_or_as_a_string/bootstrap_refuses_a_swiss_number_of_any_other_type	-	64b
C218		67	done	**the reply channel `invoke_term` wrote to was an ordinary name that nothing reads.** `invoke_term` passed the reply channel as a backticked `` `rho:rchain:deployId` ``. A backticked URI inside a term is a `GUri` **ground** — an ordinary, guessable name — and not the unforgeable per-deploy channel the node binds from the deploy signature and reads back (`RhoDeployId::apply(deploy_id)`, `casper/src/api/block_api_impl.rs:414`). So every reply went to a channel nobody watched: the deploy reported `ProcessedWithSuccess` with an **empty** `deploy_result`, and the caller waited on the id channel until it timed out — which is exactly what the OCapN bridge's first chain-backed capability saw. **`txn_term` had it right**, and its comment says why (`casper/src/txn_coordinator.rs:55`: a bare URI "stays a `GUri` ground and never" becomes the unforgeable name), but `invoke_term` had **no production caller**, so its reply contract — `docs/src/node/shard-invoke.md`'s "the value committed there *is* the reply" — was never exercised beyond a parse test. Fixed by binding the name instead: `new lookup(...), deployId(`rho:rchain:deployId`), cap in { … @target!(…, *deployId) }`, the shape `txn_term` already used. The bridge now reads a REV balance out of a block and back over CapTP (999_999_000_000 — the genesis wallet's balance less the phlo that very deploy spent), and `invoke_term_targets_uri_method_and_deploy_id` pins the binding so it cannot come back silently. **Two earlier versions of this row were wrong and are superseded**: a calling-convention mismatch (refuted — a system process is `arity: 1, remainder: true`, so spread arguments are the convention) and then a registry miss (refuted by experiment — a nonexistent method fails with the native's own `revVault: unknown method`, so the call does arrive).	invoke_term_targets_uri_method_and_deploy_id/a_captp_delivery_to_a_chain_backed_capability_resolves_from_a_block	-	64a
C219		68	done	**a minted channel keeps one continuation, so the vault handle's `balance` arm has never existed — closed: the handle is one continuation that dispatches, and a conflicting install is refused.** `install_vault_handle` (`rholang/src/system_processes.rs`) installs two arms on one channel — `balance` at arity 2 and `transfer` at arity 5 — and `InMemHotStore::install_continuation` (`rspace/src/hot_store.rs:319-323`) writes them into a map keyed by the *channel*, so the second install **replaces** the first; the last one wins. Measured on a handle over the deployer's own funded vault: in the committed order (2 then 5) the handle answers **nothing** to `balance` and **nothing** to a nonsense method at the same arity (no error either — the send finds no continuation), while `transfer` replies `(true, Nil)` and moves the funds; swapping the two installs inverts it exactly (`balance` answers 100, `transfer` moves nothing). So `vault_transfer_handler`'s own claim that its `(false, "Invalid AuthKey")` reply is "the `Either` shape both wallet vectors destructure" holds only when the balance arm is the one that died. The port's comment on `install_native` asserts the opposite of what the store does ("RSpace matches by arity, and the oracle's vault is exactly that shape: one `contract` per method"): `installed_continuations` holds **one** `WaitingContinuation` per channel, while a *deploy's* receives accumulate in a `Vec` per channel (`state.continuations`), which is why Rholang contracts with several arms are unaffected and why `rho:rchain:revVault`/`rho:rchain:ertp:ledger` are (one Definition at `arity: 1, remainder: true`, method dispatched inside). The existing test asserts the handle's *effect* and never its reply, which is why it survived. Both probe runs, in both install orders, are in `spec/audit/evidence/c219-handle-continuation-replaced.md`. **Closed by Law 60.** `install_continuation` now returns a `Result` and refuses an install that would replace a *different* continuation on the channel, with a named error (`RSpaceError::InstallConflict`) — an install that cannot take effect says so rather than dropping what was there; an identical re-install stays a no-op, which play and replay both need. `install_vault_handle` installs **one** continuation at `arity: 1, remainder: true` and dispatches the two arms on the method inside it, which is the shape `rev_vault`, `ertp` and `pos` already used. The presence of the `balance` arm is now asserted rather than assumed: `casper/tests/determinism.rs:a_minted_vault_handle_answers_its_balance_arm` reads it against a vault seeded with 1_000_000_000 — so a handler replying a constant fails it — while the neighbouring `..._spends_in_the_deploy_that_minted_it` remains the control that the same handle still moves funds. The law is `spec/Rchain/Install.lean`, whose defect shape (`ReplacingStep`) is the `insert` this replaces. **Consensus-visible**: the continuation's `body_ref` is derived from `(name, arity)` and the arity went 2/5 → 1, so newly minted handles move; the note is in `spec/GENESIS.md`. The two doc comments that claimed the store matches by arity are corrected.	a_second_different_install_on_a_channel_is_refused	-	60a,60b
C220		68	done	**the pretty printer is not a faithful serializer, and two paths parsed what it printed.** `PrettyPrinter` wrote a string as `"…"` with no escaping and Rholang's lexer reads a string from `"` to the next `"` (`rholang/src/parser.rs:121-137`), so a string containing a quote has no faithful literal at all (the grammar has no escape, and `reduce.rs`'s `toString` refuses a `GByteArray`, so none can be rebuilt at runtime). Two production paths printed values into terms they then parse and sign: `casper/src/shard_invoke.rs`'s builders — the OCapN bridge, where the values arrive from a peer over CapTP — and `casper/src/txn_coordinator.rs`'s `render_arg`, where a caller supplies the destination. In both the deploy is signed by this node's key, so `rho:rchain:deployerId` binds the node. The knowledge was already in the tree: `the_documented_warts_print_what_the_grammar_cannot_read_back` (`rholang/src/pretty_printer.rs`) says a printed term must not be pasted as source, and §16 of the pass record cites it — what was missing was the *distinction* between display and serialization. Also fixed with it: `GByteArray` printed as a bare hex token, which is an identifier, so a byte-array argument named an unbound variable. Found by the HAZOP's lens L4 and confirmed by probe; measured before the fix (an argument rendered as a second send and `source_to_adt` parsed it).	an_argument_that_would_close_its_literal_is_refused	-	65
C221		68	done	**a bridged delivery writes unbounded consensus state and spends the node's own REV.** Every delivery to a method-carrying capability runs `register!(reply, *uriOut)` unconditionally (`casper/src/shard_invoke.rs`, `invoke_member_term`) — including a reply that is pure data — and `rho:registry:insertArbitrary` (`rholang/src/system_processes.rs`) has **no delete** anywhere, so each call mints a permanent entry holding the whole reply including capabilities, on every node that replays. The same deploy pays `CHAIN_PHLO_LIMIT` from the node's deployer vault, and at the time of writing there was no rate limit and no per-peer accounting. Not fixable by a bound: the node cannot know whether a reply holds a capability before registering it, because the value does not survive the evaluation. — **closed by decision** (2026-10-06). The fix is **the relay**, which is what the row's original close condition got wrong. That condition names a "two-deploy design" (a first deploy that reports whether the reply holds a capability, a second that registers only then). It is **blocked** — a deploy's reply value is not durable between deploys, so the second could never see the first's value — and **superseded**: the node-side liability the row names (it grows consensus state and spends its own REV *on a stranger's behalf*) ends when the **caller** signs and funds the deploy. The relay hands the peer the exact `DeployData` to sign with its own secp256k1 key, so the chain's `rho:rchain:deployerId` binds the peer and the peer's vault pays; the `insertArbitrary` registration then becomes the caller's own act. It cannot be landed here: the peer must hold a secp256k1 key with REV and speak this shard's `DeployData` shape, which Endo does not, so it is a cross-implementation protocol change. The observable stays what the queue rate limit already demonstrates: a peer cannot make the node submit unbounded work. **Where the residual survives, stated rather than implied:** the registry grows permanently and the rate limit bounds only how *fast*, so a peer can still add entries for as long as the listener serves — this is the deliberate deviation the row now records. A session-key binding alone would not dissolve it; it changes only what the node *knows* (issue #256). The law clause it instantiates stays `open` for the same reason — `spec/Rchain/Attribution.lean`'s `the_relay_would_satisfy_it` is the proof the obligation is real, and Law 63a's note is this decision.	the_bridged_deploy_budget_admits_its_number_and_then_refuses/the_relay_would_satisfy_it	-	63a
C222		68	done	**the OCapN surface had no bound on any socket, and the node spawned a task per connection with no cap.** Measured by the HAZOP's red team: 3000 idle connections cost +41 MB and the RSS never returned, one pinned task each; and a give naming a silent exporter blocked a session past 35 s because the greeter's dial runs inside the serving loop. Fixed: `HANDSHAKE_TIMEOUT` (30 s, and the accept path still writes `op:abort`), `CONNECT_TIMEOUT` (10 s, on a peer-chosen address), `HANDOFF_SEND_TIMEOUT` (30 s on a queue whose receives were all bounded and whose send was not), `MAX_SESSIONS` in the node, and `SessionRegistry::forget` — which turned out to have a second defect: it compared the caller's identifier against the stored one, and the accepted slot stores the *peer's*, so an accepted session (every peer that connects) was never cleared. Residue registered as C223. **And the bound is Law 55's clause a, not a law of its own** (rule 3: one home): `MAX_SESSIONS` and the per-session tables' caps are guards that sit *before* the work, which is what `Rchain/Bounded.lean`'s `the_work_never_exceeds_the_budget` states for every step. What this row added is that the OCapN surface's steps are steps of that protocol.	a_peer_that_never_speaks_is_refused_within_the_handshake_bound	-	55a
C223		68	done	**six tables a peer can grow, three keyed by peer-chosen bytes — bounded, and the last residue closed.** The six tables are bounded and their refusals named, and the two earlier residues are closed: an inbound `op:gc-exports`/`op:gc-answers` removes positions from the export and answer tables rather than being a no-op, and a re-used `answer_pos` is refused rather than silently re-pointed. **The last one is closed by Law 61**: the deposit wait moved off the serving loop. `Bootstrap`'s withdraw arm polled for a gift **inside** `handle_deliver`, which the session's loop awaits, so a peer that claimed a handoff gift before the gifter deposited it froze its own session for up to ten seconds — an unrelated delivery on the same session was not read until the wait ended. The arm now returns `Reply::Deferred`; the loop keeps reading and writes the answer when the waiter lands, which keeps the connection single-owner. The observable is the **stall**, not the timeout: `ocapn/tests/session_owner.rs:a_claim_that_waits_does_not_stall_its_session` sends a signed claim for a gift nobody deposited and then a fetch on the same socket, and requires the fetch to be fulfilled in seconds — then deposits the gift and requires the claim's own answer to arrive, so deferring is not dropping. The law is `spec/Rchain/Session.lean`, whose defect shape (`BlockingStep`) never shortens the queue.	a_claim_that_waits_does_not_stall_its_session	-	61a,61b
C224		67	done	**the port follows one reference reading on four points where another is defensible — all four closed, three by settling them and one by landing it.** (1) A locator whose `hints` are Syrup `f` was refused because the location signature was verified over a **re-encoding**; `StartSession` keeps the record as it arrived and verifies over that. (2) The designator was the constant `"rnode"` for every node, and peer identity *is* `(designator, transport)`, so two nodes were one peer; it is derived from the node's deployer key (or its node id when keyless). (3) The outbound swiss number stays `Bytes`, decided by citation: the reference suite asserts the byte form on that argument (`third_party_handoffs.py` against `sturdyref.swiss_num`, built `.encode("ascii")`), so the Locators draft's String would fail a conformance test — inbound, either is accepted (C217). (4) A capability **as an argument** crosses: `Export` gained provided `deliver_in`/`named`, the session's export table is the view, and a `desc:export N` resolves to the registry location the node minted, so the term binds the name and passes it bare — demonstrated end to end by a peer calling `amountMath.make(brand, 10)` with the brand it was handed. The nested-capability case is **C226's row** (rule 3: one home), because its fix is C226's wire decision, not a second reading of this one.	a_captp_peer_passes_a_capability_back_as_an_argument	-	64a,64b
C225		68	done	**the dial policy refuses link-local, the metadata range, and (on request) local addresses, resolves a name before judging it — and the open case is closed: the peer's own origin now decides what it may reach.** `ocapn/src/dial_policy.rs` refuses `169.254.0.0/16` and `fe80::/10` with no configuration, refuses loopback and private ranges when `api-server.ocapn-deny-local-dial` is set (off by default, because the conformance suite and the ERTP transcript both dial loopback), **resolves a hostname and judges what it resolves to** (checking only the spelling was the way to evade the policy), and refuses a name that does not resolve. **Open:** a *remote* peer can still aim the node at the node's **own loopback** services while `deny-local-dial` is off. That needs the peer's own origin — the socket address of the session the dial came from — which the dial path does not carry, so the fix threads it from the accepted session to the enlivener and the greeter. **Closed by Law 62.** A dial a *remote* peer asked for is refused when the target is one of this node's own local addresses: the peer would be using this node to reach a service it cannot reach itself. The origin is the socket address of the session the request arrived on — `NetConn::peer_address` (provided, so a transport that cannot say keeps the behaviour it had), carried on the session handle, and passed by the two dial sites that know which peer asked (the enlivener and the handoff greeter) through `Netlayer::new_outgoing_connection_from`, also provided, so the netlayer standard's two functions stand. **The law is a containment, not a longer list of denied targets**: the node's reach under a peer is inside that peer's own reach, proved for every configuration of the policy's ingredients, with the origin-blind rule modelled beside it as the rule this replaces (`the_origin_blind_rule_exceeds_the_peers_reach` is exactly the open case). The cheap alternative — refusing local targets outright — is ruled out by `denying_local_targets_outright_would_refuse_a_local_peer`: it would break the loopback demo the conformance suite is. The observable is asserted both ways: `ocapn/src/dial_policy.rs:a_remote_peer_cannot_reach_this_nodes_own_services` (a remote origin is refused, a loopback origin is permitted, and an unreportable origin is judged as before) and `a_remote_peer_cannot_reach_this_node_by_name` (a name resolving to loopback is the same dial). The operator's `ocapn-deny-local-dial` is unchanged and still decides whether local targets are refused at all.	a_remote_peer_cannot_reach_this_nodes_own_services	-	62
C226		67	done	**a tuple does not round-trip over the bridge, so a peer can hold a purse but cannot fund it — closed: it crosses as OCapN's tagged value, and a capability inside a value is named.** A Rholang tuple crossed CapTP as a Syrup **list** — a Syrup record is *labelled* and a tuple has no label — and there was no path back: `par_value` mapped a Syrup list to an `EList`, which does **not** match a contract's `@(brand, value)` tuple pattern, so an amount the node handed a peer could not be handed back and ERTP's amount-taking arms (`mintPayment(amount)`, `withdraw(amount)`, `revFund(funder, amount)`) stayed unreachable even though a capability argument now crossed (C224 item 4). **The shape was decided by the references, not by preference**, and the row's own two candidates both fail against them: a *bare* record needs a label, the label must be a string, selector or bytestring (`@endo/ocapn`'s `decode.js`), and `(true, 0)` — every `(ok, value)` reply in this codebase — would need the label `true`; worse, a record is not in Endo's CapTP passable union (`{list, struct, tagged}`) at all. A tuple therefore crosses as OCapN's **tagged** value, `<desc:tagged 'rho:tuple' [fields…]>` — the union's own extension point, whose `value` may be any passable — and comes back a tuple. The *bridge-level rendering rule* the row proposed is refuted rather than merely judged worse: turning an inbound list argument into a tuple makes one wire form stand for two values, which is exactly the injectivity **Law 59b** forbids. Two things fell out of the same law: the URI loss (`GUri → Symbol` outbound with `Symbol` refused inbound) was clause 59c's case — a lossy map — and a capability *inside* a value is now named rather than refused, the term binding it where it stands.	a_captp_peer_sends_an_amount_and_the_contract_reads_it	-	59a,59b,59c
C227	A8	69	done	The Noise transport's chunking is unnegotiated, so multi-chunk interop is unverified. A Noise transport message caps at 65535 bytes and this port splits a larger CapTP message into chunks at a private boundary (`MAX_CHUNK_PLAINTEXT`), reassembling them on the far side. The reference implementation ships no netlayer, so there is no counterpart to negotiate the boundary with: `spec/audit/evidence/ocapn-noise/README.md` labels the record framing NOT PROVEN, and the interop run drove only the single-record handshake. The two directions agree with each other — this is an interop risk, not a self-inconsistency — but a peer that chunks at any other boundary is not mis-reassembled, it is hard-failed at the AEAD, and no peer has been asked. **Closed 2026-10-07 by reading the reference's source, not by changing this port.** Three facts settle it. (1) Upstream `endojs/endo` master's `rust/ocapn_noise` is still `noise_xx` with an empty prologue and a signature payload - this port's shape - so the pattern has not moved. (2) Upstream `packages/ocapn-noise/src/` contains `bindings.js` alone, so **the reference publishes no netlayer and there is no boundary to pin to**; the row's own `owes` cannot be met against a reference that ships none. (3) The only netlayer that exists anywhere is `endo-but-for-bots` branch `llm`'s, whose TCP transport netstrings (`MAX_FRAME_LENGTH = 65_551`, one frame per message, no chunking) - and that branch is simultaneously a rewrite to `noise_ik` with no signature and a prologue, so its framing cannot be adopted without its pattern. **So the close is a stated trigger rather than a measurement**: when a netlayer lands upstream, the alignment is `framed::Framed` in this module for the handshake and the session, the chunking dropped, and a message bounded at ~65 519 bytes - which is a *capability reduction* on this transport (4 MiB today) and the reason it is not made speculatively. Every other OCapN TCP transport - the Python suite, Endo's `tcp-test-only`, and that branch's noise netlayer - netstrings; this is the only one that does not. Recorded in `spec/audit/evidence/ocapn-noise/README.md`, which also notes the same branch names a peer by the hex Ed25519 key, as this port already does.	ocapn/src/noise.rs	a peer that speaks a chunking this port does not — then the boundary is negotiated or pinned by observation, not chosen	candidate:interop-is-unproven-until-a-peer-speaks-it
C228	A9	69	done	A truncated Noise length header is reported as a clean end of stream. `NoiseConn::recv` reads the 4-byte length with `read_exact` and maps `UnexpectedEof` to `Ok(None)` — but `read_exact` returns that error for a *partial* read too, so a peer that sends 1..=3 bytes and closes is reported as a session that ended normally. The body read below it uses `?` and is not so mapped, so the two reads disagree about what a short read means. Nothing is lost (a 1..=3-byte prefix names no message, and a truncated body is correctly an error), but it diverges from the rule `ocapn/src/framed.rs` and `ocapn/src/netlayer.rs` both state: a stream that ends in the middle of a message is an error. — **fixed here**: the header is read with a loop that distinguishes the two cases `read_exact` conflates — `Ok(0)` at the start is a clean end of stream, `Ok(0)` after one or more bytes is `UnexpectedEof` naming the partial header — which is the rule `framed` already pins for netstrings. The falsifier is `ocapn/src/noise.rs:a_stream_that_ends_inside_a_length_header_is_not_a_clean_end`: a real handshake, two bytes of a four-byte length, then the peer goes away. **Measured failing against the `read_exact` version** — the read returned `Ok(None)`, 'the peer said goodbye', where the crate's rule says the stream ended inside a message. **What that does and does not cost, since the row's own steelman raised it:** the lost 1..3 bytes cannot hold a message, so nothing is *dropped* — what is lost is the distinction, and a session that ends in the middle of a header reads exactly like one that ended cleanly, which is the diagnostic an operator would be looking for. Its companion, `a_close_at_a_message_boundary_is_a_clean_end`, pins the other half: a close with nothing in flight still reads as the end of the stream, because that is how ordinary peers close.	ocapn/src/noise.rs	-	candidate:a-short-read-is-not-an-end-of-stream
C229	B3/C2/C3/E4	69	done	Sixty-four idle sessions take every permit, and the ceiling is transport-blind. `serve_ocapn` takes one of `MAX_SESSIONS = 64` permits before spawning a session and holds it for the task's life, and the session loop awaits `recv_message` with **no timeout** — deliberately, because three suite tests need a silent leg and the prior HAZOP declined a steady-state read timeout. The consequence the prior study did not state is that **64 peers who complete a handshake once and then say nothing hold every permit for ever**: measured by the red team with 64 bare TCP connections sending zero bytes, after which the 65th connection is refused on *every* transport. The semaphore is also transport-blind, so the unauthenticated `websocket` path can starve the authenticated `noise` path. The `HANDSHAKE_TIMEOUT` bound sits strictly before the steady-state read and does not apply to it. — **fixed here, for the half that is a defect.** Each transport now holds its **own share** of the ceiling (`serve_ocapn` counts the configured listeners and gives each `MAX_SESSIONS / n`), and the shares **sum** to the ceiling rather than nesting under it — so a node listening on one transport still has all 64, and no transport, in particular not one that authenticates nobody, can take the node's whole session surface. The refusal now names the transport and the share, which is what tells an operator where to look. The falsifier is `node/src/api/ocapn.rs:one_transport_cannot_take_the_nodes_whole_session_surface`: it fills `tcp-testing-only`'s share with sockets that say nothing (the permit is taken at accept, before any handshake, so raw sockets are enough), asserts the refusal lands at the *share* rather than 64, and asserts a `unix` connection is still accepted at that moment — **measured failing** against the node-wide semaphore, where no refusal happened at all. **The half that stays a decision, stated rather than left implicit:** a peer that *establishes* a session and then says nothing still holds its permit for as long as it likes — an idle session is legitimate, and `HANDSHAKE_TIMEOUT`'s note records why the steady-state read is deliberately not bounded, and why the conformance suite needs a silent leg. The row's `owes` offered 'a per-transport share of the ceiling' as a close, and that is the one taken; what the share buys is that the denial is bounded to one transport and cannot be the whole surface.	node/src/api/ocapn.rs	-	candidate:a-session-has-an-end
C230	B7	69	done	The deferred-answer cap bounds landed answers, not the waiter tasks that produce them. Every `Reply::Deferred` spawns a task that polls the node-global gift store every 10 ms for up to 10 s. `MAX_DEFERRED_ANSWERS = 64` bounds the *channel* a landed answer travels on, not the number of live waiters — and a `withdraw-gift` for a gift id nobody deposited returns `Deferred` without touching the replay guard (correctly: a claim that withdrew nothing must not record its count), so the same call can be replayed for free. Each waiter locks the one `gifts` mutex every session shares. — **fixed here**: `MAX_DEFERRED_WAITERS = 16` (ocapn/capacity) caps the **live waiter tasks on one session**, counted by an `AtomicUsize` the session shares with the tasks that hold them, and released when a waiter ends whichever way it ended — a task that never released its slot would close the session to claims one waiter at a time. Past the cap the delivery is refused with the same `<break>` a failed claim produces, which is an answer rather than a silence; the check runs **before** the answer is recorded, because a refused delivery owes the peer nothing to resolve later. The cap is deliberately far below `MAX_DEFERRED_ANSWERS`: sixteen waiters polling once per 10 ms is already ~1 600 acquisitions of the node-global gift mutex a second from one session, and the number worth bounding is the task count rather than the queue depth. The falsifier is `ocapn/tests/session_owner.rs:the_claim_waiters_on_one_session_are_bounded`: it fills the allowance with claims for a gift nobody deposits, sends one more, and asserts the **over-cap claim is refused at once**, addressed to the resolve-me it asked for. **Measured failing against the unbounded version**, where that read timed out after 3 s because the session had quietly started a seventeenth waiter.	conn.rs	-	candidate:the-waiters-are-bounded-not-just-the-answers
C231	B8/E15	69	done	Shutdown drains the listener and not the sessions it spawned. `serve_ocapn` returns on the stop word, but the per-session tasks it spawned are detached: no `stop` receiver and no `JoinHandle` reaches them, and the node's drain awaits only the listener handle. Established sessions therefore outlive 'shutdown' and are reclaimed when the process exits. Bounded in consequence — a bridged deploy is submitted before the reply wait, so the chain action is already durable and only the peer's answer is cut — but there is no way to abort a session, and a session holding a permit is not counted in any drain. — **fixed here**: the same stop word that ends the listeners ends their sessions. `SessionFactory` carries the receiver, and `serve` selects on it beside the session loop, so a session is cancelled on the operator's word rather than outliving the node — the socket closes, which is what the peer sees either way. **Why that is the honest drain:** the session tasks are spawned and detached, so `serve_ocapn` returning left them running until the process died, and the node reported a clean drain while serving sessions it had not stopped. The falsifier is `node/tests/ocapn_listener.rs:a_live_session_ends_when_the_node_is_asked_to_stop`: a peer dials, fetches once (the control — a session that had already ended would make the assertion pass for the wrong reason), the node is asked to stop, and the peer's next read returns a clean close. **Measured failing against the detached-session version**, where the read hung for the full 30 s and the test timed out. A subtler consequence, stated because it is a behaviour change: a delivery in flight when the operator stops is cut, where before it completed.	node/src/runtime/node_runtime.rs	-	candidate:shutdown-reaches-what-it-started
C232	C9	69	done	The deploy rate limiter's fixed window admits up to twice its rate across a boundary. `BRIDGED_DEPLOYMENTS_PER_SEC = 4` is enforced by `rchain_shared::rate_limiter::RateLimiter`, a fixed one-second window, so a peer that spends the window's allowance at its end and again at the next window's start admits eight deploys in two seconds. The *single node-global* limiter beside it is a decision, not a defect — per-peer fairness is declined with Law 63a — so what remains open is the boundary burst, which is bounded (two windows' worth) rather than unbounded. — **fixed here**: `RateLimiter` (shared) is a **token bucket** rather than a fixed window. A window admits its whole allowance at once and resets on the wall clock, so a client that keeps asking is handed a fresh allowance at every boundary — up to **twice** the configured rate over a sliding second, indefinitely, on surfaces whose entire purpose is to bound a rate. This is not only the OCapN bridge's limiter: the same type bounds the unauthenticated deploy servers and the Kademlia discovery RPC, so the defect was wider than the row that found it. A bucket refills only what was spent and is capped at one second's allowance, so the sustained rate is the configured one; it starts **full**, which *preserves* the burst a fixed window granted a surface that had been quiet — the behaviour a limiter sized for an interactive caller depends on. The OCapN row's other half (one node-global limiter rather than one per peer) is untouched: that is the decision declined with Law 63a. The falsifier is `shared/src/rate_limiter.rs:the_allowance_is_never_granted_twice`: spend the whole allowance, wait half a period, and exactly one token has refilled — not a fresh window's worth. **Measured failing against the fixed window**, which refused at half a second because nothing refills until the boundary; the limiter's three existing tests pass against both, which is why they were not enough.	shared/src/rate_limiter.rs	-	candidate:a-rate-bound-holds-across-its-own-boundary
C233	C11	69	done	The Noise reassembly is quadratic in the delivered chunks. `NoiseConn::open` consumes the framed body with `ciphertext.drain(..take).collect()` once per chunk, and `Vec::drain` shifts the entire remainder left each time — O(n²) in the chunk count. Bounded by the 4 MiB message cap into roughly 65 shifts and ~128 MiB of memmove per maximum message, so it is a constant factor and not an amplification: a peer cannot make the work grow faster than its own bytes. Still, the same bytes could be moved once. — **fixed here, reasoned rather than measured.** `open` consumed the framed body with `ciphertext.drain(..take)` once per chunk, and `drain` shifts everything after the drained range down on *every* iteration: a body at the 4 MiB cap is 64 chunks, so ~128 MiB of `memmove` for one message. It now walks an offset and hands `decrypt_in_place` a subslice, which is the same work without the shifting. **What is not measured:** the copy count. No test counts bytes shifted, and the correctness guard — `a_message_larger_than_one_cipher_message_crosses_intact` — passes with either implementation, so it is not a falsifier of this claim. The change is by inspection of the loop; the row's `known` stays `reasoned`, and a future reader who wants a measurement should count bytes copied rather than time the round trip, which is what this row's own evidence does.	ocapn/src/noise.rs	-	candidate:a-reassembly-is-linear-in-its-input
C234	D4	69	done	The identity file is the node's name, so sharing it makes two nodes one peer. The designator *is* the Ed25519 verifying key when an identity is configured, and `owner::peer_key` is `(designator, transport)`. Two node processes pointed at one identity path are therefore one peer: their sessions are conflated by the crossed-hello rule, a sturdyref to one resolves at the other, and a SYN naming that key is answered by whichever holds the file — the C224 item-2 class, recurring through a single misconfiguration. There is also no rotation and no revocation: a leaked identity can only be retired by renaming the node and orphaning every peer that holds the old name. Operator guidance, not a code fix — but nothing detects the shared-file case either. — **closed by documenting it, which is the close the row's `owes` offers first** ('or the pages say plainly that one file is one peer and cannot be rotated without renaming'). The alternative — detecting a second holder — is not implementable: a file can be copied, and two processes that both hold a copy are indistinguishable from one process on two hosts. The consequence is now stated where the identity key is described: `docs/src/node/ocapn.md` under a heading of its own (**one file is one peer, and the name cannot be rotated**), `defaults.conf` beside the key, and `ApiServer::ocapn_identity_key` itself. What it says: two nodes sharing the file are one peer to everyone else, the crossed-hello rule compares sessions by that name so their sessions evict each other, and replacing the key renames the node.	node/src/api/ocapn.rs	-	candidate:an-identity-is-not-shared
C235	D8/F10	69	done	The node's name is a function of configuration, and adding a listener changes it. `node_runtime` derives the designator as the **Ed25519 verifying key** when a `noise` or `websocket` listener gave the node an identity, and as `node_designator`'s deployer-key hash otherwise. The behaviour is required — with a networked transport the name has to be the key the handshake actually checks, or the name and the handshake disagree — but it has a consequence nothing states: a node whose operator later configures a listener **changes name**, so every designator and sturdyref handed out before then resolves nowhere, and a peer cannot tell that the two names denote one node. — **closed by documenting it, which is the close the row's `owes` offers first** ('the consequence is documented where the identity key is described'). Pinning the name instead would mean deriving it from something that cannot move, and every candidate is worse: the deployer key cannot sign, so a node pinned to it cannot answer a handshake that opens with its own name. So the name stays a function of configuration and the consequence is stated in the same three places as C234's: **adding `ocapn-listen-noise` or `ocapn-listen-websocket` to a node without an identity key renames it**, because the designator stops being the deployer-key derivation and becomes the Ed25519 key. Set the key, or decide there will not be one, before peers hold the name.	docs/src/node/ocapn.md	-	candidate:a-name-does-not-change-under-the-node
C236	D9/E1	69	done	Admission is unauditable. The bind line names the node's own address; the ceiling line, the refusal line and the session-end line name no peer. Nothing logs a peer's designator, its transport or its origin when a session is admitted, so an operator cannot tell that an unauthenticated `websocket` peer was admitted, nor by which transport, nor by which name. Some of the omission is deliberate — the crate logs peer-driven protocol outcomes at `debug` rather than flooding `warn` — but the audit gap is real: a session's end is `debug`, below the default level of `shared/src/log.rs`. — **fixed here**: admission and a session's end are both written at **`info`** — the default level — naming the peer by the designator it asserted **and**, where the transport proved one, the key it proved, plus the transport it arrived on. Admission and end go through the same **rate limiter** (`SESSION_AUDIT_PER_SEC = 20`), because the row's own steelman is right that the rate is the peer's to choose: above the bound the line is written at `debug`, so a suppressed audit is still recoverable by turning the level up rather than being lost. The falsifier is `node/src/api/ocapn.rs:an_operators_log_names_the_peer_that_was_admitted_and_when_it_left`, which drives a **real CapTP dial** over `tcp-testing-only` — a peer naming itself `caller` — and asserts the admission line and then the end line, both naming the peer and the transport. **Measured failing against the `debug` version** by construction: the two lines did not exist at the default level, which is the whole of the row. What the record is *not*: a claim about who the peer is — on `tcp-testing-only` and `websocket` the designator is a self-assertion, which is exactly why the proved key is printed beside it when there is one.	ocapn/src/owner.rs	-	candidate:admission-is-auditable
C237	E9	69	done	A node bound to 0.0.0.0 advertises 0.0.0.0 as its dial-back address. `listen_tcp`, `listen_noise` and `listen_websocket` build the advertised location from `local_addr()`, so `ocapn-listen-noise = 0.0.0.0:22046` — the natural production config, and the one the node page's own example uses — advertises host `0.0.0.0`. A same-host dialer happens to work, since Linux connects `0.0.0.0` to loopback; a remote peer dialling it back reaches itself, so every handoff and sturdyref to this node is unusable off-host. No node test binds `0.0.0.0`, so the case is unexercised. — **fixed here**: `advertised_host` in `node/src/api/ocapn.rs` is consulted by `listen_tcp`, `listen_noise` and `listen_websocket`, and the `host` hint — the `url` hint's host for `websocket` — is the operator's `api-server.ocapn-advertised-host` when one is set. A listener bound to `0.0.0.0`/`::` with none set is **refused at startup**, naming the key, rather than advertising an address that makes a remote peer dial itself; the port is always the bound one, so `:0` still works. The falsifier is `node/src/api/ocapn.rs:a_listener_bound_to_every_address_advertises_the_host_the_operator_named`, which drives `listen_tcp` three ways: bound to every address with nothing to advertise (refused, and the refusal names the key), bound to every address with a host (the host hint is the operator's, the port is the chosen one), and bound to a specific address (its own answer).	node/src/api/ocapn.rs	-	candidate:an-advertised-location-is-dialable
C238	E12	69	done	An identity key with no listener is silently ignored. `api-server.ocapn-identity-key` set without a `noise` or `websocket` listener is neither read nor validated — `node_runtime` returns `None` for it — and because the designator only moves when an identity is loaded, an operator who set the key expecting the node's name to be its key gets neither the name nor an error. A listener added later generates a fresh identity at that path, so the intended key is still not the node's. It is inert rather than wrong (nothing constructs a transport that consumes it), but a config key that does nothing silently is the half-set-switch shape this register keeps recording. — **fixed here**: `ocapn_identity_for` (one seam, in `node/src/api/ocapn.rs`) reads the key whenever it is configured, whether or not a listener consumes it. The file is still not *adopted* — the designator does not move, which the row's `owes` allows — but it is loaded and validated, so a key of the wrong length, a loose mode, an all-zero key or a path that cannot be created are startup errors instead of a setting that did nothing. (An absent file is still created, directory and all: that is how a node gets a stable name, and it is the one case that is not a mistake.) The falsifier is `node/src/api/ocapn.rs:an_identity_key_with_no_listener_is_still_read_and_validated`, which asserts all four cases — a listener without a key refused and naming the key; a listener with one given an identity and the file kept; **no listener with a malformed key refused**; and no listener with a good key validated but not adopted. **Measured failing against the `ignoring` arm**, which returned `Ok(None)` for the malformed key.	node/src/configuration/hocon.rs	-	candidate:a-config-key-nothing-consumes-says-so
C239	B2	69	done	A peer's establishment is cancelled by unrelated traffic on another transport. `serve_ocapn`'s accept loop is one `tokio::select!` over one arm per transport, and it is not `biased`. When any arm completes, Tokio drops the other branches' futures — so a websocket peer that is mid-establishment (its accept future is Pending inside the TLS/WS upgrade or the in-band challenge) has its already-accepted socket **dropped**, resetting the connection the moment a connection arrives on tcp, unix or noise. Measured by the red team. The peer did nothing wrong, and nothing is logged: a dropped future is not an `Err`. Self-healing (the peer re-dials, and an honest establishment takes milliseconds), so S3 rather than higher — but remotely triggerable at will, and the `biased` select the row's own reading suggests would be worse, since one silent arm would then starve the others. The fix is per-transport accept tasks. — **fixed here**: `serve_ocapn` now spawns **one accept task per transport** (`accept_transport`), each looping on its own `accept_recovering`, so nothing outside a transport's own task can end its pending accept. A `biased` select was rejected — it would let one silent arm starve the others — and the ceiling stays node-wide, which is C229's row rather than this one's. The falsifier is `node/src/api/ocapn.rs:a_peers_establishment_is_not_cancelled_by_another_transports_traffic`: it parks a websocket upgrade (a socket that connects and says nothing, so the node's accept is inside the HTTP request read), makes a connection on `tcp`, then finishes the upgrade on the parked socket. Measured **failing** against the single-`select!` loop — the read came back empty, because the socket had already been dropped — and passing here.	node/src/api/ocapn.rs	-	candidate:an-establishment-is-not-cancelled
C240	B5	69	done	The dial policy resolves a peer-chosen name on the async path. `DialPolicy::permits` and `permits_from` call `std::net::ToSocketAddrs::to_socket_addrs`, a synchronous blocking resolver, and they are reached from the async dial path — `PolicyNetlayer::new_outgoing_connection_from`, called by the enlivener and the greeter, both of which run on a session loop. The host is the peer's (a sturdyref or a handoff give's `exporter-location`), so a peer can make the node block a runtime worker for the resolver's own timeout, once per dial, up to the session count. Bounded and never on the accept loop, but it is a blocking call on an async path. — **fixed here**: `DialPolicy::permits_from_async` runs the judgment on a **blocking thread** when the target is a name, and inline when it is a literal address (there is nothing to resolve, and a thread hop for nothing is its own cost). `PolicyNetlayer::new_outgoing_connection_from` — the async dial path a peer's sturdyref reaches — calls it, so a peer that names a host nothing answers no longer spends a runtime worker on the resolver's own timeout. The sync `permits`/`permits_from` stay as they were for the callers that are not on a runtime (the tests, and the node's own configuration checks). The falsifier is `ocapn/src/dial_policy.rs:judging_a_name_off_this_thread_leaves_the_runtime_free`, and its differential is inside one test on a **current-thread** runtime: a task is spawned and the name judged, with **no await** between them for the control. Judging on this thread means the spawned task cannot run at all, because `permits_from` is sync and there is no yield point; judging on a blocking thread makes the `.await` the yield point that lets it run. The control cannot pass by luck: no DNS answer, fast or slow, creates a yield.	ocapn/src/dial_policy.rs	-	candidate:no-blocking-work-on-an-async-path
C241	B6/C8	69	done	The sessions the node is made to dial are not counted against the session ceiling. `MAX_SESSIONS` is enforced by a semaphore around the accept loop, so only *accepted* connections are counted. A peer can also make the node dial — the enlivener and the greeter each dial a peer-named locator and spawn a session loop — and those sessions take no permit; their only bound is the registry's `MAX_PEERS = 256`. The node's real concurrent-session ceiling is therefore 64 accepted **plus** up to 256 dialed, and a peer that publishes 256 reachable locators holds 256 extra tasks and sockets beyond the number the operator set. Bounded by a looser bound, not unbounded. **Closed:** the dial reserve is carved out of the *same* ceiling rather than set beside it - `MAX_DIALED_SESSIONS` is reserved for the sessions the node starts (the admin route and every fixture that dials) and the accept paths split what is left, so the two together are exactly `MAX_SESSIONS` and a peer that makes the node dial cannot hold it past the number its operator was told. The falsifier is `one_transport_cannot_take_the_nodes_whole_session_surface`, whose refusal message now names a share of the *accept* budget (`24 of 48 accepts, of a ceiling of 64`); the assertion fails against the version that counted dials beside the ceiling, where the same line read `32 of 64`.	MAX_DIALED_SESSIONS	dialed sessions take a permit from the same ceiling, or the two ceilings are related by configuration	candidate:the-node-counts-what-it-starts
C242	D1	69	done	The transport-verified peer key is discarded, so the reliable name is not the name used. Both transports verify a peer's Ed25519 key and then throw it away — `let _initiator_verifying` and `let _responder_verifying` are bound and never read — while `owner::admit` keys the registry by the peer's **self-asserted** designator from its `op:start-session`, validly signed by nothing but the peer's own ephemeral session key. So the one authenticated transport authenticates a name that no decision in the node uses. This is what makes C243 actionable: the verified key is already in hand. — **fixed here**: the handshake's proved key is kept (`NetConn::verified_peer`, a provided method that `noise` implements and the transports that authenticate nobody leave at `None`) and `Session::verified_peer_key` exposes it. `owner::peer_key` now reads the locator's `verify` hint — the field a transport *checks* — in preference to the peer's asserted designator, and `accept_and_book` writes the *proved* key into that hint, so a session that proved a key is filed under it and the peer's own hints (where it is dialled back) are left alone. `accept_and_book` returns that locator, because `forget` must take the key the session was booked under or it removes nothing.	ocapn/src/noise.rs	-	63a
C243	D6	69	done	The session registry keys on the peer's self-asserted name, so an honest session can be evicted. The registry key is the peer's self-asserted `(designator, transport)`, taken from its `op:start-session` `acceptable-location`. The designator is public — it is advertised in every location the node hands out, and it is the cleartext prefix of every Noise SYN — so a peer that knows an honest peer's name can present it; `SessionRegistry::admit` then treats the two as one peer and, by the crossing rule, makes the honest *accepted* session the loser and aborts it. A stranger who knows a public name can repeatedly evict that peer's sessions. Bounded (the victim re-dials, and only this node's side forgets) but not defended, and this branch supplies the material that would defend it. Must-fix class. — **fixed here, for the transport that can prove a name.** `owner::peer_key` reads the `verify` hint — the key `noise` enforces in the SYN and `websocket` in the challenge response — in preference to the asserted designator, and `accept_and_book` writes the *proved* key into that hint on an accepted session. So both legs of one peer agree on a name the peer cannot forge, and a stranger who presents an honest peer's public designator is filed under its own key and cannot collide with — let alone evict — the session it named. For every peer with an identity this names it exactly as before, since a node's OCapN designator is its verifying key in base16. **Over `websocket` it remains, by the protocol rather than by this code** — that handshake has only the *server* prove itself (D2), so an accepted websocket session has no name its peer had to prove, and the assertion is all there is. That is `websocket`'s known weakness, not a hole left open here.	ocapn/src/owner.rs	-	63a
C244	F9	69	done	The node's test fixture could not run the branch's own tests in parallel, so a red build said something untrue. Every `common::start` builds a full node — an LMDB environment with a large map, a Kademlia gRPC server, an HTTP API and the OCapN listener — and `cargo test` runs one binary's tests on parallel threads, so the OCapN listener's nine of them started nine nodes at once. Two things went wrong, neither of them a defect in the node: the runner ran out of address space for the maps (`open LMDB environment reporting: Cannot allocate memory`), and because `free_ports` *releases* the ports it probed, two tests starting at the same moment could be handed the same one (`Kademlia RPC server failed: Address already in use`). It was measured in CI on 2026-10-07 across four consecutive runs of `ocapn/noise` — the branch's `Tests and the node's static gates` job failed while `dev`'s passed — and reproduced locally. A drift this one would not have shown: any test file dense enough to start several nodes. — **fixed here**: `common::start` takes a process-wide lock (`heavy_node_lock`) held in the returned `TestNode` until it is dropped, so a test that starts a node runs alone from setup to teardown. It serialises within one test binary, which is where both failures happen, and every test here starts exactly one node, so there is nothing to deadlock against. Measured: `cargo test -p rchain-node --test ocapn_listener` passes all nine in parallel, having failed the same way before; `deploy_block` and `gateway` pass unchanged.	heavy_node_lock	-	candidate:a-fixture-runs-what-it-starts
C245	R4	70	done	**The `websocket` transport's advertised location is not the location a peer dialled, so a published Endo peer establishes the session and never sends the fetch.** Endo keys a location by `ocapn://<designator>.<transport>?<sorted hints>` - *every* hint (`@endo/ocapn/src/client/util.js`, `locationToLocationId`) - stores the establishing session under the location the peer **advertised** (`client/handshake.js`, `resolveSession`), and looks it up under the one it **dialled** (`client/index.js`, `provideInternalSession`). This node advertised `ocapn://<base16 key>.websocket?url=...&verify=<base16 key>` while the peer dialled `ocapn://<base32 key>.websocket?url=...`: two differences, either fatal, and the peer's decoder refuses a hex designator outright (`Invalid base32 character`). The pending promise therefore never resolves, `enlivenSturdyRef` never reaches `E(bootstrap).fetch(...)`, and the connection sits silent until the harness's bound kills it. **The HAZOP's RCA read this as the peer stalling in its own client (row R4, 'confirmed by comparison, not by inspection of Endo's code'); reading the code settles it the other way - the defect was this advertisement.** Fixed: `WebsocketNetlayer::location` names the node `base32(Ed25519 key)`, the convention that transport's own peers derive, and carries **no** `verify` hint, because a hint is part of the identity. `rchain_shared::base32` is new, checked against RFC 4648 section 10's vectors, and the falsifier is `spec/audit/evidence/endo-spike/run-4.txt`: the published `@endo/ocapn` 1.1.1 client now reaches `FETCHED` and `CALL REPLY` where `run-3.txt` recorded the hang.	ocapn/src/websocket.rs	-	candidate:the-location-a-peer-advertises-is-the-one-it-was-dialled-as
C246	A1.5	71	done	**A1.5's unfinalised tail is a fixed band, not an intermittent failure, and the flicker between runs is the slack after the last deploy.** `docs/src/spec/testnet-acceptance.md` §3.1 called the residual intermittent (2/3, 0/3, 1/3 arms short across three runs) and left fix-versus-restate to a maintainer. Reading all **twelve arms of four runs** - including a fresh three-arm run on `9f52d84d3` - the greatest `finalized` on a quiet chain is **`tip - 4`** in eleven arms and `tip - 5` in one, frozen for 37 to 110 one-second samples, so these are walls and not truncated reads (the short arms carry the `finalized` stall lines and `round gate escaped` lines the earlier results used to rule that out). **A deploy finalises iff production ran at least 4 heights past it**: the green runs left their sixth deploy 4, 6 or 10 heights below the tip and every short arm left it **3**. The spread is the slack, not a race. **Why**, read from the code rather than inferred: the finalizer's fringe requires a candidate whose parents reach *beyond* the next layer, so the last layer's messages can only be finalised by messages that do not exist yet, and on a quiet net nothing mints them because the round gate's escape is only evaluated when something *asks* the node to propose. **And the band is a lag, not a loss**: `n214-tail-lag-run.sh` reads the wall, deploys once more, and in every arm the block at the wall's tip - unfinalised while the chain was idle - was finalised as soon as the chain produced again. What is not yet captured is a single transcript holding a *deploy* in the band and rescuing it: the stored arms show deploys land there and the lag arms show the band is covered, which gives the conclusion by composition rather than in one run - the rigs built here produced slack 4 in every arm, which is the knife edge the stored runs sat on. **So the criterion's own wording is what fails**: 'every consecutive deploy on a quiet net is finalised' measures the net *while it is idle*, and nothing can improve during an idle period. Restating A1.5 to 'no deploy is silently lost, and the tail finalises as soon as the net produces again' is **proposed and not taken** - it is a maintainer's call. Evidence: `spec/audit/evidence/n214-rotation-results.md`, 2026-10-07 section; rig `spec/audit/evidence/n214-tail-lag-run.sh` and its summariser.	casper/src/blocks/proposer/proposer.rs	-	candidate:an-idle-chain-cannot-finalise-its-own-tail
C247	-	72	done	**The attestation guard's fix reaches N=3 and N=5 but not N=8.** The #149 sweep's 2026-10-01 reading - under `--no-autopropose`, nothing finalised at N >= 3 - was taken before C209/C210, so criterion 1's A1.2 (N=5) and A1.3 (N=8) had never been measured since. Re-run on `bbabc39e8`, same rig, six primary attempts, 0 void: **A1.2 passes** - the deploy's block is block 1 in all three attempts and the chain finalises to 2 within 5-6 s - and **A1.3 fails**, which is the re-run's own finding rather than the pre-fix one: at N=8 the chain produces a *richer* DAG than N=5's (112-120 blocks, all eight validators sending) and **finality never advances once**, in any of the three attempts, because the layer's supporting stake is never a supermajority - `finality did not advance at tip 14: a layer exists but its supporting stake is not a supermajority - 400 of 800 (4 full partition(s) among 4 candidate(s))`, and over one attempt's 57 refusals the support is 0 of 800 in 24, 100 in 21, 200 in 11, 300 in 1, against 534 needed. So the guard's inputs are fixed and what remains is a fringe that cannot gather supermajority support at eight. **Limits**: the configuration is the sweep rig's (equal stakes, default epoch length), not A1.1's `--stakes 100,100,50 --epoch-length 10` scaled to eight, so the verdict is 'N=8 with equal stakes' and promoting it wants that arm run at its own configuration. Evidence: `spec/audit/evidence/n149-blocks/bbabc39e8-20261007T121036Z/` (readings.txt) and `spec/audit/evidence/n149-results.md`.	n149-results.md	-	candidate:eight-validators-have-not-finalised-since-the-fix
C248	-	67	done	**a merge lost a committed deploy's write, unanimously, and no counter and no line anywhere moved.** `spec/audit/evidence/n280-merge-loses-a-write-results.md`: a four-validator public testnet, a deploy at height 100 — an epoch boundary, so **every** block ran `close_block` — and the write present at heights 100, 101 (the finalised block) and 102 and gone from 103, the same state on all four nodes with no peer refusing a block. The native relation was keyed on the **host block** (`NativeRelations::conflicting` read the union of a block's chains' slots), so at a boundary every concurrent pair conflicted *including the pairs whose user chain wrote no contended slot at all*, and the rejection was closed over the whole block (`reject_whole_blocks`), so those chains died with their host. It is **not** C215: no two-node divergence, no `InvalidPreStateHash` between peers — the disagreement is between the chain and its own past, because the same round resolves differently once the fringe advances past it. **Fixed 2026-10-08** by moving the relation onto the chain (`DeployChainIndex::native_effects`) and **deleting** `reject_whole_blocks` rather than narrowing it, so "reject every chain of a block because of a write the block made" has no operation left to express it; the sidecar carries each deploy's writes by ordinal (`BlockNativeEffects`, a versioned `SidecarRecord`), a write outside any deploy's window is **refused** rather than filed under the block, and the merge now **returns** a `MergeReport` — the ledger the incident lacked, with two invariants that must stay empty — which the validation path logs. **This is a hard fork** (`rejected_deploys` is sorted into the hashed proto, so every affected block hash changes); recorded as pre-launch category A, #51. **C207's unclosed half**: C207 removed the conflict that was universal and its own row called the boundary safe by argument — this is that argument failing. Renumbered from C216 on rebase: the register's C216 is the CapTP `op:start-session` row, taken while this branch was in flight.	casper/src/merging.rs::a_boundary_round_does_not_lose_a_contained_deploys_charge/a_rejected_boundary_chain_does_not_take_its_blocks_other_chains/the_merge_report_names_every_dropped_native_write/rspace/src/native_store.rs::a_drained_write_names_the_deploy_that_made_it/a_write_outside_any_window_is_not_attributed_to_a_block/a_genesis_write_is_named_and_does_not_travel_in_a_sidecar/rholang/src/merging.rs::a_legacy_sidecar_decodes_as_unattributed_and_not_as_empty/an_attributed_sidecar_round_trips_and_a_damaged_one_is_not_read_as_empty	**Residue, stated rather than implied.** (1) **Aria's criterion 2 is NOT met and must not be read as met**: the boundary chains *themselves* still contend, so which sibling's epoch effect survives still depends on which chains are in scope, and a boundary that carried a deploy computes a different pot from its empty siblings — the same non-monotonicity, confined to the system deploy. Its falsifier (two merges of one round under two scopes, comparing the merged state for the already-finalised height) is not written. (2) `docs/src/spec/testnet-acceptance.md`'s H-U4-03 and H-U6-01 name `reject_whole_blocks` in their *mechanism* cells, which no longer exists; H-U6-01's *harm* stands unchanged, so those rows need re-pointing at 17c rather than re-judging. (3) The devnet arm across a fringe/epoch transition is not run. (4) #280's second failure (validators stopping production) is not causally closed — it needs node A's log around #106. (5) The live chain cannot be repaired: three of four validators agreed on the pre-state that dropped the write. (6) The **option enumeration** over a chain-level conflict graph is still not modelled (law 17c's note says why).	17c
C249		73	todo	**Two of the node's failure paths are silent, and there is no rung that resets a node which cannot heal.** The disposition pass (`docs/src/spec/failure-hazop.md`) walked the acceptance worksheet's ten study nodes against the ladder R1–R4 and found the *second* rung largely won — the merge refusal is a `log.error` (`casper/src/blocks/block_processor.rs:172`), an I1/I2 violation a non-rate-limited `log.warn` (`casper/src/interpreter_util.rs:535`), a finality stall a `log.warn` re-firing on change (`:519`), an ingress drop a `log.warn` (`casper/src/engine/node_running.rs:664`). **Two paths are genuinely silent**, and both are drops: `send_to_validate` reads the store with `.ok()` (`casper/src/blocks/block_receiver.rs:378`), so an unreadable block leaves the batch with no log, no re-queue and no counter; and `rlock`/`wlock`/`mlock` recover a **poisoned** lock with `PoisonError::into_inner` (`shared/src/lock.rs`; the module moved there in C253 E2), so a torn state is used and no caller can tell it from a healthy lock. **The third rung does not exist**: `NodeSyncing::new` is called exactly once, inside the boot guard's `else if repr.dag_set.is_empty()` (`casper/src/engine/node_launch.rs:265`), so a running node that diverges permanently stays in `NodeRunning`, keeps serving, and refuses the block and its descendants for the process lifetime (`casper/src/multi_parent_casper.rs:883`); the only way back is an operator deleting the shard data dir, which exists as a **comment** (`casper/src/dag.rs:534`) and nowhere as code. The bounded inverse the model proves is law **53b** (`RESTORE_ATTEMPT_LIMIT = 3`, `casper/src/multi_parent_casper.rs:434`; `restore_is_warranted` at `:478`); what is absent for a running node is any inverse at all. The programme's headline is therefore wrong in a useful direction — the node does not mostly wedge silently, it fails loudly and then does nothing. **R3 is owed to #287 for the net-wide case; the per-node reset is not yet anyone's.** Nothing here is a new mechanism claim, every anchor was re-derived at `410af4cbf` in this pass, and the two silent paths are read rather than observed.	casper/src/blocks/block_receiver.rs::send_to_validate/rspace/src/lock.rs/casper/src/engine/node_launch.rs::NodeSyncing/casper/src/multi_parent_casper.rs::restore_is_warranted	closes when the reset lands: F-U5-01 — a running node that cannot heal resets and rejoins, shipping dark (detect, log, count) first, with the two tests the programme names. **The silence half is closed (2026-10-09)**: both silent paths now have a falsifier — `casper/src/blocks/block_receiver.rs::a_store_that_cannot_be_read_is_not_a_parent_with_nothing_to_re_send` and `shared/src/lock.rs::a_poisoned_recovery_is_counted` — and the counters are now **surfaced** on `/api/status` (F-U10-01's unit, landed 2026-10-09): `finality_stall`, `finality_stall_episodes`, `non_quiet_merge_reports` and `poison_recoveries`. **The detect/log/count half landed (2026-10-09, §77)**: a divergence record whose revalidation budget is spent and which still fails is now **reported** — `unrestorableRecords` and `unrestorableBlock` on `/api/status`, set where the node stops trying (`casper/src/multi_parent_casper.rs::restore_budget_is_spent`). **The node-side reset's primitive and denominator landed (2026-10-09, §82)**: `drop_above` in two layers (`BlockMetadataStore::drop_above` rewinds the store and rebuilds the index from what survives; `BlockDagKeyValueStorage::drop_above` rebuilds the representation by the same fold `create` uses and cleans the deploy/deployer indices by value), holding the insert lock. The reset still ships **dark**: `DagRepresentation::rewind_plan` gives the anchor and the blocks above it, reported per refusal by `report_reset_dry_run` and acted on by nothing. **Everything above the anchor is dropped by nothing yet** — the runtime's `RhoRuntime::reset` and the wiring that calls it are the acting half, which the plan ships after an operator has seen this denominator.	53b
C250		88	done	**The 2026-10-08 incident has two faces, and the register carries one: the four divergent heads were peers disagreeing, which C248's row excluded for the incident.** The #280 capture is a reading of **node A alone** and says so — only A was reachable through the public endpoint — and C248's row drew a conclusion wider than that reading: *"It is not C215: no two-node divergence, no `InvalidPreStateHash` between peers"*. The **TE-1 witness** for the same incident (`spec/audit/evidence/te-1-2026-10-09-four-divergent-heads.md`, on branch `spec/te-1-witness`, one binary from `dev` at `efc1be75f`) records the opposite *above* the write loss: `state-hash disagreement on pre-state: block #104` with **three different `#104` hashes** cited by three peers, four distinct `#106` blocks, finality frozen at 101 for over thirteen hours, and two restart experiments that restored *production* and added two more heads. The clause is **true of the write-loss mechanism** (unanimous agreement at 103, which is why no peer refused a block there) and **false as a statement about the incident**, which also carries **C215's shape** — law 17a. The witness likewise supplies the node-A log C248's residue clause 4 asked for (`ERROR Self-created block #106 (seq 106) failed validation: the block's rejected-deploy set does not match its parent`), so that residue is narrower than the register reads. **Two defects in the witness itself, recorded because it is about to merge**: it cites the reconciliation issue as **#283**, which is the #144 soft-checkpoint issue (the reconciliation utility is **#287**), and it labels the validators with letters rotated against the #280 capture's (`041ed2a2` is B there and D here; `04d7707c` is C there and B here), so its "A and D share a host" conclusion is about `0410b8c5` and `04dce59b`, not the capture's A and D. **Not claimed**: that the divergent heads and the write loss are one mechanism — the witness says the opposite is possible and #280 remains open. **Settled 2026-10-09 (§88), and the settlement is not the one the row expected.** The colliding pair is **not** reachable from two honest siblings: a block's `rejected_deploys` is the **fringe** merge's, not its own conflict scope's (`casper/src/blocks/proposer/block_creator.rs:90`), its `fringe` and `fringe_state_hash` are the receiver's derivation from the same parent set (`interpreter_util.rs:766-767`, neither on the wire), and `get_pre_state_for_parents` takes **no argument for the block being built** (`multi_parent_casper.rs:105`) — two siblings justify one parent set, so there is nothing to differ on. Pinned by `casper/tests/merge_determinism.rs::two_honest_siblings_contribute_one_value_to_the_fringe_they_share`, whose control shows the derivation moving when the DAG moves. **So #304 removed a *carrier*, not a cause**, and the incident's trigger is above this map — which is what C248's clause was right about for the wrong reason. The row's second half, the four logs read together, is **blocked on an artefact and carried by C263** rather than left looking unwatched.	spec/audit/evidence/n280-merge-loses-a-write-results.md/casper/tests/merge_determinism.rs::two_honest_siblings_contribute_one_value_to_the_fringe_they_share	**The answer is the code's, and the capture is still owed.** (1) *Settled 2026-10-09 (§88)*: two honest siblings cannot produce the colliding pair — the derivation has no input for the block, and the test above is the measurement. **Residue, unproduced and unrefuted**: the record's key is `fringe_hash_of(fringe)` while its value depends on the base the merge started from (`prev_fringe` supplies the scope and the base, `multi_parent_casper.rs:156-166, 226-238`), so two *non*-sibling blocks reaching one fringe from two bases would still collide; post-#304 that is a tie-break rather than a divergence, and what would decide it is a construction with two honest blocks sharing a final fringe and differing in `prev_fringe`. (2) *Blocked, carried by C263*: the four nodes' logs read together, which needs the capture tarball the witness names only by digest — it exists on the reporting machine alone, and the request for it is posted on #280.	17a
C251		74	done	**The store-read erasure was not one site: the rule that F-U8-01 motivated found five more, and the class is gated now.** F-U8-01 (C249) was a store read whose error had been erased into an absence, and "is this shape unique" is a check's job rather than a hand-grep. The broad candidates are unusable — `.ok()` appears 81 times in production code, `unwrap_or_default()` 86, `let _ =` 166, i.e. **333 allow-list entries**, which is the gate-satisfied-by-bookkeeping that the deleted 78-second register gate was — so the rule is the *shape* and not the method: an awaited call whose error is erased into an absence (`\.await…\.ok\(\)`, `\.await…\.unwrap_or_default\(\)`), scanned **across lines** because the defect's own `.await` and `.ok()` were on separate ones and a single-line grep misses it. It matched **five production sites**: `casper/src/blocks/block_receiver.rs`'s `contains(..).unwrap_or_default()`, read as "not stored"; `casper/src/engine/lfs_block_requester.rs`'s LFS-pump `get`, read as "no such block"; `casper/src/engine/node_running.rs`'s genesis read — the one whose purpose is to stop a joining validator ending up unbonded with an empty DAG — read as "no genesis"; and `casper/src/multi_parent_casper.rs` ×2, the stale-snapshot scan and the **restore** rule, whose own comment reads *"the block itself is gone (a pruned store)"* while the code also meant *"the store is broken"*. All five are fixed the same way and for one reason: **log the error and keep the branch**, because what a branch should do is the call site's own policy and the finding is about the *silence*. Both patterns are now in `tools/audit-type-system.sh`'s `silent` class, which is a **hard** class and has no allow-list by design — so the class is empty because the sites are *fixed*, not excused. **Negative control, run rather than asserted:** with the fix reverted the pattern matches exactly those five sites and the gate fails; with it, `silent` reports nothing and the gate exits green. **The lesson, and it is the second time:** four of the five were invisible to the disposition pass, which read *behaviour* while this is a *shape* — the same reason F-U4-05 (`DeployChainIndex`'s `Ord` disagreeing with its `Eq`) was found by a compiler-adjacent accident rather than by the worksheet, and the argument for the type-reading pass the worksheet still owes.	tools/audit-type-system.sh/casper/src/blocks/block_receiver.rs::a_store_that_cannot_be_read_is_not_an_unstored_parent		candidate:a-fallible-read-is-not-an-absence
C252		75	done	**A deploy panics the node.** `rholang/src/reduce.rs`'s `hex_decode` (`:1096`) splits the UTF-8 `&str` at **byte** offsets — `&s[i..i + 2]` for even `i` — guarded only by `s.len() % 2 == 0`, so a string whose **byte length is even** and whose multi-byte character straddles an even offset slices at a non-char-boundary and panics. **Observed, not argued**: a probe reduced `"aéa".hexToBytes()` through the real evaluator (`source_to_adt → eval_single_expr`) and panicked at `reduce.rs:1102:39` — *"end byte index 2 is not a char boundary; it is inside 'é' (bytes 1..3) of `aéa`"* — unwinding out of a `Result`-returning path with nothing catching it. The trace is complete to the deploy: `SignedDeployData.data.term` → `casper/src/runtime_manager.rs:466` → `rholang/src/runtime.rs:326-355` → `eval_expr`'s `EMethod` → `eval_method:1130` → `:1211`'s `hexToBytes` → `hex_decode`. **Neither gas nor arity guards it**: `hex_to_bytes_cost` is `s.len()` phlo (4 for `"aéa"`), charged *before* the call and refusing nothing, and the arity check passes at 0; the lexer collects arbitrary `char`s (`parser.rs:122-137`) and the normalizer only strips quotes (`normalizer.rs:78`). So any peer who can submit a deploy can panic a node. Found by the type-safety audit's L1 (the only candidate its classification of ~520 counted sites produced) and confirmed by the audit's refutation stage **by running a probe**, which was then removed. **The twin shape is latent, not live**: `block-storage/src/dag/representation.rs:174` has the identical `[..len-1]` slice, but its sole production caller runs `base16::decode(hash)` first (`node/src/api/block_api_impl.rs:701`), which refuses non-hex, so every offset is a char boundary — and it becomes live the moment that guard moves. `spec/audit/evidence/type-safety-audit.md` §3 (L1), §4 (E1, E1a).	rholang/src/reduce.rs::hex_to_bytes_reads_bytes_so_a_multibyte_character_is_refused_not_a_panic	**Landed 2026-10-09.** `hex_decode` reads `s.as_bytes()` and `chunks_exact(2)` with `to_digit(16)`, so the panic is **unrepresentable rather than guarded** — there is no slice to leave, because an index cannot step off a character boundary it never asks about. Falsifier: `hex_to_bytes_reads_bytes_so_a_multibyte_character_is_refused_not_a_panic`, red on the pre-fix tree **by panic** (`end byte index 2 is not a char boundary; it is inside 'é' of `aéa``) and green after, and it asserts the method's own `ReduceError` rather than the absence of a crash, because "does not panic" is satisfied by any wrong answer. One behaviour difference, stated in the function's doc rather than discovered: `from_str_radix` accepted a leading `+` and `to_digit` does not, so `"+1"` is now refused — it is not hex.	candidate:a-byte-slice-is-not-a-character-index
C253		75	done	**Three more places where a discarded failure is acted on — and the surface added to end one of them sees none of it.** **(1) The poison counter sees 0 of 77.** `rspace/src/lock.rs`'s `rlock`/`wlock`/`mlock` increment `poison_recoveries()`, published on `/api/status` — but they are `pub(crate)`, so no site outside `rspace` can increment, and within `rspace` the accessor-using files and the raw-site files are **disjoint**. The refutation adjudicated the population at **77 production sites** (80 non-test, 133 tree-wide) — not L5's 8 (rspace-only **and** the inline `.lock().unwrap_or_else(|p| …)` spelling) and not L2's 49 (the same narrow regex workspace-wide; its own breakdown sums to 50 and it has no `comm` rows). The narrowness both missed: the multiline form, `.write()`/`.read()`/`.wait()`, and the `|poisoned|`/`|e|` closure variants. So the fix C249/F-U9-03 landed to end a silence made a surface that **under-reports**. Reachability of a poison at the named sites is **NOT-RE-ESTABLISHED** — their in-guard bodies are pure in-memory operations with no panic source — and is deliberately not folded in here. **(2) `revalidated_record(&stored, outcome.ok())` records an internal fault as a validation verdict** (`casper/src/multi_parent_casper.rs:601`, and `:723` on the restore path). `outcome: Result<BlockMetadata, ValidateError>`, and `Internal` is constructible **four ways** (`:855` block summary, `:865` checkpoint replay, `:894` `bondsCache`, `:907` neglected-invalid), none of which logs before returning; `.ok()` collapses all four with `ValidationFailed`, and the `None` arm (`:640`) provably carries `validation_failed: true`, so the C190 stall is not cleared at `:601` and an attempt against `RESTORE_ATTEMPT_LIMIT` is spent at `:723`. One clause **narrowed** by refutation: the replay sub-case's cause *is* logged at `interpreter_util.rs:685`. **(3) The genesis writes are discarded and the next boot mints fresh keys** (`casper/src/bonds_parser.rs:83` the bonds file, `:64` the **private key**): `parse_or_generate:42` is `match parse(path) { Ok(b) => Ok(b), Err(_) => new_validators(…) }` — total over a missing, unreadable or malformed file — and `new_validators` returns `Ok(bonds)` regardless. **Scoped by refutation**: the hazard is the **standalone/ceremony** node (`conf.standalone`); a non-ceremony node is protected twice (`genesis/mod.rs:128`, `:130`). And the rule the first of these motivated is **narrower than the class it names**: `tools/audit-type-system.sh`'s `silent` pattern matches `\.await…\.ok\(\)` as a **chain** and misses the binding form beside it in the same file, reporting **green** over both sites. `spec/audit/evidence/type-safety-audit.md` §3 (L2), §4 (E2, E2a, E3, E4, E5), §6.	spec/audit/evidence/type-safety-audit.md/poison_recoveries/FAILED/shared/src/lock.rs::Unpoison/tools/audit-poison-probe.txt/verify_poison_probe	closes when (a) the 77 sites route through `rlock`/`wlock`/`mlock` **and** the raw pattern is forbidden by a hard class with a text-keyed, at-site-evidence allow-list; (b) `revalidated_record` distinguishes `Internal` from `ValidationFailed` rather than folding both into `None`; (c) the two genesis writes are checked; and (d) the `silent` class gains the refutation's specified binding-form extension — `let\s+([A-Za-z_]\w*)\s*=[^;]*\.await(?:\s|\d+\t)*;[\s\S]*?\b\1\.ok\(\)` — a backreference that needs **no** allow-list and matches none of the other ~60 production `.ok()` sites **Progress, 2026-10-09.** (d) **landed** with C251's rule: the binding-form extension is in the `silent` class, with no allow-list. (c) **landed**: both writes in `casper/src/bonds_parser.rs::new_validators` propagate with `?` and a context naming the path and the step, falsified by `a_ceremony_that_cannot_write_fails_loudly_and_names_the_path` — red on the pre-fix tree, where the function returned `Ok` **despite both writes failing**, so a ceremony that could not write still produced a node bonded to a key that does not exist on disk. (a) and (b) remained at the time of writing; both landed later in the day. (b) **landed**: `revalidated_record` now takes the `Result<_, ValidateError>` and returns a three-way `Revalidation` — `Restored` / `StillRefused` / `Fault` — so the erasure is **unrepresentable** rather than guarded: there is no `Option` left for a caller to collapse a fault into. Both sites take `Fault` as *not a verdict* — log, count nothing, spend no attempt, write no metadata — so a node whose own machinery broke no longer condemns a good block and its descendants for the process lifetime. Falsifier: `an_internal_failure_is_a_fault_and_not_a_verdict` (the arm itself, plus the self-equivocation case, which is this node's race and not the block's fault) beside the two reworked tests. **(a) landed, and C253 closes (2026-10-09, §81).** The 77-site adjudication was measured against the tree as **136 raw tails across 32 files**, and every one is converted — six commits, one per crate, each compiling before it was committed (`shared`+`comm` 11, `ocapn` 18, `casper` 10, `rspace` 14, `node` 28, `rholang` 52, plus `sync_var`'s three). The mechanism deviates from (a)'s letter in two ways, both stated rather than glossed. **(i)** The sites route through `Unpoison::unpoison`, a method on the `LockResult`, not the free accessors: the accessors need the receiver named, and at most sites the receiver is an *expression* (`self.writermlock(self.writer).lock()`), so `mlock(&…)` would borrow a temporary and the guard would dangle. (a)'s spelling was tried first and cost **31 compile errors across 30 files**; the tree was restored, and that failure is why the trait exists. **(ii)** The hard class has **no allow-list** — its steady state is zero sites, so there is nothing to allow — and a class with nothing to lose has nothing to keep it honest, which is why it carries a probe instead (`tools/audit-poison-probe.txt` holds one of each spelling; `verify_poison_probe` fails the gate unless the pattern matches exactly three). Falsifier: `shared/src/sync_var.rs::tests::a_poison_recovered_inside_a_sync_var_is_counted`, red on the pre-fix helper — `…and invisible no longer (0 -> 0)`: the guard came back (`take()` returned the value) and the counter did not move — and green after. The class was shown to bite both ways: three findings on a planted site, and its own probe's failure on a deliberately broken pattern. All four of (a)–(d) are closed.	candidate:a-fallible-read-is-not-an-absence
C254		75	todo	**There is no supervisor: a detached task's death is noticed only by accident, and whether it is noticed at all is a per-edge coin-flip.** The tree has no `JoinSet` (outside a local accept-set inside the already-awaited `serve_ocapn` and the reducer), no task registry, no `is_finished()` outside tests, no `std::panic::set_hook`, and no production `catch_unwind`; with no `panic = "abort"` either, a panic in a `tokio::spawn`ed task is captured into a `JoinHandle` nobody reads, so the subsystem stops and the node reports itself healthy. Of **13** claimed silent deaths, refutation **refuted 7** by naming an observer (the block pipeline through `consume_observed_queue`'s Drop guard reaching the `…_consumer_active` gauge, `block_receiver.rs:574-579` → `node/src/diagnostics/effects.rs:77`; the peer-message router's WARN, `node_runtime.rs:1183`, and `handle_messages.rs:192`; the shard's ingress, `node_running.rs:665`; the propose queue's, `node_runtime.rs:1713`, `:1827`) — **four of those seven needing a later event to fire** — and **6 stand**: the `request_all` loop (`:1261`), discover (`:380`), clear_connections (`:403`), `kademlia_serve`'s panic path (`:355`, whose `Err` *is* logged), the autopropose timer's panic path (`:1738`, whose designed halt is loud but whose panic sets nothing), and the per-connection handshake (`comm/src/transport/grpc_transport_receiver.rs:106`, indistinguishable from a normal timeout). **The sharpest finding is the mechanism gap**: the observation that exists is emergent and leaky — sibling producers discard the **identical** closed-channel error where others log it (`out_tx` `block_receiver.rs:542`, `:688`; `processor_input_tx` `node_runtime.rs:791`; `validated_tx` `block_processor.rs:193`; `tap_tx` `node_runtime.rs:2994` are bare `let _ = `, while the router and the shard's ingress log `is_err()`). `spec/audit/evidence/type-safety-audit.md` §3 (L5), §4 (E6, E6a, E6b).	spec/audit/evidence/type-safety-audit.md/poison_recoveries	closes when a spawned task that matters is either awaited, held in a `JoinSet`, or listed with a reason by a **source check** in the `check-bounded-ingress-queues.sh` shape — scoped to the ingress path, since there are 88 production spawns — and when a closed-channel send is surfaced by convention or lint rather than by authorship **Progress, 2026-10-09 (§78).** The supervisor half **landed**: `rchain_shared::supervise::spawn_supervised` watches a task's handle and reports both deaths — a panic counted and printed with its payload, and a *return*, which is the quieter one and the reason they are counted apart — with `tasksPanicked`/`tasksExited` on `/api/status`. The six sites the audit named are converted (five in `node/src/runtime/node_runtime.rs` and the TLS accept loop in `comm/src/transport/grpc_transport_receiver.rs`); the per-connection handshake spawn is deliberately **not** supervised, because every handshake ends and counting healthy completions would drown the signal. Falsifier: `supervise::tests::a_panicking_task_and_a_returning_task_are_counted_apart`. **The closed-channel half (E6b) landed (2026-10-09, §83)**: every production `let _ = …send(…)` in the tree goes through `rchain_shared::chan` — a door per shape of sender (`send`, `try_send`, `unbounded_send`, `oneshot_send`, `watch_send`, and `best_effort` for the sinks those do not cover) — which keeps the decision and counts the event; the silent shape is a hard `discard` class in `tools/audit-type-system.sh` with no allow-list and a probe. Two non-channel sites became loud with it: `comm`'s `send_to_peer`/`send_to_bootstrap` now **return** their `CommErr`, and `ocapn`'s `send_abort` uses the named door. The counter is the **source half** — the `/api/status` surface beside `poisonRecoveries` is owed, the same owed step `rlock`'s counter carries.	candidate:a-detached-task-must-be-observed
C255		75	todo	**The type gate is weaker than it reads, and this audit found it by attacking the gate's own census.** **(1) The baseline is stale by 128 sites and read by nothing.** `tools/type-system-baseline.tsv` says `cast` 331 / `index` 316 / `div` 54; the gate *measures* **358 / 397 / 74** — and the ratchet was deleted 2026-09-27, `ratchet_failures` is declared and never incremented, and `ratchet()` only prints, so the run says *"count that moved is worth a look"* to nobody. **(2) The `panic` class's zero is an allow-list that cannot see its callers.** 30 sites, 29 entries; AUDIT C97 is the gate's own record of the failure mode — four sites were green *"because an allowlist entry keyed on the site cannot see whether a caller supplies wire bytes"* — and the gate's header says so itself: *"a green `OK` here is evidence about the sites this file lists, never about the ingress discipline."* L1 re-walked all 29 with C97's question and the zero **holds**, with one **imprecision recorded**: the `Validator::from_slice` entry's reason cites a fixed-width `PublicKey::bytes()`, but `PublicKey` is a `Vec<u8>` (`crypto/src/public_key.rs:14`), so the length is held by caller discipline rather than by the type — a `config`-reachable panic, the C78 shape, not a wire ingress. **(3) The site key is coarser than a site.** Entries key on `(path, text)` while a site is a line, and **59 keys are shared by two or more rows** (`crypto/src/hash/blake2b512_random.rs:42` and `:240` are the same text 198 lines apart), so an entry's evidence window — `[line−25, line+8]`, around *one* line — can read as evidenced while the second row it covers is never checked. **And one class cannot be text-gated at all**, which the audit states rather than shipping a rule that fails open: `.unwrap_or_default()` / `.unwrap_or(…)` / `let _ = ` on a `Result`, because `unwrap_or` on an `Option` is total and only the *type* separates them — L2 removed ~220 of 270 candidates by reading each receiver, which is what a regex cannot do. For that class the lever is the compiler's own lints (`unwrap_used`, `clippy::let_underscore_must_use` — enabled nowhere in this tree and never told to look away), as an assessed option with its own unit. `spec/audit/evidence/type-safety-audit.md` §0, §2, §5, §6; `spec/audit/passes.md` §75.	tools/audit-type-system.sh/casper/src/multi_parent_casper.rs	closes when the baseline is either wired back to a ratchet or deleted with its reason recorded; when the panic allow-list's entries name the caller's provenance rather than only the site's shape, or the class's limit is printed on every run; when an entry's key distinguishes the rows it means to cover, or the entry states that it covers a *shape*; and when the `unwrap_used`/`let_underscore_must_use` option is measured and decided rather than left unassessed **Progress, 2026-10-09 (§80).** (1) The baseline is **deleted**, not wired back — it had drifted 128 sites below the measurement, nothing read it for a verdict, and its only effect was to print a comparison against a number that was wrong; `ratchet()` is a pure measured-count print and the dead `ratchet_failures` went with it. (2) The panic class's limit is **printed on every run** — a green result is evidence about the sites the list names, never about the ingress discipline that keeps each unreachable, which only a re-walk can find. (3) The key's coarseness is **stated rather than assumed**: an entry is keyed on text (never a line, which fails open), so one entry can cover several sites, and the run now says what the staleness check does and does not prove. (4) `unwrap_used` is **decided**: redundant with and weaker than the panic class, which already fails the build on every unlisted `.unwrap()`; `let_underscore_must_use` is not redundant and belongs with C254's E6b. **Remaining**: the per-entry half of (3) — an entry stating that it covers a shape. **Negative control run**: a production `.unwrap()` appended to `shared/src/string_ops.rs` makes the gate fail and name one hard violation; removed, it is green.	candidate:a-check-must-see-what-it-names
C256		75	todo	**The mergeable-channel mechanism is inert — a divergence from the Scala oracle, and a live trap behind a dormant feature.** `DeployMergeableData.channels` is `[]` for every deploy: `EvaluateResult.mergeable` (`rholang/src/evaluate_result.rs:16`) is `BTreeSet::new()` at **every one of its 15 construction sites** and is never mutated (play `runtime.rs:352`, `:368`; replay `:649`, `:661`; reporting `reporting_runtime.rs:152`, `:164`; casper's `runtime_manager.rs:671`, `:960` and `runtime_replay.rs:640`), and the reducer's own collection — `update_mergeable_channels`'s `merge_chs` (`rholang/src/reduce.rs:3089`) — is **written and never read anywhere in the workspace** (its only occurrences are the push sites at `:2343`, `:2380`, `:3089`, and there is no getter). Three consequences, and the third is why it is a row rather than a note: **(a) it is an oracle divergence** — the Scala reducer returns `mergeableChannels` and this port collects them and drops them, so it belongs in `spec/AUDIT.md`'s §6 Scala-deviation register; **(b)** `get_number_channels_data` (`runtime_replay.rs:705`) returns an empty map and the merge-side fold `for (k, v) in &b.event_log_index.number_channels_data` (`casper/src/merging.rs:2010`) iterates nothing, so the mergeable-channel feature is not exercised anywhere; **(c) it is the reason the audit's candidate E7 is REFUTED and the reason E7 comes back the moment it is wired** — with the collection live the per-deploy count becomes user-controlled, the refutation's own arithmetic puts 65 536 inside a single deploy's budget (holding it out at `MAX_BLOCK_PHLO = 25_500_000_000` would need ≥ 389 099 phlo per channel against a few dozen actual), and the codec's decode loop has **no trailing-bytes check** (`rholang/src/merging.rs:259-278`, unlike the `u32` native-changes sidecar at `:459`), so the `u16` truncation would be a **silent partial merge**. Found by the type-safety audit's refutation of L3's rows 1–2, which the lens had graded R1 on the assumption the mechanism was live. `spec/audit/evidence/type-safety-audit.md` §3 (L3), §4 (E7, E8), §7.	rholang/src/evaluate_result.rs/rholang/src/reduce.rs/spec/audit/evidence/type-safety-audit.md	closes when the divergence is **decided**: either the collection is wired into `EvaluateResult.mergeable` — the one-line port of the oracle's `mergeableChannels` — **in which case E7's fix must land in the same unit** (bound the count, or refuse trailing bytes in the decode loop), or the inert mechanism is recorded as a deliberate deviation with its reason and the dead `merge_chs` and the two `u16` prefixes are named as such rather than left looking live **Progress, 2026-10-09.** The **safety half landed**: `decode_deploy_mergeable_data_seq` now **refuses trailing bytes** — the loop stops when the count runs out, so a value longer than its prefix says decoded to a *silent partial* result, and the merge would fold fewer channels than the block carries with no party reporting it. The native-changes codec next door already refuses them; this is the same discipline at the codec whose value a deploy controls. Falsifier: `a_mergeable_value_with_trailing_bytes_is_refused`. **The wiring is deliberately NOT done in this pass, and the reason is a fork.** Setting `EvaluateResult.mergeable` from the reducer's collection changes `DeployMergeableData.channels` from `[]` to real data for every deploy, which changes the serialized block and therefore **every state hash** — the same class as #280, which was landed as a registered hard fork with its own unit. Doing it at the tail of another unit is exactly the shape this programme exists to avoid, so it belongs in a unit that carries the bound (the `u16` prefix truncation at encode, and the user-controlled per-deploy count the refutation priced) and the fork note. Until then the row stays open and this is the honest state: a deviation, named, with its silent failure mode removed.	candidate:a-dormant-feature-is-not-implemented
C257		76	done	**The genesis replay closed its writer window before the loop it had to span, so `dev` could not produce a block.** A fresh four-validator genesis on `dev@256a931b7` failed every propose on the proposer path with `failed to regenerate mergeable channels … 17 native write(s) outside any deploy's window`, pinned at height 4, and never started finality (#293) — the third time in this programme that a live run found the blocker the reading passes could not. The defect is one window and one line: `casper/src/runtime_replay.rs`'s `replay_deploys` names the genesis installation correctly (`NativeWriter::Genesis`, #280's work) but **closed that window before the user-deploy loop**, and the registry and `rgov` aliases are re-seeded *after every deploy* (`runtime_manager.rs:811` does the same, because `MakeMint` resolves `rho:lang:nonNegativeNumber` *during* its deploy). Those re-seeds are genesis state; with the window already popped they landed with no writer at all, and `BlockNativeEffects::from_drain` (`rspace/src/native_store.rs:230`) refuses a block with an unattributed write. The fix is spelled by the play path — `compute_genesis` holds one `Genesis` window across its whole loop — and the store's writer is a **stack**, so a deploy's own writes still attribute to its `Deploy(ordinal)` window while the seeds attribute to `Genesis`; the window is popped after the user-deploy loop under the same `!with_cost_accounting` guard that opened it, leaving the cost-accounting path byte-identical. **Why every existing test passed, which is the transferable part:** every genesis-replay test in the tree uses a genesis whose deploys register nothing, and both seeding functions are idempotent — with nothing new registered, the post-deploy re-seed writes nothing, the unattributed set stays empty and the replay succeeds. The defect needs the **blessed** genesis, the one a real chain has.	casper/tests/genesis_registry.rs::the_genesis_replays_to_itself/casper/src/runtime_replay.rs	the_genesis_replays_to_itself	candidate:a-window-opened-for-a-loop-closes-after-it
C258		79	done	**A merge had two commit points, and a crash between them left the node on an ancestor.** `HistoryRepository::reset` (`rspace/src/history/history_repository.rs`) calls `validate_and_set_current_root` and *then* resets the history, so it **publishes** the root it resets to. That is correct for a caller whose new root is its base — a rewind, a rejoin, a replay — and wrong for the merge, which is `reset(base)` followed by real work (the mergeable-channel overrides, `compute_trie_actions`) before `do_checkpoint_with_native` produces the merged trie. `CURRENT_ROOT` had already advanced to the base by the time that work began, so a crash in between left the node naming an **ancestor**: neither the pre-merge nor the post-merge state, with nothing recording that a merge was in flight. **The smaller half is real too**: `RootsStore::record_root` wrote `root → ROOT_TAG` and `CURRENT_ROOT → root` as two `put`s, and `shared/src/lmdb.rs` opens one transaction per call, so the pair could be split; the two pairs are now one call, which is one transaction. **The fix is the split, and it keeps the check**: `reset_volatile` performs the same refusal `reset` gives an unknown root (`validate_known_root` → `RootsStore::is_known_root`) without the write, so the merge has one commit point and it is the one where the merged state is real. **Falsifiers**: `root_repository::tests::validate_known_root_refuses_without_publishing` (two recorded roots make "the current root did not move" a real assertion) and `a_volatile_reset_still_validates_and_still_moves_the_view`. **Owed**: the restart-shaped test — checkpoint over an LMDB manager, drop and rebuild it the way boot does — because the in-memory manager hands back the same store object and so is not a restart.	rspace/src/history/roots_store.rs/rspace/src/history/root_repository.rs::validate_known_root_refuses_without_publishing/rspace/src/history/history_repository.rs::a_volatile_reset_still_validates_and_still_moves_the_view	the restart-shaped test over an LMDB manager, which is the shape the design review named	candidate:a-checkpoint-is-one-commit-point
C259		87	in progress	**The recovery path's trigger state closes the path.** A reconciliation tool whose rule is *wipe the non-master nodes and resync them from the finalised fringe* cannot recover the state it exists for: a four-validator net that has diverged into four heads with frozen finality has **no finalised fringe anywhere** — all four answer `"Finalized fringe is not available."` — so a wiped joiner asks a peer for a `FinalizedFringe`, the responder cannot build one and **substitutes the genesis block** (`casper/src/engine/node_running.rs:819-853`: the branch that exists so a fresh shard does not leave a joiner unbonded, and which cannot distinguish that state from finality lost, because both are an empty `latest_fringe`). The joiner therefore syncs *to block 0*, enters `NodeRunning`, fetches head blocks by hash and **rejects every one** against a genesis-only DAG — permanently, by the neglect rule (`casper/src/multi_parent_casper.rs:883`). Measured 2026-10-09 by running the tool against a staged divergence. **Two further facts from the same reading**: `get_approved_block` has **zero production callers** (the approved store is written by the genesis master and by a successful sync, and read by nothing — a persisted anchor nobody consults is not an anchor); and `request_blocks` is **hash-seeded, not fringe-typed** (`casper/src/engine/lfs_block_requester.rs:207-222` uses only `fringe.hashes`), so an *anchor* is a sufficient sync root and a fringe is not required. **The anchor half is built (2026-10-09), and the row stays open for the drill.** The (a) half's first piece — 'carrying the anchor's ancestry rather than fabricating an empty one' — landed on `fix/sync-anchor`: `FinalizedFringeRequest` gained a bounded `anchor` field (the #139 compatibility pattern), the joiner names its root **in the request**, and the responder builds the fringe *and its whole ancestry* from that block via `collect_fringe_ancestry`. The old path fetched the block and patched a seed together at the joiner, which can supply the root and nothing under it — and the joiner *cannot* collect its own ancestry, because its DAG is empty, which is why it is syncing. The responder also **refuses an anchor it does not hold** rather than answering with its own latest fringe: on a frozen net that answer is the genesis block, which is the substitution this row is about. What is **not** yet run is the end-to-end drill on a frozen net; what is now in place is the mechanism that lets the catch-up above the anchor validate at all. The sidecar half — the mergeable-channel and native-changes caches, which the LFS transfer does not carry — is untouched and is what the drill will say about next.	casper/src/engine/node_running.rs::finalized_fringe_response/an_anchored_fringe_request_is_answered_with_that_block_and_its_ancestry/collect_fringe_ancestry/results.md	closes when a net in the no-finality state converges to one head without a genesis. **Two units.** **(a) An anchor** — `--sync-anchor <hash>` carried into `NodeSyncing`, a bounded `anchor` field on `FinalizedFringeRequest` (the #139 compatibility pattern), and the responder answering an **unknown anchor with nothing** rather than substituting genesis, reusing `collect_fringe_ancestry`; this closes every divergence that still has some finality left, i.e. one whose meet is above genesis. **(b) A store-level restore**, which is the only mechanism for the no-finality case — nothing above genesis exists to anchor to, and syncing an unfinalised tip would violate #287's first invariant — landing as an explicitly labelled stopgap because it depends on the data-dir layout being movable, which #287's design deliberately avoided; it must never copy node identity, and `drop_above`'s missing pruning of `fringe_data_store` and `BLOCK_INDEX_CACHE` is in the same unit. The acceptance is #287's and the witness's: one head, agreeing block hashes, finality past the reconciliation point, **without a genesis**. **(b) is demonstrated (2026-10-09, §84):** the store-level restore converges a staged divergence end to end — one head, identical block hashes at every height on all four nodes, no genesis, and finality resumed from the meet at genesis to height 11 on one hash (`spec/audit/evidence/n-reconcile-drill/restore-disarmed.txt`). **It is a stopgap and does not close this row**: the joiners adopt the survivor's view, which is the operator asserting a winner, and it depends on the data-dir layout being movable. **(a), the anchor, is the unit that lets an operator recover without a data-dir copy**, and it is what would make a partial divergence recoverable the way a peer-to-peer sync is. **And the mechanism of (a), from reading after the drill (2026-10-09, §85):** the anchor seed is built with `ancestry: Vec::new()` (`node_launch.rs`), which **bypasses exactly the #139 fix** that makes a restored block replayable, and the sidecar stores a merge needs (`mergeable-channel-cache`, `native-changes-cache`, `storage.rs:71,77`) are **not part of the state a sync transfers**. So a restored node reaches its anchor and stops: near the tip it stalls silently (the single-parent arm reads the parent's post-state and never calls `block_index`, so one hop works and the multi-parent suffix never validates); far back it fails loudly on `regenerated mergeable channels` for the suffix's epoch-boundary blocks, which is C188. **Two halves, in order**: carry the anchor's ancestry (reusing `collect_fringe_ancestry`, `node_running.rs:333`) instead of fabricating an empty one, then sync or bound a one-time replay of the sidecars for the restored range. `--sync-anchor` lands **without** either, with the limit stated in the flag's own help. **Updated 2026-10-10 (pass §90) — the catch-up is built and measured, and the row's stated blocker was not the first one.** The drill said the walk stalls in the **ingest**, not in the sidecars: the pending bound plus a hash-keyed pull means a restored node cannot take a gap at all (C267). With the windowed catch-up in place, a wiped joiner anchored **300 heights** below the tip reaches it in 98 seconds with no drops (`spec/audit/evidence/n-anchor-drill/run-3-windowed-catchup.txt`) where the same shape previously froze at 121 against a master at 577. Still owed: the same walk on a net whose finality is **frozen** (the tool's exact case — the walk does not depend on finality, but that variant is unrun), the O(chain) tuple-space hydration the restore pays (`Requesting tuple-space data for 316 approved block state roots`, ~2.5 minutes on the control), and a decision about the sidecar stores (`mergeable-channel-cache`, `native-changes-cache`, `casper/src/storage.rs`), which the state transfer does not send and which a restored block must therefore regenerate — either by extending the sync or by bounding that regeneration once. (b) is demonstrated by the stopgap and is unchanged.	53b
C260		86	todo	**A merge reports nothing about a finalised chain it dropped.** `MergeReport`'s `conflict_chains`/`kept_chains`/`rejected_chains` are `conflict_set.len()`, `to_merge.len()` and `rejected.len()` (`casper/src/merging.rs:1934-1937`), and the struct's own doc says so — "Chains in the **conflict scope**, and how they resolved". But `merge` also decides the **final** scope: the loop at `:1803` tests each final-scope block's chains against `rejections_map` and files them under `rejected_finally` or `accepted_finally`. So a merge that drops a block a supermajority had already finalised reports `rejected_chains: 0` and says nothing about it, and an operator reading the report cannot tell that merge from one that dropped nothing. `rejected_deploys` does carry those chains' ids — which is the only reason the negative result in §85 is visible at all — so the information exists and the *report* is what omits it. Found while building the merge-path reproduction; it is what made that test's silence unreadable for a while.	MergeReport/rejected_finally/conflict_set/merging.rs	closes when the report distinguishes the two scopes: a merge that rejects a finalised chain must say so where a reader of `MergeReport` meets it, rather than only in `rejected_deploys` beside it. Small — the counts exist at `merging.rs:1934`, the final scope's rejections are computed at `:1803`, and the distinction is one field (or two counts) and the doc sentence that currently defines the count as conflict-only.	17a
C261		89	done	**The recovery tool's two arithmetic surfaces are guesses: no meet, and an equivocation read off one endpoint's word.** `tools/reconcile-network.sh` requires every listed node to report the same finalised block and refuses otherwise (#305) — honest, but not #287's design, which is a stake-weighted strict supermajority over reports that are (1) authenticated to a bonded validator, (2) carrying a signed vote, (3) ancestry-verified, with (4) equivocators removed from numerator *and* denominator **by proof**. Weighting the reports the tool already collects (`LFB`/`LFH`) without 1-3 would be **another inferred quorum**, the same class as the #302 double-count, which is why the refusal gate is the honest state until the obligations are met. And §2 flags a sender with two distinct blocks at one height from the block API's own `sender` field (`blocks_at` prints `x.get('sender','')`) with **no signature check and no endpoint-to-validator binding** — one endpoint's word, reported as a suspicion rather than proved as an offence. Latent today for two reasons: no arithmetic consumes the report, and there is no denominator to shrink.	tools/reconcile-network.sh	closes when **either** a meet is implemented over reports that are authenticated (1), signed (2) and ancestry-verified (3), with equivocators removed from both sides by proof (4), and a run shows the printed fraction is the true stake rather than a count of observers — **or** the anchors-gate design is stated as the design rather than as a placeholder and §2's report says what it is wherever it prints. **Progress, 2026-10-09 (§88).** The second is taken for the *outputs*: §2 now prints that the sender fields are unverified and that nothing is weighed, dropped or decided on them, and the three documents that still advertised the removed meet (the tool's own header items 1-3, §2's banner, `docs/src/node/testnet.md`'s recovery section) are corrected. The four obligations stay where they belong — on #287, with the rule on #290 part 1, where the proof and the slash are the node's. **Closed 2026-10-10 (pass §89) on the row's own second alternative, and not on a meet.** The anchors-gate design is now stated *as the design* wherever an operator meets it — the tool's header items 1–3 and 6, §2's own output ("no stake is weighed, dropped or decided"), the runbook's recovery section, and #287 itself — and §2's report says what it is at the point of printing. The four obligations are not met and are not claimed to be: they stay on #287, which stays **open** as the meet's issue, and the sign-offs are the node's (#290 part 1). What closed is the tool *presenting* a guess as an answer — there is no guess in it now: it refuses where it cannot prove, and says so where it reports. §4's arithmetic was a third surface this row did not name, and it was a real defect (C264).	candidate:the-denominator-shrinks-by-proof
C262		88	todo	**The formal gate does not run where the change that can invalidate it lands.** `tools/check-lean-conformance.sh` — which re-emits every `spec/conformance/*.tsv` from its Lean definition, refuses a stale one, and runs the mapped Rust consumer 1:1 — is a step of `.github/workflows/nightly.yml` only. On 2026-10-09 an envelope row moved (`FaucetResponse` gained `status`/`deployError`) and the corpora had to be re-emitted **by hand**; had that been forgotten, the branch would have merged green with a stale corpus and the failure would have arrived at 03:37, detached from the change that caused it. The cost is why it is not a per-push step (a 16-minute cold Lean build behind ~104 serial `cargo test` invocations), and the hole is narrow: it needs the specification, the corpora, or the surfaces the corpora pin to move.	.github/workflows/formal-on-change.yml	closes when **either** the gate runs on the pull requests that can invalidate it — **or** the nightly-only cadence is an explicit accepted risk with its reason recorded. **Resolved 2026-10-09 (§88)**: `.github/workflows/formal-on-change.yml` runs the *same single entry point* when `spec/**`, the corpus consumers (`node/tests/lean_*.rs`, `rholang/tests/lean_*.rs`), the node surfaces the envelope layer pins (`node/src/api/**`, `node/src/web/**`) or the gate's own tooling change; `nightly.yml` remains the scheduled backstop, so the two cadences cannot disagree about what the specification holding means. **Residue**: the path list is hand-maintained and a new corpus consumer not added to it re-opens the hole silently.	candidate:a-gate-runs-where-the-change-lands
C263		88	todo	**The incident's second reading has no input: the four-node capture exists only on the reporting machine.** C250's condition names the capture by digest alone (`sha256:652e21bd…`). It is not in the repository, not in git history, not in git-lfs (`.gitattributes` is `* text=auto` alone), and not attached to #280 — it is `testnet-stall-20261009.tar.gz` (~4 MB) on the machine that captured it, whose contents are the four nodes' logs before any restart, their `/api/status` and `/api/last-finalized-block` at capture, and each unit's `ExecStart`. The witness file names a digest and a thread, never a route. **A close condition that names an unreachable input is blocked, not open**, and until this row the register could not tell those apart: the work looked unwatched when it was waiting.	spec/audit/evidence/te-1-2026-10-09-four-divergent-heads.md	closes when the four nodes' logs are read together from that tarball (verified against `sha256:652e21bdb8326bcbf5b4728a60da07b0c966875a76fe8500c7ae3462b5b22fa8`) and the reading names which mechanism the incident ran — the write loss, the four heads, or both — resting on named log lines from all four nodes rather than on node A's alone. **Route, and it is the reporter's offer, not a hope**: attach the tarball to #280, or commit the redacted `testnet-stall-20261009/` directory under `spec/audit/evidence/n280-merge-loses-a-write/`. The request is posted on #280 (2026-10-09, §88).	17a
C264		89	done	**The write report counted observations, not blocks — #302's double-count, one section down, in the record an operator re-submits from.** `tools/reconcile-network.sh` §4 walked every node's answer at every height above the anchor and counted each block it saw, adding its `deployCount` each time. `/api/blocks/{h}/{h}` is answered *per node*, so a block held by three nodes was counted three times: the same error that got the stake-weighted meet deleted at §3 (#302) survived in the section below it, where the number is not a quorum but a **work list**. Measured on a genuinely diverged net on 2026-10-10 (`spec/audit/evidence/n-reconcile-drill/run-4-plan-diverged-prefix.txt` against `run-4-plan-diverged.txt`): the pre-fix tool printed `#42: 12 block(s) #43: 12 block(s) #44: 10 block(s)` and wrote 34 JSONL records; the fixed tool prints `#42: 4 unique block(s) from 12 answer(s)` and writes **12** records, one per unique block, each naming the endpoints that served it as `observers` and carrying the `rejectedDeploys` its merge refused (base16 deploy signatures — the deploy id is the signature, `casper/src/merging.rs`). The record is now what the runbook already promised, so the claim was made true rather than deleted; `blocks_at` also dropped the bond map it printed for the removed meet, so no field reads like a denominator this tool does not compute. 	tools/reconcile-network.sh/run-4-plan-diverged.txt	Closed: counts are per unique block, the observers are recorded, the signatures travel, and the fixture (`tests/reconcile-regression.py`) fails on the pre-fix arithmetic — 3 records for 2 blocks and a total of 8. The live A/B is the evidence above.	candidate:count-the-artefact-not-the-report
C265		89	done	**A section named *finality past the point* printed and never checked, and the block trigger it depended on could not reach a `local` host.** `tools/reconcile-network.sh` §10 read each node's last-finalised block, printed it, and fell off the end of the script with **exit 0** — under a closing sentence claiming "this section plus section 9 is #287's falsifier". Nothing in it could fail, including when every node answered `"Finalized fringe is not available."`, which is the shape the committed run-3 transcript shows. It now asserts the acceptance clause on four rules with named refusals and exit 9: every node reports a **usable** finalised block; its height is **strictly past** `$MEET`; no two nodes finalise *different* blocks at one **height** (a DAG legitimately holds every sibling, so "in the common DAG" alone is true while two finalised heads exist); and each finalised hash is one the node's own block index serves and that every node which reached that height also holds. **The second half is why the clause was unsatisfiable**: §8b POSTed to `http://${HOST[$MASTER]}:…` — the node file's token — and for the spelling `local`, one of the three the header documents, that does not resolve (`http://local:42403` exits 6); the section printed *"no block could be requested"*, which reads as a net without a faucet. On a `--no-autopropose` net an unreached trigger means no blocks and so no finality, which reads as the recovery failing. 	tools/reconcile-network.sh/run-4-restore-finality-refused.txt	Closed: the assertion is live both ways — `run-4-restore-finality-refused.txt` exits **9** on a converged net whose finality had not moved past its anchor ("NOT final: V1 finalised at 41, which is not past the point (41)", the reviewer's own negative case, where the old section exited 0) and `spec/audit/evidence/n-reconcile-drill/run-4-restore.txt` exits **0** with the clause proved by the tool's own output. The drip uses `api()`'s transport, so all three documented local spellings work.	candidate:a-check-must-see-what-it-names
C266		89	done	**§9 read a round counter as the block frontier, so a converged net failed its own verification.** The comparison walks `h = MEET..MAXH` and required a non-empty block-hash set at every step, but `MAXH` is `/api/status`'s `latestBlockNumber` — which counts the round a node is in and sits **one ahead** of the highest height the block API serves. Its last step was therefore routinely a height with no blocks on any node. Measured 2026-10-10: the first `--restore-from-master` of the fourth drill run exited 6 with *"the nodes still disagree on a block hash at or above 41"*, on a net whose three nodes agreed at **every** height 40–44 and had nothing at all at 45 (`run-4-restore-prefix-section9.txt`). The false failure is of the same class as the two above it: a verification that cannot tell *nothing has been produced yet* from *something is missing*. A height empty on **every** node is the frontier and is skipped; a height some nodes hold and others do not still fails, which is what the comparison is for. A tool that refuses the recovery it just performed is not conservative, it is unusable. 	tools/reconcile-network.sh/run-4-restore-prefix-section9.txt	Closed: the frontier rule is in, the fixture covers both directions (a height nobody has produced is skipped; a height one node lacks still fails), and the run after the fix is `spec/audit/evidence/n-reconcile-drill/run-4-restore.txt` — `hashes-agree=1` on the first attempt where the run before it had waited ten minutes to fail.	candidate:a-height-is-not-a-block
C267		90	done	**The ingest could not take a gap: a bound added against a fault froze a legitimate backlog, and the drop spun instead of draining.** `MAX_PENDING_BLOCKS` (1024, `casper/src/engine/node_running.rs`) bounds how many blocks may wait for their parents, which is what R29 wanted — a peer streaming blocks whose justifications never resolve must not accumulate forever. It also bounds *how far above the node's own frontier* those blocks may be, and every block request in this protocol is keyed by hash, so the only way to learn a gap is to walk **downward** from a peer's tip through justifications: each new block justifies blocks inside the gap, the whole gap pends at once, and the bound turns progress into drops. The drop is worse than a loss — `block_receiver.rs`'s `Err` arm logs and `continue`s **without `ack_received`**, so the hash stays requested, the retriever offers it again on every trigger, and the set never drains because draining is what validation does. Measured twice on 2026-10-10 (`run-2-catchup-stall.txt`): a node restored at an anchor 300 heights below the tip sat at height 121 with **one** block validated and **173** `block receiver state full (1024 blocks); dropping` lines while the master ran to 577. **Fixed** by a window at the ingest and a walk that uses it: `engine::catchup` narrows the ingest to `frontier + 8` heights while a catch-up runs (above it, a block is left un-acked, so the retriever offers it again once the frontier has moved past — a pace, not a loss), and a driver asks the peer for the heights `[frontier+1, frontier+8]` by a new bounded request, requests those blocks in the order the responder listed them (topological), and asks for the next window only once its own frontier has reached the last. R29's bound and its drop path are untouched. 	catchup.rs/run-2-catchup-stall.txt/run-3-windowed-catchup.txt	Closed by measurement: the same 1200-block gap now reaches the tip in **98 seconds** with **0** drops (`run-3-windowed-catchup.txt`: anchor 15 → 318, master at 319), against 121-and-173-drops before. What is **not** closed by this row: the same walk on a net whose finality is frozen (the tool's exact case — the walk does not depend on finality, but that variant is owed), and the O(chain) tuple-space hydration, which is unchanged and is why the ordinary-path control took 2.5 minutes before it could start. 	candidate:a-bound-must-not-refuse-a-legitimate-backlog
C268		90	todo	**A fresh four-validator devnet under autopropose can fail to form, and the network then stalls on the stake it never got.** Measured 2026-10-10 (`fresh-rig-autopropose-deadlock.txt`, a summary of readings rather than a raw capture): `tools/devnet.sh up --validators 4 --fresh` left validators 2 and 3 at **height 0** for ten minutes — one log line each (`Starting from bootstrap node, syncing LFS...`), **zero** `StoreItems` received and **zero** blocks refused, so they were not rejecting anything, they were never answered — while the master ran to h=243 with its round gate `blocked` for 5-8 seconds at a time and `finality did not advance ... 200 of 400` (two of four bonded validators had never spoken). The reading is a deadlock; the cause is not established, and the leading candidate is that the master cannot serve a fringe answer while its own round gate is blocked. **Why it is not this row's to assume**: the same command with the same rig *did* form earlier the same session on a chain that was short when the joiners arrived (h~37), and the day's other runs avoid it by building height on a solo master and bringing joiners on against a quiet chain.	fresh-rig-autopropose-deadlock.txt	Closes when a raw capture shows either the joiners being answered and still failing, or the master's unavailability as the cause (a fringe answer not served while the round gate is blocked), and a fresh four-validator autopropose devnet forms. Note that the live testnet runs `autopropose: false`, so the racing-master shape may be devnet-specific - which is itself worth knowing before it is called a defect in the node rather than in the rig. 	candidate:a-joiner-must-be-answerable-while-the-master-produces
C269		91	in progress	**The reconcile tool cannot name an anchor in the state the anchor exists for.** `tools/reconcile-network.sh` §3 accepts an anchor only by **computing** one: every listed node must report the same usable last-finalised block, or it refuses (exit 4). The node flag it exists to drive, `--sync-anchor`, is for the state where there is no fringe to sync to — a net whose finality is frozen, where the responder substitutes the genesis block (C259) — and in exactly that state no node reports a usable finalised block, so the tool refuses before it can use the operator's anchor. Measured both ways on 2026-10-10: the four-heads rig gave `REFUSING: finalized heads differ` (exit 4) and the frozen rig gave `no usable finalized block` on every node. The two answers a recovering operator needs are therefore **different things and the tool carries one of them**: a refusal when it cannot compute a meet, and a way to say *this is the block I am restoring to* when nobody can. 	tools/reconcile-network.sh	Closes when the tool accepts an operator-named anchor — stated as the operator's choice rather than a computed meet, with §3 still reporting the nodes' disagreement rather than resolving it, and §4 enumerating what is above the named block — and a run shows a frozen net recovered through it (`--sync-anchor` on the joiners, the tool naming the same block). **Implemented 2026-10-10 (pass §91), and the row stays open for its run.** `RECONCILE_ANCHOR=<hash>` is in: §3 takes the operator's block, reads its height from the block itself (`/api/block/{hash}`), checks only that the master *holds* it, prints that it is the operator's root rather than a computed meet, and reports the nodes' disagreement instead of resolving it; the refusals now name the way out. Fixtures cover the named anchor, an anchor nobody holds, and the refusal naming the alternative (`tests/reconcile-regression.py`). What is owed is the **run**: a frozen net recovered through it (`--sync-anchor` on the joiners, the tool naming the same block) — which needs a rig where finality stops while the tip keeps moving, the same rig C259 is waiting on. Nothing about the node side is missing: `run-3-windowed-catchup` shows the catch-up from a named anchor working. 	candidate:an-uncomputable-anchor-is-the-operators-to-name
