# The review ledger — one row per item, authored.
#
# **Nothing regenerates this file any more, and nothing checks it against the tree.**
# It used to be re-seeded by `tools/emit-review-ledger.sh --seed` and joined against the tree's
# rosters in both directions by `tools/audit-test-register.sh`'s check 15; both were deleted
# 2026-09-27 with the rest of the gate apparatus. The writers left are `tools/todo.sh read|found`;
# the readers are `tools/audit-status.sh` and `tools/emit-findings-register.sh`, which count the
# `tier`/`verdict` columns for the T1 headline and read nothing else. So the `ceiling` lines below
# are **hand-maintained and unenforced** — corrected when they drift, with nothing to refuse a
# drift. Four rows still name files that no longer exist (marked in their notes).
# Columns: kind	id	tier	verdict	depth	sample	reason	evidence	registers	note
# verdict vocabulary: cleared finding sampled exempt deferred unreachable
# tier vocabulary: T1 T2 T3   |   depth vocabulary: shallow medium deep -
# reason vocabulary (exempt): data generated dev-tool legacy axiomatized deleted
#   `deleted` was added 2026-09-28: the other five say what a file *is*, and a file removed
#   from the tree is none of them. The note carries what it was and why it went.
# reason vocabulary (unreachable): peer-bound harness-bound
# ceiling	ingress	45
# ceiling	process	30
# ceiling	config	105
# ceiling	tool	23
# unhousedCeiling	117   (measured 2026-09-27: 164 allocated C-numbers, 47 named by a finding row)
class	cast	T3	deferred	-	-	-	-	-	-
class	div	T3	deferred	-	-	-	-	-	-
class	get	T3	deferred	-	-	-	-	-	-
class	index	T3	deferred	-	-	-	-	-	-
class	lax	T3	deferred	-	-	-	-	-	-
class	overflow	T3	deferred	-	-	-	-	-	-
config	allow-private-addresses	T3	deferred	-	-	-	-	-	-
config	api-enable-devnet-admin-public	T3	deferred	-	-	-	-	-	-
config	api-enable-devnet-cors	T3	deferred	-	-	-	-	-	-
config	api-enable-reporting	T3	deferred	-	-	-	-	-	-
config	api-grpc-max-recv-message-size	T3	deferred	-	-	-	-	-	-
config	api-host	T3	deferred	-	-	-	-	-	-
config	api-keep-alive-time	T3	deferred	-	-	-	-	-	-
config	api-keep-alive-timeout	T3	deferred	-	-	-	-	-	-
config	api-max-blocks-limit	T3	deferred	-	-	-	-	-	-
config	api-max-connection-age	T3	deferred	-	-	-	-	-	-
config	api-max-connection-age-grace	T3	deferred	-	-	-	-	-	-
config	api-max-connection-idle	T3	deferred	-	-	-	-	-	-
config	api-permit-keep-alive-time	T3	deferred	-	-	-	-	-	-
config	api-port-admin-http	T3	deferred	-	-	-	-	-	-
config	api-port-grpc-external	T3	deferred	-	-	-	-	-	-
config	api-port-grpc-internal	T3	deferred	-	-	-	-	-	-
config	api-port-http	T3	deferred	-	-	-	-	-	-
config	attest-on-new-blocks	T3	deferred	-	-	-	-	-	-
config	autogen-shard-size	T3	deferred	-	-	-	-	-	-
config	autopropose	T3	deferred	-	-	-	-	-	-
config	bond-maximum	T3	deferred	-	-	-	-	-	-
config	bond-minimum	T3	deferred	-	-	-	-	-	-
config	bonds-file	T3	deferred	-	-	-	-	-	-
config	bootstrap	T3	deferred	-	-	-	-	-	-
config	casper-loop-interval	T3	deferred	-	-	-	-	-	-
config	config-file	T3	deferred	-	-	-	-	-	-
config	content	T3	deferred	-	-	-	-	-	-
config	content@2	T3	deferred	-	-	-	-	-	-
config	data-dir	T3	deferred	-	-	-	-	-	-
config	deployer-private-key	T3	deferred	-	-	-	-	-	-
config	deploy-id	T3	deferred	-	-	-	-	-	-
config	deploy-signature	T3	deferred	-	-	-	-	-	-
config	depth	T3	deferred	-	-	-	-	-	-
config	depth@2	T3	deferred	-	-	-	-	-	-
config	dev-mode	T3	deferred	-	-	-	-	-	-
config	disable-lfs	T3	deferred	-	-	-	-	-	-
config	disable-state-exporter	T3	deferred	-	-	-	-	-	-
config	discovery-cleanup-interval	T3	deferred	-	-	-	-	-	-
config	discovery-heartbeat-batch-size	T3	deferred	-	-	-	-	-	-
config	discovery-init-wait-loop-interval	T3	deferred	-	-	-	-	-	-
config	discovery-lookup-interval	T3	deferred	-	-	-	-	-	-
config	discovery-port	T3	deferred	-	-	-	-	-	-
config	dynamic-ip	T3	deferred	-	-	-	-	-	-
config	effect-scheduler	T3	deferred	-	-	-	-	-	-
config	epoch-length	T3	deferred	-	-	-	-	-	-
config	fork-choice-check-if-stale-interval	T3	deferred	-	-	-	-	-	-
config	fork-choice-stale-threshold	T3	deferred	-	-	-	-	-	-
config	genesis-block-number	T3	deferred	-	-	-	-	-	-
config	grpc-host	T3	deferred	-	-	-	-	-	-
config	grpc-max-recv-message-size	T3	deferred	-	-	-	-	-	-
config	grpc-port	T3	deferred	-	-	-	-	-	-
config	height-constraint-threshold	T3	deferred	-	-	-	-	-	-
config	help	T3	deferred	-	-	-	-	-	-
config	host	T3	deferred	-	-	-	-	-	-
config	influxdb	T3	deferred	-	-	-	-	-	-
config	influxdb-udp	T3	deferred	-	-	-	-	-	-
config	log-level	T3	deferred	-	-	-	-	-	-
config	max-number-of-parents	T3	deferred	-	-	-	-	-	enforced as of #153 (AUDIT C191): `validate.rs::justification_count` refuses a block above it and `proposer.rs::create_block` refuses to build one, default moved 2147483647 -> 255. The verdict column is left as authored — this records the fact rather than re-reviewing the row, and the header says nothing checks this file.
config	min-phlo-price	T3	deferred	-	-	-	-	-	-
config	network-id	T3	deferred	-	-	-	-	-	-
config	network-timeout	T3	deferred	-	-	-	-	-	-
config	no-attest-on-new-blocks	T3	deferred	-	-	-	-	-	-
config	no-upnp	T3	deferred	-	-	-	-	-	-
config	number-of-active-validators	T3	deferred	-	-	-	-	-	-
config	parent-shard-id	T3	deferred	-	-	-	-	-	-
config	phlo-limit	T3	deferred	-	-	-	-	-	-
config	phlo-price	T3	deferred	-	-	-	-	-	-
config	pos-multi-sig-public-keys	T3	deferred	-	-	-	-	-	-
config	pos-multi-sig-quorum	T3	deferred	-	-	-	-	-	-
config	pos-vault-pub-key	T3	deferred	-	-	-	-	-	-
config	print-unmatched-sends	T3	deferred	-	-	-	-	-	-
config	print-unmatched-sends-only	T3	deferred	-	-	-	-	-	-
config	private-key	T3	deferred	-	-	-	-	-	-
config	private-key-path	T3	deferred	-	-	-	-	-	-
config	profile	T3	deferred	-	-	-	-	-	-
config	prometheus	T3	deferred	-	-	-	-	-	-
config	propose-on-deploy	T3	deferred	-	-	-	-	-	-
config	protocol-grpc-max-recv-message-size	T3	deferred	-	-	-	-	-	-
config	protocol-grpc-max-recv-stream-message-size	T3	deferred	-	-	-	-	-	-
config	protocol-grpc-stream-chunk-size	T3	deferred	-	-	-	-	-	-
config	protocol-max-connections	T3	deferred	-	-	-	-	-	-
config	protocol-max-message-consumers	T3	finding	deep	-	-	node/src/configuration/defaults.conf:max_message_consumers C143	-	the keys are parsed into NodeConf and read by nothing outside the configuration module, so max-message-consumers leaves the effective dispatch bound at the hardcoded 1024 and the keepalive group leaves no http2 or tcp keepalive anywhere, while defaults.conf's longest comment tells operators to tune the first one
config	protocol-port	T3	deferred	-	-	-	-	-	-
config	quarantine-length	T3	deferred	-	-	-	-	-	-
config	requested-blocks-timeout	T3	deferred	-	-	-	-	-	-
config	shard-id	T3	deferred	-	-	-	-	-	-
config	shard-name	T3	deferred	-	-	-	-	-	-
config	showJustificationlines	T3	deferred	-	-	-	-	-	-
config	sigar	T3	deferred	-	-	-	-	-	-
config	standalone	T3	deferred	-	-	-	-	-	-
config	synchrony-constraint-threshold	T3	deferred	-	-	-	-	-	-
config	system-contract-pub-key	T3	deferred	-	-	-	-	-	-
config	thread-pool-size	T3	deferred	-	-	-	-	-	-
config	tls-certificate-path	T3	deferred	-	-	-	-	-	-
config	tls-key-path	T3	deferred	-	-	-	-	-	-
config	tls-secure-random-non-blocking	T3	deferred	-	-	-	-	-	-
config	type	T3	deferred	-	-	-	-	-	-
config	type@2	T3	deferred	-	-	-	-	-	-
config	use-random-ports	T3	deferred	-	-	-	-	-	-
config	valid-after-block-number	T3	deferred	-	-	-	-	-	-
config	validator-private-key	T3	deferred	-	-	-	-	-	-
config	validator-private-key-path	T3	deferred	-	-	-	-	-	-
config	validator-public-key	T3	deferred	-	-	-	-	-	-
config	wallets-file	T3	deferred	-	-	-	-	-	-
config	zipkin	T3	deferred	-	-	-	-	-	-
file	block-storage/src/approved_store.rs	T3	deferred	-	-	-	-	-	-
file	block-storage/src/block_store.rs	T3	deferred	-	-	-	-	-	-
file	block-storage/src/dag/codecs.rs	T3	deferred	-	-	-	-	-	-
file	block-storage/src/dag/dag_storage.rs	T3	deferred	-	-	-	-	-	-
file	block-storage/src/dag/finalizer.rs	T3	deferred	-	-	-	-	-	-
file	block-storage/src/dag/message_map.rs	T3	deferred	-	-	-	-	-	-
file	block-storage/src/dag/message_state.rs	T3	deferred	-	-	-	-	-	-
file	block-storage/src/dag/metadata_store.rs	T3	deferred	-	-	-	-	-	-
file	block-storage/src/dag/mod.rs	T3	deferred	-	-	-	-	-	-
file	block-storage/src/dag/representation.rs	T3	deferred	-	-	-	-	-	-
file	block-storage/src/errors.rs	T3	deferred	-	-	-	-	-	-
file	block-storage/src/lib.rs	T3	deferred	-	-	-	-	-	-
file	block-storage/src/syntax.rs	T3	deferred	-	-	-	-	-	-
file	block-storage/src/test_support.rs	T3	deferred	-	-	-	-	-	-
file	casper/src/api/block_api_impl.rs	T3	finding	deep	-	-	casper/src/api/block_api_impl.rs:exploratory_deploy C129	-	exploratory_deploy reads the highest-height block and an arbitrary hash from that height, so the no-hash default is the non-finalized chain tip; commit 63c535c6d reverted the fix R19 records as landed and never touched the register, so the row is false of this tree and nothing tracks the defect
file	casper/src/api/block_api.rs	T3	deferred	-	-	-	-	-	-
file	casper/src/api/block_report_api.rs	T3	deferred	-	-	-	-	-	-
file	casper/src/api/graph_generator.rs	T3	deferred	-	-	-	-	-	-
file	casper/src/api/machine_verifiable_dag.rs	T3	deferred	-	-	-	-	-	-
file	casper/src/api/mod.rs	T3	deferred	-	-	-	-	-	-
file	casper/src/block_metadata_store.rs	T3	deferred	-	-	-	-	-	-
file	casper/src/block_random_seed.rs	T3	deferred	-	-	-	-	-	-
file	casper/src/blocks/block_processor.rs	T1	cleared	deep	-	-	casper/src/blocks/block_processor.rs:validate_and_add_to_dag	-	read in full (177 lines) against BlockProcessor.scala. Batching, per-block tokio::spawn, ordered collection with a panicked task logged and skipped rather than killing the loop, insert errors logged and the block dropped, and only validated blocks forwarded and broadcast. One divergence from the oracle, checked and assessed as deliberate rather than reported as a defect: the Scala is inputBlocks.parEvalMapUnorderedProcBounded, so it processes each block the moment its validation finishes, while this port awaits the batch's handles in drained order and inserts serially. That is required, not incidental — dag.insert refuses a block whose justification is absent (casper/src/dag.rs:293), so the inserts must follow the drain order the receiver guarantees (parents before children), and the comment says so. The cost is throughput, not correctness: a batch completes no faster than its first-listed element, bounded by the available_parallelism cap. Not registered as a deviation because the observable outcome is the same set of validated blocks in the same order; recorded here so the next reader does not have to re-derive why an Unordered in the oracle became an ordered loop. Nothing found.
file	casper/src/blocks/block_receiver.rs	T3	deferred	-	-	-	-	-	-
file	casper/src/blocks/block_retriever.rs	T3	deferred	-	-	-	-	-	-
file	casper/src/blocks/mod.rs	T3	deferred	-	-	-	-	-	-
file	casper/src/blocks/proposer/block_creator.rs	T3	finding	deep	-	-	casper/src/blocks/proposer/block_creator.rs:create_block C123	-	create_block selects every valid pooled deploy and turns the count into a u8 for the randomness seed, so a pool of 256 makes the seed conversion fail before any state work and the proposer can never produce a block; the pool cap of 10_000 and the per-block capacity of 255 are set in different places
file	casper/src/blocks/proposer/mod.rs	T3	deferred	-	-	-	-	-	-
file	casper/src/blocks/proposer/propose_result.rs	T3	deferred	-	-	-	-	-	-
file	casper/src/blocks/proposer/proposer.rs	T3	deferred	-	-	-	-	-	-
file	casper/src/block_status.rs	T3	cleared	deep	-	-	casper/src/block_status.rs:BlockStatus::InvalidDeploySignature C120 casper/src/block_status.rs:every_status_renders_a_distinct_message	-	read in full — the enum, is_valid, Display, and the ALL ratchet with its three tests — while adding C120's status variant, and it holds no defect. Basis for clearing rather than deferring: the module is a closed vocabulary whose completeness is enforced by construction (ALL's length is checked by the type system and its test forces every variant to render a distinct message), so "a variant with no message" cannot survive a compile. Not read: the callers that turn a status into a refusal are separate rows (casper/src/multi_parent_casper.rs, casper/src/blocks/block_processor.rs)
file	casper/src/bonds_parser.rs	T3	deferred	-	-	-	-	-	-
file	casper/src/conf.rs	T1	cleared	deep	-	-	casper/src/conf.rs:ShardSpec::new	-	read in full (281 lines) against CasperConf.scala. The load-bearing part is the shard resolution and its non-emptiness. ShardSpec::new resolves (parent-shard-id, shard-name) into the validated full id through ShardId::child, so one predicate lives in one place — the type's own — and the pre-check that used to be duplicated here is gone, which is C78's shape applied correctly. ShardMemberships carries its fields private with primary always present, so non-emptiness is structural rather than re-checked at each use and primary() is total; the hardcoded is_empty() -> false says in its own comment that it exists for clippy and is total by construction, which is honest rather than a stub. new() rejects an empty list and duplicate ids, and duplicates matter for the stated reason: two memberships with one id would share a state hash and a data directory. Six tests, covering the illegal name or parent, the hierarchy resolution, non-emptiness with primary first, order plus duplicate rejection, get for a member and a non-member, and primary_mut. Nothing found.
file	casper/src/construct_deploy.rs	T3	deferred	-	-	-	-	-	-
file	casper/src/dag.rs	T3	deferred	-	-	-	-	-	-
file	casper/src/engine/lfs_block_requester.rs	T1	cleared	deep	-	-	casper/src/engine/lfs_block_requester.rs:validate_received_block	-	read in full (763 lines) against LfsBlockRequester.scala, and it is the module C64 is about, so the point of the read was to see whether the code agrees with the account rather than to re-derive it. It does, and independently: validate_received_block's own comment states the full-ancestry walk with its reason verbatim — 'dag.insert requires every justification to be present in the message map, so the requester must reconstruct the full ancestry chain down to the genesis block (a syncing node's DAG is always empty)' — which is the premise I verified first-hand at casper/src/dag.rs:293 when I declined to bound the walk. The registered deviation note at the top ('minus the Scala lowerBound acceptance cutoff') matches the §6 row. C65's fix is in place with its reasoning: save_block writes and only then marks done, both through ?, so a failed write fails the sync attempt rather than being swallowed — the row's point being that marking done anyway would remove the key from the request map and leave a permanently missing block in a state the node calls synced. The instrument is here too: the_walk_advances_on_responses_not_on_the_idle_timeout at :518, the test C64's account cites for its 3.85 ms measurement. Nothing new found.
file	casper/src/engine/lfs_tuple_space_requester.rs	T3	deferred	-	-	-	-	-	-
file	casper/src/engine/mod.rs	T3	deferred	-	-	-	-	-	-
file	casper/src/engine/node_launch.rs	T2	deferred	-	-	-	-	-	-
file	casper/src/engine/node_running.rs	T3	deferred	-	-	-	-	-	-
file	casper/src/engine/node_syncing.rs	T3	deferred	-	-	-	-	-	-
file	casper/src/event_converter.rs	T3	deferred	-	-	-	-	-	-
file	casper/src/gateway/ledger.rs	T1	finding	deep	-	-	casper/src/gateway/ledger.rs:TxnLedger C125	-	the ledger is a bare KeyValueTypedStore keyed by hash(txn_id) with plain get and put, which is the store the non-atomic check-then-act above runs on; it also has no cap and no expiry, so a scanner walks it in full
file	casper/src/gateway/mod.rs	T1	finding	deep	-	-	casper/src/gateway/mod.rs:GatewayTxn C125	-	run() reads the coordinator ledger, decides there is no record, then writes one, with no lock, no per-txn_id serialization and no compare-and-set on the durable store, so two concurrent calls for one txn_id both open the transaction and the record can describe effects that were never applied
file	casper/src/genesis/contracts.rs	T3	deferred	-	-	-	-	-	-
file	casper/src/genesis/mod.rs	T3	deferred	-	-	-	-	-	-
file	casper/src/genesis/rgov.rs	T3	deferred	-	-	-	-	-	-
file	casper/src/genesis/standard_deploys.rs	T3	deferred	-	-	-	-	-	-
file	casper/src/interpreter_util.rs	T1	finding	deep	-	-	casper/src/interpreter_util.rs:slash_is_unjustified C110	-	the checkpoint replay is where the slash set is checked against this node's own DAG metadata, because the justification hashes carry no slashable flag
file	casper/src/lib.rs	T3	deferred	-	-	-	-	-	-
file	casper/src/merging.rs	T3	deferred	-	-	-	-	-	-
file	casper/src/multi_parent_casper.rs	T1	cleared	deep	-	-	casper/src/multi_parent_casper.rs:multi_parent_casper::validate	-	read in full (635 lines) against MultiParentCasper.scala, checking that the two fixes this file carries are where the register says they are rather than taking the rows' word. (1) C120: validate's first act is crate::validate::block_summary, and its Ok(Err(status)) arm returns ValidationFailed(mark_failed_attributable(meta), status) — so a block whose deploy signature does not match its named deployer is refused before the replay, attributably, which is what the row claims. (2) C122: mark_failed_attributable sets slashable: true, and the flag now survives the store rather than being lost — models/proto/casper.proto has 'bool slashable = 22', and block_metadata.rs carries it in from_proto (:90) and to_proto (:133). Before C122 the conversion hard-coded false, which made validate::slashable_senders always return the empty set and slashing unreachable; that is fixed and the field doc records what was wrong three ways. The three failure paths are also all attributable — a rejected status, a replay that disagrees, and Ok(false) mapped to InvalidStateHash — while a store or runtime lookup failure is Internal and gets no block outcome, which is the distinction the ValidateError doc draws. DEPLOY_LIFESPAN is pinned by value rather than as a constant, with the reason (a consensus-visible parameter, so a silent change is a chain split). Nothing new found.
file	casper/src/protocol/casper_message_protocol.rs	T3	deferred	-	-	-	-	-	-
file	casper/src/protocol/client.rs	T3	deferred	-	-	-	-	-	-
file	casper/src/protocol/comm_util.rs	T2	deferred	-	-	-	-	-	-
file	casper/src/protocol/mod.rs	T3	deferred	-	-	-	-	-	-
file	casper/src/proto_util.rs	T3	deferred	-	-	-	-	-	-
file	casper/src/reporting.rs	T3	deferred	-	-	-	-	-	-
file	casper/src/rholang.rs	T3	deferred	-	-	-	-	-	-
file	casper/src/runtime_manager.rs	T3	deferred	-	-	-	-	-	-
file	casper/src/runtime_replay.rs	T1	cleared	deep	-	-	casper/src/runtime_replay.rs:RuntimeReplay::replay_deploy_eval	-	read in full (846 lines) against RuntimeReplaySyntax.scala, and it earns the tier: this is where Law 11's replay determinism is actually checked. Three things checked first, since each is a place a replay check quietly stops checking. (1) The comparisons are two-sided rather than one: processed_deploy.is_failed != result.failed() and recorded_cost != result.cost.value both refuse on disagreement in either direction, and the cost conversion is a typed try_from whose overflow is a named mismatch rather than a wrap. (2) The pre-charge arm distinguishes the two things that share system_deploy_error — a play-side pre-charge failure versus a failed user deploy — by re-running the pre-charge and comparing the recorded text, with three arms (equal, unequal, and unexpected), which is the discrimination issue #15 needed. (3) The failure paths are real: a failed user deploy reverts to its soft checkpoint before the comparison, and the per-deploy phlo budget is set to match the play path with the reason written out, so a replayed deploy cannot spuriously OOG against the shared replay pool and fail the cost check for the wrong reason. R4's fix is also visible here as the Option<i64> phlo charge: an overflow is ReplayFailure::internal_error('phlo charge overflow'), not a wrapped value. That closes the coverage half — twenty modules read, two defects found and fixed (C164, C165), and no module has ever been read and cleared before this pass.
file	casper/src/shard_invoke.rs	T3	deferred	-	-	-	-	-	-
file	casper/src/state/mod.rs	T3	deferred	-	-	-	-	-	-
file	casper/src/storage.rs	T3	deferred	-	-	-	-	-	-
file	casper/src/system_deploy.rs	T3	deferred	-	-	-	-	-	-
file	casper/src/tools.rs	T3	deferred	-	-	-	-	-	-
file	casper/src/txn_coordinator.rs	T1	finding	deep	-	-	casper/src/txn_coordinator.rs:TxnCoordinator::run_2pc C166	C166	run_2pc anchored every phase deploy at block 0 (it called the 0-hardcoded run_phase wrapper), so on any chain past DEPLOY_LIFESPAN = 50 every prepare and commit was born expired: the participant never saw it, nothing reported an error, and the transaction silently did not happen. run_phase_at had been added to fix exactly this trap -- it is named as one of the sites that anchor correctly in protocol/client.rs's resolve_valid_after_block_number doc -- but the whole-transaction driver kept calling the wrapper, and run_phase_anchors_at_zero pinned that as intended. The anchor is now a required TxnLeg field, run_2pc forwards each leg's own height, and the wrapper is deleted
file	casper/src/validate.rs	T1	finding	deep	-	-	casper/src/validate.rs:slashable_senders C110 casper/src/validate.rs:block_summary C120	-	block validation replayed a peer's Slash without re-deriving who the block's justifications hold responsible; the rule is shared with the proposer here
file	casper/src/validator_identity.rs	T3	deferred	-	-	-	-	-	-
file	casper/src/vault_parser.rs	T3	deferred	-	-	-	-	-	-
file	comm/src/discovery/grpc_kademlia_rpc.rs	T2	deferred	-	-	-	-	-	-
file	comm/src/discovery/grpc_kademlia_rpc_server.rs	T2	finding	deep	-	-	comm/src/discovery/grpc_kademlia_rpc_server.rs:sender_not_proven C116 comm/src/rp/handle_messages.rs:is_local_address_resolved C117	-	discovery was plaintext and unauthenticated on a public port, and its messages named a sender nothing checked; it now serves over the transport's mutual TLS and binds the sender to the certificate
file	comm/src/discovery/kademlia_handle_rpc.rs	T3	deferred	-	-	-	-	-	-
file	comm/src/discovery/kademlia_node_discovery.rs	T2	deferred	-	-	-	-	-	-
file	comm/src/discovery/kademlia_rpc.rs	T3	deferred	-	-	-	-	-	-
file	comm/src/discovery/kademlia_store.rs	T2	deferred	-	-	-	-	-	-
file	comm/src/discovery/mod.rs	T2	deferred	-	-	-	-	-	-
file	comm/src/discovery/node_discovery.rs	T3	deferred	-	-	-	-	-	-
file	comm/src/discovery/peer_table.rs	T3	deferred	-	-	-	-	-	-
file	comm/src/errors.rs	T3	deferred	-	-	-	-	-	-
file	comm/src/lib.rs	T3	deferred	-	-	-	-	-	-
file	comm/src/peer_node.rs	T3	deferred	-	-	-	-	-	-
file	comm/src/rp/connect.rs	T3	finding	deep	-	-	comm/src/rp/connect.rs:find_and_connect C136	-	find_and_connect awaits connect() for every peer in the routing table serially with no cap, and MAX_CONNECTIONS is applied to the result rather than inside the loop, so one peer's fabricated table stalls the RP loop for hours; the verifier assessed this as a faithful port of the Scala shape, so it may belong in the deviation register rather than as a defect
file	comm/src/rp/handle_messages.rs	T3	deferred	-	-	-	-	-	-
file	comm/src/rp/mod.rs	T3	deferred	-	-	-	-	-	-
file	comm/src/rp/protocol_helper.rs	T3	deferred	-	-	-	-	-	-
file	comm/src/rp/rp_conf.rs	T3	deferred	-	-	-	-	-	-
file	comm/src/transport/buffer/concurrent_queue.rs	T3	deferred	-	-	-	-	-	-
file	comm/src/transport/buffer/limited_buffer.rs	T3	deferred	-	-	-	-	-	-
file	comm/src/transport/buffer/mod.rs	T3	deferred	-	-	-	-	-	-
file	comm/src/transport/chunker.rs	T3	deferred	-	-	-	-	-	-
file	comm/src/transport/communication_response.rs	T3	deferred	-	-	-	-	-	-
file	comm/src/transport/generate_certificate_if_absent.rs	T3	deferred	-	-	-	-	-	-
file	comm/src/transport/grpc_transport_client.rs	T2	deferred	-	-	-	-	-	-
file	comm/src/transport/grpc_transport_receiver.rs	T2	finding	deep	-	-	comm/src/transport/grpc_transport_receiver.rs:stream_byte_budget C113 comm/src/transport/grpc_transport_receiver.rs:charge_stream_budget C113 comm/src/transport/grpc_transport_receiver.rs:peer_id_of_tls C115	-	the stream handler's only byte cap was per-stream while the stream count multiplied it; the aggregate budget and the unary transport decode cap both land in this receiver
file	comm/src/transport/grpc_transport.rs	T3	deferred	-	-	-	-	-	-
file	comm/src/transport/grpc_transport_server.rs	T3	deferred	-	-	-	-	-	-
file	comm/src/transport/hostname_trust_manager.rs	T3	deferred	-	-	-	-	-	-
file	comm/src/transport/messages.rs	T3	deferred	-	-	-	-	-	-
file	comm/src/transport/mod.rs	T3	deferred	-	-	-	-	-	-
file	comm/src/transport/packet_ops.rs	T3	deferred	-	-	-	-	-	-
file	comm/src/transport/stream_handler.rs	T3	deferred	-	-	-	-	-	-
file	comm/src/transport/tls_conf.rs	T3	deferred	-	-	-	-	-	-
file	comm/src/transport/transport_layer.rs	T3	deferred	-	-	-	-	-	-
file	comm/src/transport/transport_layer_syntax.rs	T3	deferred	-	-	-	-	-	-
file	comm/src/upnp/gateway.rs	T3	deferred	-	-	-	-	-	-
file	comm/src/upnp/mod.rs	T3	deferred	-	-	-	-	-	-
file	comm/src/who_am_i.rs	T3	deferred	-	-	-	-	-	-
file	crypto/src/encryption/curve25519.rs	T3	deferred	-	-	-	-	-	-
file	crypto/src/encryption/mod.rs	T3	deferred	-	-	-	-	-	-
file	crypto/src/errors.rs	T3	deferred	-	-	-	-	-	-
file	crypto/src/hash/blake2b256_hash.rs	T3	deferred	-	-	-	-	-	-
file	crypto/src/hash/blake2b256.rs	T3	deferred	-	-	-	-	-	-
file	crypto/src/hash/blake2b512_block.rs	T3	deferred	-	-	-	-	-	-
file	crypto/src/hash/blake2b512_random.rs	T3	deferred	-	-	-	-	-	-
file	crypto/src/hash/keccak256.rs	T3	deferred	-	-	-	-	-	-
file	crypto/src/hash/mod.rs	T3	deferred	-	-	-	-	-	-
file	crypto/src/hash/sha256.rs	T3	deferred	-	-	-	-	-	-
file	crypto/src/lib.rs	T3	deferred	-	-	-	-	-	-
file	crypto/src/private_key.rs	T3	deferred	-	-	-	-	-	-
file	crypto/src/public_key.rs	T3	deferred	-	-	-	-	-	-
file	crypto/src/signatures/ed25519.rs	T3	deferred	-	-	-	-	-	-
file	crypto/src/signatures/mod.rs	T3	deferred	-	-	-	-	-	-
file	crypto/src/signatures/secp256k1_eth.rs	T3	deferred	-	-	-	-	-	-
file	crypto/src/signatures/secp256k1.rs	T3	finding	deep	-	-	crypto/src/signatures/secp256k1.rs:verify_bytes C134	-	verify_bytes hands the caller's data to verify_prehash, which truncates anything longer than 32 bytes to its leftmost 32, so the rho secp256k1Verify contract returns a verdict over the message's prefix rather than the message; demonstrated by verifying msg32 concatenated with an unsigned suffix
file	crypto/src/signatures/signatures_alg.rs	T3	deferred	-	-	-	-	-	-
file	crypto/src/signatures/signed.rs	T3	deferred	-	-	-	-	-	-
file	crypto/src/util/certificate_helper.rs	T3	deferred	-	-	-	-	-	-
file	crypto/src/util/key_util.rs	T1	finding	deep	-	-	crypto/src/util/key_util.rs:create_owner_only C165	C165	the read's finding, and it is fixed: write_with_mode wrote the secret first and called set_permissions afterwards, so a pre-existing 0644 rnode.key held the key world-readable for the length of the write. C8 found that the set_permissions call was missing and added it — after the write, with a comment claiming that is what keeps the content from being briefly readable. Exactly the reverse. The order is inverted, and the open-then-narrow step is split out so the order is testable: the new test asserts the mode is already narrow before anything is written, and C8's own test cannot see it because it asserts the final mode, which both orders satisfy.
file	crypto/src/util/mod.rs	T3	deferred	-	-	-	-	-	-
file	crypto/src/util/secure_random_util.rs	T3	deferred	-	-	-	-	-	-
file	crypto/src/util/sorting.rs	T3	deferred	-	-	-	-	-	-
file	graphz/src/lib.rs	T3	deferred	-	-	-	-	-	-
file	models/src/ast.rs	T3	deferred	-	-	-	-	-	-
file	models/src/block_hash.rs	T3	deferred	-	-	-	-	-	-
file	models/src/block_metadata.rs	T3	finding	deep	-	-	models/src/block_metadata.rs:slashable C122	-	BlockMetadata::from_proto hard-codes slashable:false and the proto has no such field, so every metadata a validator can read loses the flag on the store round-trip and the C110 slash rule has no reachable input; the whole justified-confiscation mechanism is inert
file	models/src/block/mod.rs	T3	deferred	-	-	-	-	-	-
file	models/src/block/state_hash.rs	T3	deferred	-	-	-	-	-	-
file	models/src/block_version.rs	T3	deferred	-	-	-	-	-	-
file	models/src/casper/mod.rs	T3	deferred	-	-	-	-	-	-
file	models/src/casper/pretty_printer.rs	T3	deferred	-	-	-	-	-	-
file	models/src/casper/protocol/casper_message_protocol.rs	T3	deferred	-	-	-	-	-	-
file	models/src/casper/protocol/casper_message.rs	T1	finding	deep	-	-	models/src/casper/protocol/casper_message.rs:total_phlo_charge C109	-	the charge and the refund are computed here from wire-supplied phlo fields; both returned a bare i64 whose sign was unchecked, so a negative limit produced a usable amount
file	models/src/casper/protocol/deploy_service.rs	T3	deferred	-	-	-	-	-	-
file	models/src/casper/protocol/mod.rs	T3	deferred	-	-	-	-	-	-
file	models/src/casper/protocol/packet_type_tag.rs	T3	deferred	-	-	-	-	-	-
file	models/src/casper/protocol/propose_service.rs	T3	deferred	-	-	-	-	-	-
file	models/src/casper/protocol/report.rs	T3	deferred	-	-	-	-	-	-
file	models/src/comm/discovery/mod.rs	T3	deferred	-	-	-	-	-	-
file	models/src/comm/mod.rs	T3	deferred	-	-	-	-	-	-
file	models/src/comm/protocol/mod.rs	T3	deferred	-	-	-	-	-	-
file	models/src/errors.rs	T3	deferred	-	-	-	-	-	-
file	models/src/fringe_data.rs	T3	deferred	-	-	-	-	-	-
file	models/src/lib.rs	T3	deferred	-	-	-	-	-	-
file	models/src/murmur_hash3.rs	T3	deferred	-	-	-	-	-	-
file	models/src/normalizer_env.rs	T3	deferred	-	-	-	-	-	-
file	models/src/par_ops.rs	T1	cleared	deep	-	-	models/src/par_ops.rs:locally_free_of_expr	-	read in full (447 lines) plus the call graph, against implicits.scala. The interesting question here is depth, because getting it backwards would corrupt free-variable analysis everywhere, and the answer is that the port computes the same thing by a different mechanism. In the Scala, depth is threaded through the HasLocallyFree instances and incremented at exactly two sites, both in the MatchCase instance (implicits.scala:509 and :523, locallyFree(pat, depth + 1)); locallyFree(Var) is BitSet(index) at depth 0 and empty above it, so depth counts match-case bindings and a pattern's own binder is not free. This port does not thread depth: it applies the Scala's own from_free(levels, n) — keep levels >= n and shift down by n, normalizer.rs:643, documented as the Scala BitSet.from(n).map(x => x - n) — at the two normalizer sites that correspond (normalize_new at :701 with the bound count, and the match case at :768). Same semantics, fewer parameters. The depth argument on locally_free_of_var/of_expr is therefore only exercised at 0 today: both callers pass 0 (spatial_matcher.rs:70 asks whether an expression is locally closed, reduce.rs:73 unions into the free set), and the non-zero arm is reachable but unused, which is the Scala's arm kept rather than dropped. Expr coverage is exhaustive by construction — no wildcard arm, so a new variant is a compile error rather than a silent omission. Nothing found.
file	models/src/pretty.rs	T3	deferred	-	-	-	-	-	-
file	models/src/proto.rs	T3	deferred	-	-	-	-	-	-
file	models/src/rholang.rs	T2	deferred	-	-	-	-	-	-
file	models/src/runtime.rs	T2	deferred	-	-	-	-	-	-
file	models/src/sorted.rs	T3	deferred	-	-	-	-	-	-
file	models/src/sorter.rs	T3	deferred	-	-	-	-	-	-
file	models/src/string_syntax.rs	T3	deferred	-	-	-	-	-	-
file	models/src/types.rs	T3	deferred	-	-	-	-	-	-
file	models/src/validator.rs	T1	cleared	deep	-	-	models/src/validator.rs:Validator::try_from	-	read in full (151 lines) against Validator.scala: a 65-byte identity whose field is private, so the length is carried structurally; a checked TryFrom<&[u8]> returning a typed error naming both lengths, an unchecked from_slice that asserts, and serde as lowercase hex that refuses both non-hex and a wrong length. Four tests, all two-sided. Checked the one risk rather than assuming it: from_slice is the unchecked path and would panic on a short slice, so I traced every non-test caller — there is exactly one, models/src/casper/pretty_printer.rs:124, passing a fixed [0xcd; 65] literal (the other apparent caller, validator_identity.rs:85, is inside a #[test]). So the doc's claim that callers carry the invariant structurally holds today. One thing recorded without calling it a defect, because nothing reaches it: PublicKey is a bare Vec<u8> with an unchecked new(), so from_slice(&public_key.bytes()) would be a panic rather than an error — a footgun for the next caller, not a live defect.
file	models/src/wire.rs	T3	deferred	-	-	-	-	-	-
file	node/src/api/admin_web_api_impl.rs	T3	deferred	-	-	-	-	-	-
file	node/src/api/admin_web_api.rs	T3	deferred	-	-	-	-	-	-
file	node/src/api/conversion.rs	T3	deferred	-	-	-	-	-	-
file	node/src/api/dto.rs	T3	deferred	-	-	-	-	-	-
file	node/src/api/faucet.rs	T3	deferred	-	-	-	-	-	-
file	node/src/api/grpc/deploy_grpc_service_v1.rs	T2	deferred	-	-	-	-	-	-
file	node/src/api/grpc/mod.rs	T3	deferred	-	-	-	-	-	-
file	node/src/api/grpc/propose_grpc_service_v1.rs	T3	deferred	-	-	-	-	-	-
file	node/src/api/grpc/repl_grpc_service.rs	T3	deferred	-	-	-	-	-	-
file	node/src/api/grpc/tonic.rs	T3	deferred	-	-	-	-	-	-
file	node/src/api/mod.rs	T3	deferred	-	-	-	-	-	-
file	node/src/api/rho_expr.rs	T3	deferred	-	-	-	-	-	-
file	node/src/api/shard_routing.rs	T3	deferred	-	-	-	-	-	-
file	node/src/api/web_api_impl.rs	T3	deferred	-	-	-	-	-	-
file	node/src/api/web_api.rs	T3	deferred	-	-	-	-	-	-
file	node/src/api/web_api_syntax.rs	T3	deferred	-	-	-	-	-	-
file	node/src/configuration/commandline/base16_converter.rs	T3	deferred	-	-	-	-	-	-
file	node/src/configuration/commandline/config_mapper.rs	T2	deferred	-	-	-	-	-	-
file	node/src/configuration/commandline/mod.rs	T3	deferred	-	-	-	-	-	-
file	node/src/configuration/commandline/options.rs	T3	deferred	-	-	-	-	-	-
file	node/src/configuration/configuration.rs	T2	finding	deep	-	-	node/src/configuration/configuration.rs:parse_file C141 node/src/configuration/configuration.rs:build C147	-	a malformed config file is silently truncated because the hocon loader is non-strict, so the node runs on defaults for every key after the first syntax error with no error and no log line; the same module silently substitutes the default profile for an unknown --profile, moving the data directory
file	node/src/configuration/hocon.rs	T2	deferred	-	-	-	-	-	-
file	node/src/configuration/model.rs	T3	finding	deep	-	-	node/src/configuration/model.rs:Kamon C146	-	model.rs and defaults.conf both cite spec/AUDIT.md C315, which is not an allocated row, and the pointer check cannot see it because pointer_sources is built from spec/*.md and spec/Rchain/*.lean only, so the cross-reference discipline is unenforced outside spec/
file	node/src/configuration/mod.rs	T3	deferred	-	-	-	-	-	-
file	node/src/diagnostics/effects.rs	T3	deferred	-	-	-	-	-	-
file	node/src/diagnostics/influxdb.rs	T3	deferred	-	-	-	-	-	-
file	node/src/diagnostics/model.rs	T3	deferred	-	-	-	-	-	-
file	node/src/diagnostics/mod.rs	T3	deferred	-	-	-	-	-	-
file	node/src/diagnostics/prometheus_reporter.rs	T3	deferred	-	-	-	-	-	-
file	node/src/diagnostics/scrape_data_builder.rs	T3	deferred	-	-	-	-	-	-
file	node/src/diagnostics/trace.rs	T3	deferred	-	-	-	-	-	-
file	node/src/effects/console_io.rs	T3	deferred	-	-	-	-	-	-
file	node/src/effects/mod.rs	T3	deferred	-	-	-	-	-	-
file	node/src/effects/repl_client.rs	T3	deferred	-	-	-	-	-	-
file	node/src/instances/mod.rs	T3	deferred	-	-	-	-	-	-
file	node/src/instances/proposer_instance.rs	T3	deferred	-	-	-	-	-	-
file	node/src/lib.rs	T3	deferred	-	-	-	-	-	-
file	node/src/main.rs	T3	finding	deep	-	-	node/src/main.rs:main C144	-	no signal handler is installed anywhere in the workspace and the binary is PID 1 in the container, so SIGTERM is delivered and discarded and every stop burns the grace period before SIGKILL; there is no graceful shutdown path, so LMDB environments are not closed and in-flight work is killed mid-flight
file	node/src/runtime/mod.rs	T3	deferred	-	-	-	-	-	-
file	node/src/runtime/node_call_ctx.rs	T3	deferred	-	-	-	-	-	-
file	node/src/runtime/node_environment.rs	T3	deferred	-	-	-	-	-	-
file	node/src/runtime/node_main.rs	T2	deferred	-	-	-	-	-	-
file	node/src/runtime/node_runtime.rs	T1	finding	deep	-	-	node/src/runtime/node_runtime.rs:admin_bind_host C112 node/src/runtime/node_runtime.rs:admin_bind_host C132 node/src/runtime/node_runtime.rs:serve C142	-	the admin HTTP server bound api-server.host with an unauthenticated propose endpoint behind it; the bind is now loopback unless the operator opts in
file	node/src/runtime/repl_runtime.rs	T3	deferred	-	-	-	-	-	-
file	node/src/runtime/shutdown.rs	T3	cleared	deep	-	-	node/src/runtime/shutdown.rs:stop_requested C144 node/tests/shutdown.rs:a_node_that_is_asked_to_stop_returns_and_stops_answering	node/src/runtime/shutdown.rs:shutdown_signal	written and reviewed in this session while closing AUDIT C144, so the review is the authoring: the file is the node's whole stop path — the signal handler, the watch channel every listener awaits, and the bounded drain timeout. **Both directions measured, and the review found one defect in its own first draft.** With `wait_for` replaced by a plain borrow (so `stop_requested` resolves immediately) the unit test's first arm fails — "a listener must not stop before the coordinator asks it to"; and with `acquire_http_server`'s `with_graceful_shutdown` removed, `node/tests/shutdown.rs` fails at "the HTTP listener must be closed after the stop, not merely unreported". The defect: a listener that drains *because it was told to* returns `Ok(())`, and the first draft's `listener_stopped` read that as "an accept loop returned" — so `docker stop` would sometimes have reported a server error and exited 1 on a perfectly clean shutdown, decided by `select!`'s arbitrary choice among ready arms. The `stopping` flag is that fix. Not read: the transport layer's own shutdown (`comm/src/transport/grpc_transport_receiver.rs`), which is the residue C144's own row names — this file hands it nothing to await.
file	node/src/state/instances.rs	T3	deferred	-	-	-	-	-	-
file	node/src/state/mod.rs	T3	deferred	-	-	-	-	-	-
file	node/src/web/http.rs	T3	finding	deep	-	-	node/src/web/http.rs:gateway_or_not_found C121 node/src/web/http.rs:admin_router C133 node/src/web/http.rs:epoch C148	-	the public API router mounts the fund-moving POST /api/txn with no authentication, no rate limiter and no bound on the leg vector, while every sibling state-mutating route consults the limiter; the admin router's own CORS comment promises a protection a simple cross-origin POST never has to ask for
file	node/src/web/mod.rs	T3	deferred	-	-	-	-	-	-
file	node/src/web/pos_read.rs	T3	cleared	deep	-	-	node/src/web/pos_read.rs:pos_status C148 node/tests/api_surface.rs:the_read_routes_answer_and_their_refusals_are_defined	-	written and reviewed in this session while closing AUDIT C148, so the review is the authoring: the file is the whole PoS read surface — the trait, the DTO, the live read through the primary shard's `RuntimeManager`, and the three arithmetic helpers the operator previously did by hand. **The three layers are pinned separately**: `the_boundary_arithmetic_answers_the_operators_question` and `a_pending_withdrawal_counts_down_and_never_goes_negative` pin the arithmetic, including the `epochLength <= 1` setting — where a `%` would divide by zero, and where "every block is a boundary" is a real genesis configuration rather than a corner case; `api_v1_pos_answers_the_epoch_the_validator_set_and_the_staged_withdrawals` pins the rendering through the handler with deliberately non-round values, so a transposed field fails the assertion rather than passing on a 0; and the end-to-end read against **live native state** is `node/tests/api_surface.rs`'s `activeValidators` assertion, which names the validator the genesis bonds file bonded. Not read: the other callers of `NativeSystemState` (separate register rows), and the freshness of what this reads — it is the shard's last checkpoint, not the block being produced.
file	node/src/web/reporting.rs	T3	deferred	-	-	-	-	-	-
file	node/src/web/status_info.rs	T3	deferred	-	-	-	-	-	-
file	node/src/web/transaction.rs	T3	deferred	-	-	-	-	-	-
file	node/src/web/version_info.rs	T3	deferred	-	-	-	-	-	-
file	qucalc/src/lib.rs	T3	deferred	-	-	-	-	-	-
file	qucalc/src/main.rs	T3	deferred	-	-	-	-	-	-
file	rholang/src/accounting.rs	T3	deferred	-	-	-	-	-	-
file	rholang/src/compiler.rs	T3	deferred	-	-	-	-	-	-
file	rholang/src/contract_call.rs	T1	cleared	deep	-	-	rholang/src/contract_call.rs:native_body_ref	-	read in full (402 lines) against ContractCall.scala, plus the caller. The load-bearing part is native_body_ref, which derives a continuation id from (name_bytes, arity) and forces it negative with | i64::MIN so it cannot collide with a small non-negative BodyRefs constant. Checked the two things that could be wrong. (1) The derivation is a function of the name and the arity and not of a counter, and the doc says why that matters here: a counter would depend on how many handles this dispatcher has installed, and replay builds a fresh dispatcher, so the continuation would dispatch nowhere on the second run — a real replay-determinism trap avoided. (2) The id is negative by construction, and a channel can carry several arities under one name, which is exactly the oracle vault's shape (balance at 2, transfer at 5), so the arity has to be part of the id. The one risk I looked for is a non-positive arity, since install_native builds (0..arity) patterns and sets free_count from it: the single caller (system_processes.rs:433) passes integer literals 2 and 5 in a loop, so it is unreachable. install_native also registers before installing, deliberately, so a failure leaves a handler nobody can reach rather than a continuation that dispatches into an empty table. Nothing found.
file	rholang/src/dispatch.rs	T1	cleared	deep	-	-	rholang/src/dispatch.rs:RholangAndScalaDispatcher::dispatch	-	read in full (447 lines) against dispatch.scala, plus its tests. The thing I looked for is the one this crate's clippy debt list would hide: await_holding_lock is in the allow-list, so a lock held across an await here would never be reported. It is not — both dispatch arms take the table's lock in an inner block, call the handler to produce a future, drop the guard at the end of that block, and await outside it. That is the correct pattern and it is deliberate rather than lucky. Three further properties, each checked rather than assumed. (1) register_handler is idempotent per id and says why that is required rather than lazy: the install path re-runs on replay and a deploy may legitimately call findOrCreate twice for one address in a block, so the second call must reach the same handler rather than swap a new closure under a continuation the space already holds; the check-then-insert is under the table's own lock, so two concurrent installs cannot both win. (2) The ParBody arm does not sort its random states, with a comment saying so and why: the order is continuation-first then matched data in receive-bind order, matching dispatch.scala:33, and data_list is already canonical — sorting here would break the determinism it looks like it protects. (3) A missing evaluator is BugFoundError rather than a silent no-op, which is the shape this register keeps asking for. Eight tests, including that an unregistered ref is refused by name and that a dropped dispatcher is reported through the Weak handle. Nothing found.
file	rholang/src/env.rs	T2	deferred	-	-	-	-	-	-
file	rholang/src/errors.rs	T3	deferred	-	-	-	-	-	-
file	rholang/src/evaluate_result.rs	T3	deferred	-	-	-	-	-	-
file	rholang/src/lib.rs	T3	deferred	-	-	-	-	-	-
file	rholang/src/matcher/maximum_bipartite_match.rs	T3	deferred	-	-	-	-	-	-
file	rholang/src/matcher/mod.rs	T3	deferred	-	-	-	-	-	-
file	rholang/src/matcher/par_count.rs	T3	deferred	-	-	-	-	-	-
file	rholang/src/matcher/par_spatial_matcher_utils.rs	T3	finding	deep	-	-	rholang/src/matcher/par_spatial_matcher_utils.rs:min_max_subsets C124	-	the subset enumeration materializes 2^n pairs before the product check that is supposed to refuse it can run, and 2^20 already exceeds MAX_SPLIT_COMBINATIONS, so the bound can never prevent the work it names; measured at 15.9 GB RSS and 38 s of uncharged CPU from a 217-byte deploy
file	rholang/src/matcher/spatial_matcher.rs	T3	deferred	-	-	-	-	-	-
file	rholang/src/merging.rs	T3	deferred	-	-	-	-	-	-
file	rholang/src/native_state.rs	T1	finding	deep	-	-	rholang/src/native_state.rs:pre_charge C109 rholang/src/native_state.rs:untrust C111 rholang/src/native_state.rs:withdraw C135	-	a negative phlo_limit credited the deployer's vault: the charge is a debit and the subtraction inverted. Read as part of the C109 fix; the vault arithmetic, the staking credit and the untrust revocation in this file were reviewed, the rest of the file's native surface was not
file	rholang/src/normalizer.rs	T3	deferred	-	-	-	-	-	-
file	rholang/src/parser.rs	T3	deferred	-	-	-	-	-	-
file	rholang/src/pretty_printer.rs	T3	deferred	-	-	-	-	-	-
file	rholang/src/proc_ast.rs	T3	deferred	-	-	-	-	-	-
file	rholang/src/reduce.rs	T3	deferred	-	-	-	-	-	-
file	rholang/src/registry.rs	T3	deferred	-	-	-	-	-	-
file	rholang/src/reporting_runtime.rs	T2	deferred	-	-	-	-	-	-
file	rholang/src/runtime.rs	T3	deferred	-	-	-	-	-	-
file	rholang/src/scheduler.rs	T1	cleared	deep	-	-	rholang/src/scheduler.rs:EffectMode::from_str	-	read in full (138 lines): DfsPath and EffectMode, pure data with no I/O and no partiality. Three things checked rather than assumed. (1) The configured vocabulary and the parser agree exactly: defaults.conf:356 documents 'dfs | gate | relaxed | relaxed-validated' and FromStr accepts precisely those four, rejecting everything else by naming the alternatives — and the test also refuses a silent fallback to the default, which is the failure mode a mode string exists to prevent. (2) ForkJoin is deliberately not name-addressable, pinned by its own test so giving it a configured name would be a deliberate act. (3) DfsPath's tuple field is public, and that is not an escape: it is not a refinement and carries no invariant it could surrender — the u16 note is about how paths are built by child(), not a predicate the constructors enforce. Nothing found.
file	rholang/src/storage_printer.rs	T3	deferred	-	-	-	-	-	-
file	rholang/src/storage.rs	T3	deferred	-	-	-	-	-	-
file	rholang/src/substitute.rs	T3	deferred	-	-	-	-	-	-
file	rholang/src/system_processes.rs	T1	finding	deep	-	-	rholang/src/system_processes.rs:multi_sig_rev_vault C114	-	the multi-signature vault name was wired to the single-signer rev_vault handler; it now refuses rather than silently providing weaker custody
file	rholang/src/tree_proc.rs	T3	exempt	-	-	deleted	-	-	EXEMPT, not deferred. This file was **deleted 2026-09-28** (issue #38) as an unreachable prototype: it was exported by one `pub mod` and referenced by nothing else in the tree, including its own tests, and the sound form of what it prototyped is already specified and implemented as Laws 23-25 / `EffectMode::RelaxedValidated`. So there is nothing to review: it is absent, not pending. The `deleted` reason was added to the vocabulary above for it — the existing five classify *what a file is*, and none of them describes a file that is gone.
file	rholang/src/util/base58.rs	T3	deferred	-	-	-	-	-	-
file	rholang/src/util/mod.rs	T3	deferred	-	-	-	-	-	-
file	rholang/src/util/rev_address.rs	T3	deferred	-	-	-	-	-	-
file	rspace/src/checkpoint.rs	T3	deferred	-	-	-	-	-	-
file	rspace/src/concurrent/channel_queue.rs	T3	deferred	-	-	-	-	-	-
file	rspace/src/concurrent/mod.rs	T3	deferred	-	-	-	-	-	-
file	rspace/src/concurrent/multi_lock.rs	T3	deferred	-	-	-	-	-	-
file	rspace/src/concurrent/two_step_lock.rs	T3	deferred	-	-	-	-	-	-
file	rspace/src/concurrent/zfa_ledger.rs	T3	exempt	-	-	deleted	-	-	EXEMPT, not deferred. This file was **deleted 2026-09-28** (issue #38) as an unreachable prototype: it was exported by one `pub mod` and referenced by nothing else in the tree, including its own tests, and the sound form of what it prototyped is already specified and implemented as Laws 23-25 / `EffectMode::RelaxedValidated`. So there is nothing to review: it is absent, not pending. The `deleted` reason was added to the vocabulary above for it — the existing five classify *what a file is*, and none of them describes a file that is gone.
file	rspace/src/errors.rs	T3	deferred	-	-	-	-	-	-
file	rspace/src/factory.rs	T3	deferred	-	-	-	-	-	-
file	rspace/src/hashing/mod.rs	T3	deferred	-	-	-	-	-	-
file	rspace/src/hashing/stable_hash_provider.rs	T3	deferred	-	-	-	-	-	-
file	rspace/src/history/codecs.rs	T1	cleared	deep	-	-	rspace/src/history/codecs.rs:Blake2b256HashCodec::decode	-	read in full (57 lines) against its oracle while closing R32's wave. The codec is 32 bytes fixed, decode refuses any other length by name before constructing a hash, and both halves are pinned by a round trip that asserts the exact bytes and a four-length refusal arm. One interface difference from the Scala and it is the safer direction: scodec's codec is stream-based, so bytes(size = length) decodes a 32-byte prefix and leaves the remainder, while this Codec::decode is whole-value and refuses a 33-byte input that scodec would have accepted; a store handing back the wrong value length is a corruption, and refusing it is what a key codec should do.
file	rspace/src/history/cold_store.rs	T3	deferred	-	-	-	-	-	-
file	rspace/src/history/export.rs	T3	deferred	-	-	-	-	-	-
file	rspace/src/history/history_action.rs	T1	cleared	deep	-	-	rspace/src/history/history_action.rs:HistoryAction::trim	-	read in full (103 lines) against HistoryAction.scala: two variants, a key() accessor and a trim() that drops one byte for both, with three tests. **The one thing worth naming is already registered, and that is the finding:** trim() on an empty key panics, because KeySegment::tail indexes value[1..], and a #[should_panic] test pins it rather than a guard preventing it. That is not new here and it is not a defect this read found, it is C61's recorded residual: the tree never trims past a leaf, the panic is latent, and C61's account says in as many words that the pass leaves it there because carrying the invariant would be the ~30-site rewrite its plan calls option 7. Recorded as read-and-already-registered rather than re-reported, because a reader of this row should be able to tell a new defect from a known one.
file	rspace/src/history/history_reader.rs	T3	deferred	-	-	-	-	-	-
file	rspace/src/history/history_repository.rs	T1	cleared	deep	-	-	rspace/src/history/history_repository.rs:HistoryRepository::do_checkpoint_with_native	-	read in full (450 lines) against HistoryRepository.scala and HistoryRepositoryImpl.scala, completing the history cluster. The constants are the thing that would silently corrupt every state hash, so they were checked first and against the definition rather than inferred: PREFIX_DATUM 0x00, PREFIX_KONT 0x01, PREFIX_JOINS 0x02, exactly as HistoryRepository.scala:53-55 has them. calculate_storage_action is arm-for-arm the Scala's calculateStorageActions — encode the leaf, encode the leaf-with-its-tag, hash it, and return (hash, leaf) beside InsertAction(KeySegment(PREFIX +: hash.bytes), leaf_hash). The checkpoint ordering is the other property that matters and it is right: cold leaves are written before the trie actions that reference them, and the write is put-if-absent (contains, filter, put) — a repeated leaf is the same bytes under the same hash, so the check-then-act is idempotent rather than a race with a consequence. A failed cold write propagates before the trie is touched, so a checkpoint cannot leave a trie pointing at leaves that are not there. Three tests; the two interesting ones are that two repositories over the same stores agree on the root, and that resetting to an unknown root is an error. Nothing found.
file	rspace/src/history/history.rs	T3	deferred	-	-	-	-	-	-
file	rspace/src/history/instances/mod.rs	T3	deferred	-	-	-	-	-	-
file	rspace/src/history/instances/radix_history.rs	T3	deferred	-	-	-	-	-	-
file	rspace/src/history/instances/rspace_history_reader_impl.rs	T3	deferred	-	-	-	-	-	-
file	rspace/src/history/key_segment.rs	T3	deferred	-	-	-	-	-	-
file	rspace/src/history/mod.rs	T3	deferred	-	-	-	-	-	-
file	rspace/src/history/radix_tree.rs	T3	deferred	-	-	-	-	-	-
file	rspace/src/history/root_repository.rs	T1	cleared	deep	-	-	rspace/src/history/root_repository.rs:RootRepository::validate_and_set_current_root	-	read in full (93 lines) against RootRepository.scala, and it is line-for-line faithful: commit delegates to recordRoot, current_root records and returns the empty root on a first read (the Scala's None arm), and validate_and_set_current_root turns the store's refusal into an error. The one difference is the error's shape, not its meaning: the Scala raises RuntimeException("unknown root") and the port returns Err("unknown root"), which is this tree's error convention on every trait it converted (Result<_, String>). Both behaviours are pinned two-sidedly: an empty store yields and records the empty root AND the validated setter then accepts it, and a refused root leaves the current root where it was rather than moving to a root that does not exist.
file	rspace/src/history/roots_store.rs	T1	finding	deep	-	-	rspace/src/history/roots_store.rs:RootsStore::current_root C164	C164	the read's finding, and it is fixed: current_root handed the store's value straight to Blake2b256Hash::from_byte_array, which asserts a 32-byte length, so a truncated current-root panicked the node on the path every state read goes through. One file over, codecs.rs performs the identical conversion and does guard it — the discipline existed and was not applied where the same bytes are read. Guarded now, falsified both ways.
file	rspace/src/hot_store_action.rs	T3	deferred	-	-	-	-	-	-
file	rspace/src/hot_store.rs	T3	deferred	-	-	-	-	-	-
file	rspace/src/hot_store_trie_action.rs	T3	deferred	-	-	-	-	-	-
file	rspace/src/internal.rs	T3	deferred	-	-	-	-	-	-
file	rspace/src/i_replay_space.rs	T3	deferred	-	-	-	-	-	-
file	rspace/src/i_space.rs	T3	deferred	-	-	-	-	-	-
file	rspace/src/lib.rs	T3	deferred	-	-	-	-	-	-
file	rspace/src/lock.rs	T3	deferred	-	-	-	-	-	-
file	rspace/src/match_.rs	T3	deferred	-	-	-	-	-	-
file	rspace/src/merger/channel_change.rs	T3	deferred	-	-	-	-	-	-
file	rspace/src/merger/event_log_index.rs	T3	deferred	-	-	-	-	-	-
file	rspace/src/merger/event_log_merging_logic.rs	T2	deferred	-	-	-	-	-	-
file	rspace/src/merger/mod.rs	T2	deferred	-	-	-	-	-	-
file	rspace/src/merger/state_change_merger.rs	T2	deferred	-	-	-	-	-	-
file	rspace/src/merger/state_change.rs	T3	deferred	-	-	-	-	-	-
file	rspace/src/native_store.rs	T3	deferred	-	-	-	-	-	-
file	rspace/src/replay_rspace.rs	T1	cleared	deep	-	-	rspace/src/replay_rspace.rs:ReplayRSpace::check_replay_data	-	read in full (748 lines) against ReplayRSpace.scala, Law 11's replay determinism. The checker is the thing to look at and it is in the state C152 recorded: check_replay_data reads the replay-data map and errors with Unused COMM event and the count when it is not empty, so a recorded COMM the replay never produced is a refusal rather than a pass — and it is not the neutered form C152's row describes ('if data.is_empty()' changed to 'if true'), which would have made it answer Ok unconditionally. Both error directions C152 named are present and at the lines it named: a_rigged_replay_matches_its_recorded_trace at :703 and a_rig_whose_comm_never_happens_is_reported at :731. The ReplayData bookkeeping backs it: comms_for_consume/comms_for_produce hand out the recorded COMMs, remove_*_binding drops each one as it is used and prunes the emptied key, so 'every recorded COMM was used' is exactly is_empty() and the count in the error is the number left over. This is the second read whose finding was already registered and already fixed — like history_action's C61 and codecs' guard, the value of the read is confirming the fix is where the register says it is rather than taking the row's word. Nothing new found.
file	rspace/src/reporting_rspace.rs	T3	deferred	-	-	-	-	-	-
file	rspace/src/reporting_transformer.rs	T3	deferred	-	-	-	-	-	-
file	rspace/src/rspace.rs	T3	deferred	-	-	-	-	-	-
file	rspace/src/scheduled_space.rs	T1	cleared	deep	-	-	rspace/src/scheduled_space.rs:RSpace::scheduled_produce_commit	-	read in full (494 lines) against the Laws 20-22 model, and the soundness claim is the thing to check: the module's own doc says phase-one reads are advisory and phase two re-validates atomically, because the candidate may have been consumed by a cross-channel op in the gap. It does. scheduled_produce_commit computes its lock set from the *current* join groups (the phase_two thunk reads get_joins at acquisition time rather than reusing phase one's set) and then runs scheduled_produce_commit_body, which re-reads the joins and re-extracts under that lock, falling back to storing the datum when nothing matches. So a join set that changed in the gap is locked as it is now and decided on as it is now, not as phase one saw it — which is what makes deliberate hold-and-wait across trigger plus join channels safe rather than a race. The arm that would catch a regression is pinned by its own test: a_commit_whose_candidate_vanished_stores_instead_of_delivering. The consume genuinely needs no split, as the doc says, because its full static source set is claimed up front. Five tests. Nothing found.
file	rspace/src/serializers/mod.rs	T3	deferred	-	-	-	-	-	-
file	rspace/src/serializers/scodec_serialize.rs	T3	deferred	-	-	-	-	-	-
file	rspace/src/space_matcher.rs	T3	deferred	-	-	-	-	-	-
file	rspace/src/state/exporters.rs	T3	deferred	-	-	-	-	-	-
file	rspace/src/state/instances.rs	T3	deferred	-	-	-	-	-	-
file	rspace/src/state/mod.rs	T3	deferred	-	-	-	-	-	-
file	rspace/src/trace/event.rs	T3	deferred	-	-	-	-	-	-
file	rspace/src/trace/mod.rs	T3	deferred	-	-	-	-	-	-
file	rspace/src/trace/tuplespace_event.rs	T3	deferred	-	-	-	-	-	-
file	rspace/src/tuple_space.rs	T3	deferred	-	-	-	-	-	-
file	rspace/src/util.rs	T3	deferred	-	-	-	-	-	-
file	sdk/src/block.rs	T3	deferred	-	-	-	-	-	-
file	sdk/src/casper_syntax.rs	T3	deferred	-	-	-	-	-	-
file	sdk/src/consensus.rs	T3	deferred	-	-	-	-	-	-
file	sdk/src/dag/data.rs	T3	deferred	-	-	-	-	-	-
file	sdk/src/dag/merging.rs	T3	deferred	-	-	-	-	-	-
file	sdk/src/dag.rs	T3	deferred	-	-	-	-	-	-
file	sdk/src/dag/syntax.rs	T3	deferred	-	-	-	-	-	-
file	sdk/src/error.rs	T3	deferred	-	-	-	-	-	-
file	sdk/src/lib.rs	T3	deferred	-	-	-	-	-	-
file	sdk/src/primitive.rs	T3	deferred	-	-	-	-	-	-
file	shared/src/base16.rs	T3	deferred	-	-	-	-	-	-
file	shared/src/compression.rs	T3	deferred	-	-	-	-	-	-
file	shared/src/dag.rs	T3	deferred	-	-	-	-	-	-
file	shared/src/debug.rs	T3	deferred	-	-	-	-	-	-
file	shared/src/key_value_cache.rs	T3	deferred	-	-	-	-	-	-
file	shared/src/language.rs	T3	deferred	-	-	-	-	-	-
file	shared/src/lib.rs	T3	deferred	-	-	-	-	-	-
file	shared/src/lmdb.rs	T3	deferred	-	-	-	-	-	-
file	shared/src/log.rs	T3	finding	deep	-	-	shared/src/log.rs:StderrLog C145	-	the only installed logger prints level, class and message with no wall-clock time, debug and trace are empty bodies and is_trace_enabled is hardcoded false, so incident forensics are ordering-only and cross-node timelines cannot be reconstructed from the logs
file	shared/src/long_ops.rs	T3	deferred	-	-	-	-	-	-
file	shared/src/matcher.rs	T3	deferred	-	-	-	-	-	-
file	shared/src/maybe_cell.rs	T3	deferred	-	-	-	-	-	-
file	shared/src/metrics.rs	T3	deferred	-	-	-	-	-	-
file	shared/src/monixable.rs	T3	deferred	-	-	-	-	-	-
file	shared/src/path_ops.rs	T3	deferred	-	-	-	-	-	-
file	shared/src/printer.rs	T3	deferred	-	-	-	-	-	-
file	shared/src/rate_limiter.rs	T1	cleared	deep	-	-	shared/src/rate_limiter.rs:RateLimiter::allow	-	read in full (76 lines): a fixed window with a Mutex-guarded window_start and an AtomicU64 count. Three things checked, since this is the DoS bound several unauthenticated surfaces rest on. (1) The bound holds, and the atomic read-modify-write is what makes it hold: allow() returns count.fetch_add(1) < max_per_sec, so at most max_per_sec callers can ever observe a value below the cap within a window — a plain load-then-store would admit an unbounded number under contention. (2) The counts reset per window and a refused request still increments, which cannot admit more than the cap and cannot overflow a u64 in a one-second window. (3) The one real limitation is already registered and is not this module's: the limiter is per-surface and not per-client, so one caller can spend the whole budget for everyone — that is R17's finding, recorded against the faucet and the ingress class, and it is a property of where the limiters are installed rather than of this type. Window rollover can lose an increment when a reset races another thread's fetch_add; the effect is to admit a couple more across a boundary, which is the shape of a fixed window and not a defect. Three tests, including that zero closes the surface rather than making it unlimited. Nothing found.
file	shared/src/refined.rs	T3	deferred	-	-	-	-	-	-
file	shared/src/seq_ops.rs	T3	deferred	-	-	-	-	-	-
file	shared/src/serialize.rs	T3	deferred	-	-	-	-	-	-
file	shared/src/state.rs	T3	deferred	-	-	-	-	-	-
file	shared/src/stopwatch.rs	T3	deferred	-	-	-	-	-	-
file	shared/src/store_manager.rs	T3	deferred	-	-	-	-	-	-
file	shared/src/store.rs	T3	deferred	-	-	-	-	-	-
file	shared/src/string_ops.rs	T3	deferred	-	-	-	-	-	-
file	shared/src/sync_var.rs	T3	deferred	-	-	-	-	-	-
file	shared/src/terminal_mode.rs	T3	deferred	-	-	-	-	-	-
file	shared/src/throwable_ops.rs	T3	deferred	-	-	-	-	-	-
file	shared/src/time.rs	T3	deferred	-	-	-	-	-	-
file	shared/src/typed_store.rs	T3	deferred	-	-	-	-	-	-
ingress	grpc:deploy_grpc_service_v1	T3	deferred	-	-	-	-	-	-
ingress	grpc:propose_grpc_service_v1	T3	deferred	-	-	-	-	-	-
ingress	grpc:repl_grpc_service	T3	deferred	-	-	-	-	-	-
ingress	http:/api/block/{hash}	T3	deferred	-	-	-	-	-	-
ingress	http:/api/blocks	T3	deferred	-	-	-	-	-	-
ingress	http:/api/blocks/{depth}	T3	deferred	-	-	-	-	-	-
ingress	http:/api/blocks/{start}/{end}	T3	deferred	-	-	-	-	-	-
ingress	http:/api/capabilities	T3	deferred	-	-	-	-	-	-
ingress	http:/api/data-at-name	T3	deferred	-	-	-	-	-	-
ingress	http:/api/deploy	T3	deferred	-	-	-	-	-	-
ingress	http:/api/deploy/{deploy_id}	T3	deferred	-	-	-	-	-	-
ingress	http:/api/deploys	T3	deferred	-	-	-	-	-	-
ingress	http:/api/explore-deploy	T3	finding	deep	-	-	casper/src/api/block_api_impl.rs:exploratory_deploy C129	-	the no-hash default reads the non-finalized chain tip, so an unauthenticated caller's reads are anchored to a block a byzantine proposer can pick; R19 records this as fixed and it is not
ingress	http:/api/faucet	T3	deferred	-	-	-	-	-	-
ingress	http:/api/is-finalized/{hash}	T3	deferred	-	-	-	-	-	-
ingress	http:/api/last-finalized-block	T3	deferred	-	-	-	-	-	-
ingress	http:/api/propose	T3	deferred	-	-	-	-	-	-
ingress	http:/api/shards	T3	deferred	-	-	-	-	-	-
ingress	http:/api/status	T3	deferred	-	-	-	-	-	-
ingress	http:/api/trace	T3	deferred	-	-	-	-	-	-
ingress	http:/api/transactions/{hash}	T3	deferred	-	-	-	-	-	-
ingress	http:/api/txn	T3	finding	deep	-	-	node/src/web/http.rs:gateway_or_not_found C121	-	unauthenticated and unrated POST that spends the node's own validator REV to a caller-chosen address, on the wildcard-bound public server; every sibling capability path was hardened and this one was left
ingress	http:/api/txn/{txn_id}	T3	deferred	-	-	-	-	-	-
ingress	http:/api/v1/block/{hash}	T3	deferred	-	-	-	-	-	-
ingress	http:/api/v1/blocks	T3	deferred	-	-	-	-	-	-
ingress	http:/api/v1/capabilities	T3	deferred	-	-	-	-	-	-
ingress	http:/api/v1/deploy	T3	deferred	-	-	-	-	-	-
ingress	http:/api/v1/deploys	T3	deferred	-	-	-	-	-	-
ingress	http:/api/v1/explore-deploy	T3	finding	deep	-	-	casper/src/api/block_api_impl.rs:exploratory_deploy C129	-	the versioned twin of the same tip read on the same unauthenticated route
ingress	http:/api/v1/faucet	T3	deferred	-	-	-	-	-	-
ingress	http:/api/v1/openapi.json	T3	deferred	-	-	-	-	-	-
ingress	http:/api/v1/pos	T3	cleared	deep	-	-	node/src/web/http.rs:api_pos_status C148 node/src/web/pos_read.rs:pos_status	-	a new GET on the public router, added by AUDIT C148. Read: it takes no body, no query parameters and no caller identity, so it adds no parse surface; it reads the primary shard's native state (`pos:params`, `pos:active`, `pos:pendingWithdrawers`) plus the head's height, so it moves no funds and mutates nothing; and a failed read answers 500 with the reason rather than the block routes' 400, because the failure is the node's own store rather than the caller's request. **Rate limiting was considered and not applied**: the handler is one in-memory read per call with no state mutation, the shape every sibling read route shares. **The disclosure is deliberate and is not new**: `bond-status` already reports a validator's bond over this same public API, and the active set and pending withdrawals are public chain facts — C148's whole point is that an operator could not read them, and the alternative (answering them only on the loopback admin port) would leave the operator to curl the node they are already on.
ingress	http:/api/v1/propose	T3	deferred	-	-	-	-	-	-
ingress	http:/api/v1/shards	T3	deferred	-	-	-	-	-	-
ingress	http:/api/v1/status	T3	deferred	-	-	-	-	-	-
ingress	http:/api/v1/txn	T3	finding	deep	-	-	node/src/web/http.rs:gateway_or_not_found C121	-	the versioned twin of the same unauthenticated fund-moving route, mounted from the same handler on the same wildcard-bound public router
ingress	http:/api/v1/txn/{txn_id}	T3	deferred	-	-	-	-	-	-
ingress	http:/metrics	T3	deferred	-	-	-	-	-	-
ingress	http:/reporting/trace	T3	deferred	-	-	-	-	-	-
ingress	http:/status	T3	deferred	-	-	-	-	-	-
ingress	http:/version	T3	deferred	-	-	-	-	-	-
ingress	p2p:grpc_kademlia_rpc_server:send_lookup	T3	deferred	-	-	-	-	-	-
ingress	p2p:grpc_kademlia_rpc_server:send_ping	T3	deferred	-	-	-	-	-	-
ingress	p2p:grpc_transport_receiver:send	T3	deferred	-	-	-	-	-	-
ingress	p2p:grpc_transport_receiver:stream	T3	deferred	-	-	-	-	-	-
law	10	T1	cleared	deep	-	-	rspace/src/history/radix_tree.rs:hash_node	-	mutation sweep: making every node hash alike made this witness FAIL (loudly, at the tree's own internal assertion), so it catches a degenerate mechanism and not merely a structural property. The tree's child maps are BTreeMaps, so order-independence is also structural; the mutation shows the test is not resting on that alone
law	11	T1	finding	deep	-	-	rspace/src/replay_rspace.rs:check_replay_data C152	-	the row's declared Rust witness cannot fail on this mechanism while its own `falsifiable` prose names the two tests that can: neutering `check_replay_data` to `Ok` unconditionally (`if data.is_empty()` → `if true`) leaves `law11_a_replayed_script_matches_its_recording` GREEN and reddens `a_rig_whose_comm_never_happens_is_reported` (3 passed, 1 failed), which no row names. Cause: the checker reports only rigged events the replay never produced, never missing ones, so the failing shape needs a rig that expects an absent match — the property test replays a script against its own recording and cannot build that. Owed: the two side tests belong in `laws.tsv`/`Laws.lean`/`LAWS.md` column 14, as a three-file change
law	12	T1	exempt	-	-	legacy	-	-	EXEMPT, not deferred. The register carries this row as `orphaned` and says why in its own note: it is the Rosette actor VM's single-threaded `mbox.nextMsg`, and `legacy/rosette`/`legacy/roscala` are not wired into this build — the Rust reducer replaces the VM — so "there is nothing in this tree for the law to be a claim about". Carrying it as `deferred` reads as work someone still owes, which is false: the review is `exempt` because the subject is absent, not pending. Reason `legacy` is the nearest of the ledger's five; if the vocabulary is wrong it is wrong here, and the register's own status word is quoted rather than paraphrased
law	13	T1	exempt	-	-	legacy	-	-	EXEMPT, not deferred, on the same decision as law 12 and for the same reason: the Rosette VM's reflection layer (`Ob`/`Meta`/`Ctxt`, the `OpFork` barrier), whose sources are `legacy/roscala` and are not wired into the build. The register's own note says the status word is `orphaned` and that the register's rule for `vacuous` applies — a status with no note is an admission with no plan. Reason `legacy`, with the same caveat as law 12 about the vocabulary
law	14a	T1	cleared	deep	-	-	sdk/src/consensus.rs:is_super_majority	-	mutation sweep: relaxing the supermajority gate from `stake * 3 > total_stake * 2` to `>=`, so exactly two thirds counts, turned ALL THREE declared witnesses red — `law14_super_majority_is_strictly_more_than_two_thirds` and `law14_the_two_thirds_boundary_survives_past_the_f64_mantissa` in rchain-sdk, and `law14_fringe_requires_supermajority` in rchain-block-storage. The strongest row swept so far: one mutation, three witnesses, two crates, and the boundary arm is what catches the off-by-one direction
law	14b	T1	cleared	deep	-	-	block-storage/src/dag/finalizer.rs:calculate_next_layer	-	mutation sweep: flipping `m.sender_seq > curr.sender_seq` to `<`, so the layer keeps the minimum sender_seq per sender instead of the maximum, turned the declared witness `calculate_next_layer_picks_max_sender_seq` FAILED, plus one the row does not name (`the_fringe_walk_is_bounded_by_the_non_finalized_chain_length`). Scope: the max-selection was mutated; `check_min_messages_needs_all_bonded_senders`, the row's other declared witness, did not fail under this mutation and was not separately exercised
law	15	T1	finding	deep	-	-	block-storage/src/property_tests.rs:law15_adding_blocks_only_grows_the_state C140	-	both named witnesses assert a one-directional property and stay green when add_block_to_dag_state never adds anything; six tests catch it, five of them law 18's, and none belongs to law 15
law	16a	T1	cleared	deep	-	-	casper/src/validate.rs:block_number	-	mutation sweep: accepting any block number turned 2 witnesses red. The descent bound added by H1b is in the same function and was not separately mutated
law	16b	T1	cleared	deep	-	-	casper/src/validate.rs:sequence_number	-	mutation sweep: accepting any sequence number turned 2 witnesses red
law	16c	T1	cleared	deep	-	-	models/src/casper/protocol/casper_message.rs:to_proto	-	mutation sweep: disabling the sort of `justifications` in `to_proto` (`justifications.sort();` commented out) turned the declared witness `law16_to_proto_sorts_justifications` FAILED, confirming the file's own claim that this is the sort no input can make redundant — it builds an unsorted `Vec`, unlike the `bonds`/`rejected_blocks` sorts whose BTreeMap sources are already ordered. That distinction is recorded in the file at `casper_message.rs:1378-1389` and is why only this clause of law 16 is swept here
law	16d	T1	cleared	deep	-	-	casper/src/runtime_manager.rs:compute_bonds	-	WRITTEN, then falsified on both arms — the row declared no witness and no corpus, so there was nothing to sweep. `the_bond_cache_is_the_active_pos_state_and_a_differing_one_is_refused` (`casper/tests/consensus.rs`) caps `number_of_active_validators` at 2 over 3 bonded validators so the active set and the pool differ in size, then asserts (i) `compute_bonds(post)` equals `active_bonds()` and *not* the pool, and (ii) `validate::bonds_cache` accepts a block carrying that map and refuses one that differs. **Both arms falsified, measured:** `.get_native(PREFIX_POS, pos_active_key())` → the fully-qualified `pos_bonds_key()` (so the pool's leaf is read) turns it FAILED, and `if block.bonds == computed_bonds {` → `if true {` (a comparison that accepts everything) turns it FAILED. The refusal arm is what makes the second one land — an assertion that only says "the agreeing case is accepted" is satisfied by a constant comparison, which is this sweep's recurring defect. Falsifier note worth keeping: `pos_bonds_key` is NOT imported at `runtime_manager.rs:29`, so a bare token swap is a build failure rather than a mutation; the qualified path is the form that compiles. Scope: the row's model-side half (`bondsFromNewestState`/`bondsFromCarried`/`the_sources_agree`) is Lean; the port reads the state wherever it can and falls back to the carried maps only when the newest justification's state is unreadable, refusing when they disagree (`casper/src/multi_parent_casper.rs:169-181`) — that fallback is not covered here. Owed: the register's column 14 does not yet name this test
law	17a	T1	cleared	deep	-	-	sdk/src/dag/merging.rs:compute_optimal_rejection	-	mutation sweep: reversing the lexicographic comparison in `min_by` (`(ca, a.len(), sa).cmp(&(cb, b.len(), sb))` → `.reverse()`), so the chosen rejection maximises rather than minimises the total cost, turned the declared witness `law17_the_chosen_rejection_minimizes_the_total_cost` FAILED. 3 passed, 1 failed. Scope: the ordering direction was mutated; the size and sorted-set tie-breakers beyond the cost component were not independently removed, and `law17a`'s fourth declared witness was not under the filter
law	17b	T1	cleared	deep	-	-	rholang/src/merging.rs:calculate_num_channel_diff	-	mutation sweep: wrapping_sub in place of the checked subtraction turned 2 witnesses red. The row's note records that the Scala oracle wraps and this is a deliberate deviation, so the witness is what keeps the deviation honest
law	18	T1	cleared	deep	-	-	block-storage/src/dag/metadata_store.rs:validate_dag_state	-	mutation sweep: deleting the contiguity check made the two negative witnesses FAIL and left the positive ones green, which is the correct split. The empty-DAG and missing-lowest-height cases were not separately mutated
law	19	T1	finding	deep	-	-	crypto/src/hash/blake2b512_random.rs:internal_merge C154	-	third instance of the C152/C153 pointer class, and the row whose subject makes it most visible: the statement claims the `Blake2b512Random` merge is n-ary and order-sensitive, and the four declared witnesses are the seed case plus three known-answer vectors for signatures and encryption. Making every child write to the same slot (`finalize_internal(…, i * 32)` → `…, 0`) so only the last contributes leaves all four declared witnesses green and reddens `merge_with_two_children` and `merge_with_many_children`. `merge_is_order_sensitive` (`:548`) also carries a claim the column omits. Owed: the three-file column widening, with C152 and C153
law	1a	T1	finding	deep	-	-	models/src/property_tests.rs:law1_sorting_is_idempotent C118	-	the row's first named witness cannot fail if sorting is deleted, because idempotence is what identity has; the row is still covered by its sibling witness, which does fail
law	1b	T1	cleared	deep	-	-	models/src/property_tests.rs:law1b_every_permutation_of_a_collection_sorts_alike	-	mutation sweep: replacing sort_pars with its input made this witness FAIL, so it is a real falsifier. Only the collection sort was mutated; the arithmetic of the comparison itself was not
law	2	T1	finding	deep	-	-	models/src/property_tests.rs:law2_canonical_equality_agrees_with_canonical_hashing C139	-	a constant Hash for Sorted leaves both law-2 witnesses and all 168 models tests green: the assertion is one-directional (equal implies same hash), which a constant function satisfies. Nothing anywhere asserts the converse. Scope: impl Hash for Sorted is reached only by a test helper, so no consensus path is at risk
law	20	T1	cleared	deep	-	-	rspace/src/concurrent/channel_queue.rs:insert	-	mutation sweep: replacing the path-ordered insert with an append (`partition_point(..)` → `entries.len()`) so claims queue by arrival rather than DFS path turned `law20_per_channel_path_order` FAILED, so the row's declared witness is a real falsifier for the ordering. Scope: the whole ordering was mutated; the `<=` tie rule, which is law 24's S.3 window rather than law 20's order, was not independently changed
law	21	T1	finding	deep	-	-	rholang/src/reduce.rs:EffectMode::Gate C150	-	the declared witness is vacuous on this tree and the cause is the fixture's runtime, not its assertion: deleting the gate's predecessor-await chain leaves it GREEN because `compare_mode` builds a single-threaded runtime where ungated spawns are still polled in spawn order. Swapping in 4 worker threads with the gate still deleted turns it red 3 of 3, and the runtime swap alone passes — so the gate is real and was unobservable. FIXED in `compare_mode`; law 25's witness, which shares the helper, was re-run under the new runtime and passes
law	22	T1	cleared	deep	-	-	rholang/src/reduce.rs:resolve_children	-	mutation sweep: making the concurrent branch drop its resolved terms (`for h in handles` → `for h in handles.into_iter().take(0)`) so no effects are assembled turned the declared witness `law22_the_next_step_closure_is_computable_at_dispatch` FAILED, on its `effects.len() == n` arm. Scope: the assembly was mutated; the second half of the law — that dispatch touches no tuple space — was not independently deleted, and the `i16::MAX` arity guard is not reached by a witness that stops at six terms
law	23	T1	cleared	deep	-	-	rspace/src/trace/event.rs:apply	-	mutation sweep: removing Comm::apply's produce sort made this witness FAIL, so it catches the mechanism its own law is about — unlike law 8's witness, which covers the same function but is filed under the selection. The candidate rotation is the test's own construction and was not varied
law	24	T1	cleared	deep	-	-	rspace/src/concurrent/channel_queue.rs:channel_queue	-	mutation sweep: disabling the validation gate outright made this witness FAIL. The single gate was mutated; the record-layer half of the law was not independently deleted
law	25	T1	finding	deep	-	-	rholang/src/reduce.rs:set_effect_mode C151	-	the declared witness is vacuous for this mechanism, and the mode→flag switch is covered by nothing: replacing `set_validation_enabled(mode == EffectMode::RelaxedValidated)` with `false` at `rholang/src/reduce.rs:2323` leaves all 250 rholang and all 292 casper lib tests green (counted, not assumed), including this row's own witness. Law 24's witness does catch the queue's validation, but it sets the flag directly on its own queue and so skips the mode switch; `reduce.rs:2323` is the only production site that enables it. Cause is the input distribution as much as the row: `arb_program`'s shapes are confluent under reordering, so a validated/unvalidated comparison cannot separate them — CLOSED in part: `law24_the_effect_mode_is_what_enables_the_certificate` (`5ee8155be`) now witnesses the mode→certificate wiring, re-measured here as `250 passed; 1 failed` under the same plant. Law 25's own declared witness is still green under it, so the row's evidence now exists in the tree, filed under law 24
law	26a	T1	cleared	deep	-	-	shared/src/refined.rs:ShardId::try_from	-	mutation sweep: disabling the ASCII check in `ShardId::try_from` (`if !v.is_ascii()` → `if false`), so a non-ASCII shard id is admitted, turned the declared witness `law26_a_shard_id_is_accepted_exactly_when_nonempty_ascii` FAILED. Scope: the predicate's second conjunct was mutated; the non-empty conjunct was not, and the row's three other declared witnesses (the two http leg-validation tests and `law26_invalid_shard_names_are_refused`) were not run under this plant
law	26b	T1	cleared	deep	-	-	shared/src/refined.rs:ShardId::child	-	mutation sweep: making `ShardId::child` stop extending its parent's path (`format!("{}/{name}", self.0)` → `format!("/{name}")`, so a child of a child is a root-style id) turned `law26_a_child_id_nests_under_its_parent` (`casper/src/property_tests.rs:85`) FAILED. **The witness already existed and no register field named it** — the row's `rustWitness` column is empty — which is the C152/C153/C154 pointer class in a fourth row, here found by the sweep rather than by reading the column. Scope: the child-composition path was mutated; the ordering half of the statement (the derived `Ord` over the inner `String`) was not separately mutated, and the row's `is_root`/`parent()` assertions in the same test were not isolated from the path assertion
law	26c	T1	exempt	-	-	legacy	-	-	EXEMPT, not deferred. The register carries this row as `retired`: the law about a shard-scoped RNG seed "could have been true in exactly one way, and the reading below shows the port does not take it" — so the port has no rule of that shape to test, and the decision is recorded rather than open. Reason `legacy` is the nearest available and is a stretch: what the note actually says is *retired*, which the ledger's vocabulary has no word for. Recorded here rather than forced into `deferred`, which would misdescribe a closed decision as pending work
law	27	T1	finding	deep	-	-	casper/src/txn_coordinator.rs:decision_is_deterministic C153	-	the same three-file column change as C152 is owed for a different row: the declared Rust witnesses are the two end-to-end 2PC integration tests, and deleting the `!self.legs.is_empty()` conjunct from `decision_is_deterministic` leaves both green while reddening `law27_a_legless_record_cannot_commit` — a test that puts the law number in its own name and that no register field mentions. Scope: one guard of the row's several was mutated; the abort-prevents-commit and votes-agree witnesses were not independently deleted
law	28	T1	cleared	deep	-	-	rholang/src/native_state.rs:txn_prepare	-	mutation sweep: the row has TWO independent guards — an explicit balance comparison and the NonNegI64 refinement — and removing either alone leaves the witness GREEN because the other still refuses. Removing both makes it FAIL. Single-site mutation cannot fail this witness and that is correct behaviour, not weakness: the overdraw is genuinely still rejected. Verified by removing both
law	29	T1	cleared	deep	-	-	casper/src/gateway/ledger.rs:record_vote	-	mutation sweep: making the terminal guard in `record_vote` never fire (`if self.state.is_terminal()` → `if false`), so a decided record accepts further votes, turned the declared witness `law29_a_terminal_record_never_changes_again` FAILED. Scope: the absorbing-state guard was deleted; the legless guard in `decision_is_deterministic` was mutated separately under law 27 and did not affect this witness
law	3	T1	finding	deep	-	-	rholang/src/property_tests.rs:law3_substituting_a_closed_value_keeps_the_term_closed C138	-	both named witnesses survive a substitution that does nothing, so the row's evidence is vacuous; four tests it does not name catch the mutation, and none of them is named by any law row
law	30	T1	finding	deep	-	-	rholang/src/parser.rs:parse C156	-	the row's declared evidence is the `parse` corpus, and its falsifiable prose names trailing input among the shapes that corpus refuses. Measured with the corpus test confirmed to have run: deleting the Eof requirement at `parser.rs:634` leaves `the_node_parser_agrees_with_the_lean_model` at 1 passed, because no corpus row is a complete term followed by junk — the listed refusals are missing separators or incomplete productions, all refused earlier. The guard is real but lives in `parser::tests::trailing_input_is_not_a_term`, named by no register field. The corpus IS a real falsifier in other dimensions: an unreachable list terminator turns it red. Scope: one dimension of permissiveness; the row's 11 refused rows were not each independently classified
law	31	T1	cleared	deep	-	-	rholang/src/parser.rs:parse_proc1(new)	-	mutation sweep: removing the `new` declaration list's comma tolerance (the `if p.peek() == &Tok::Comma { p.next() } else { break }` step replaced by a bare `break`, so only one declaration is ever parsed) turned the corpus's `the_node_parser_agrees_with_the_lean_model` FAILED — the corpus's `new x, in Nil` deviation row is what carries the law's completeness direction. Scope: the `new` form's deviation was mutated; the list, set, map and contract deviations the row's data list also records were not independently removed
law	32	T1	cleared	deep	-	-	rholang/src/parser.rs:lex	-	mutation sweep: making the `+` spelling lex as `Tok::Minus` turned the corpus's `every_operator_means_what_the_lean_table_says` FAILED, so the operator table is pinned to the Lean table and not merely to itself. Scope: one operator was remapped; the other spellings, the comment forms, the `_`/`_ident` rule, `bundle0` and the number forms the row's statement also lists were not independently mutated
law	33	T1	cleared	deep	-	-	rholang/src/pretty_printer.rs:ETuple	-	mutation sweep: making the printer emit the trailing comma it deliberately drops (`format!("({seq})")` → `format!("({seq},)")`), so the one-element-tuple wart is repaired, turned the corpus's `the_printers_output_round_trips_through_the_node` FAILED — the wart is pinned, not merely documented. Scope note, and not a finding: a separate probe replacing the method-argument `.join(",")` at `pretty_printer.rs:490` with `.join("")` left the corpus GREEN, because 0 of its 81 `printer` rows contain a multi-argument method call. Recorded as scope rather than a finding because the row's `falsifiable` column is about the port's three wart detectors, not about the printer's exhaustiveness — nothing the register claims is false, and what is missing is a construct it never claimed
law	34	T1	cleared	deep	-	-	rholang/src/normalizer.rs:normalize_if	-	SWEPT, after two failed routes. The register's own falsifiable column names the mutation — "normalizing the condition against `input.par` rather than `Par::default()`" — and it reproduces at the `Match` construction the corpus actually reads: `normalize_if`'s `target: Box::new(target.par.clone().quote())` → `target: Box::new(par_concat(&input_par, &target.par).quote())` turns `the_value_position_rule_agrees_with_the_lean_model` FAILED, and `an_if_condition_does_not_absorb_the_pars_before_it` FAILED in the same run (both measured, the second as an independent carrier). Scope note, and not a finding: the *sequencing* half — `let input_par = input.par.clone()` → `Par::default()`, which drops the preceding par from the `if`'s output — leaves the corpus GREEN, because the corpus asserts `whole.matches[0].target` and not the surrounding par. The row's Rust-side sentence is about the condition, so nothing claimed is unsupported. Two routes that do NOT work, recorded so they are not retried: the send-data seed at `normalizer.rs:906` is not observed by the corpus at all (0 of 5 c21 rows exercise it, so a mutation there is green whatever it does — this is what my first blocked attempt targeted), and `par: Par::default()` is textually identical at all 33 sites so no single-line edit can name one. Three further tests carry the same rule and were not each run: `rholang/tests/if_par.rs`'s five, and `system_conformance.rs`'s `an_if_fires_the_same_way_wherever_it_sits_in_a_par`
law	35	T1	cleared	deep	-	-	rholang/src/normalizer.rs:collection	-	mutation sweep: dropping the remainder's contribution to the flag (`connective_used || remainder.is_some()` → `connective_used`) turned the corpus's `the_connective_used_flag_agrees_with_the_lean_model` FAILED, so the `..._` rows pin the fold. Scope note, and not a finding: a separate probe inverting the match-case fold (`||` → `&&` at `normalizer.rs:770`, which leaves the flag permanently `false` for any `match`) left the corpus GREEN, because 0 of its 17 rows mention `match`. The row's `falsifiable` column scopes its evidence to those 17 cases, so nothing claimed is unsupported — but the flag is what decides match-versus-equality in the matcher, so the arm whose wrongness would be semantic is outside the evidence's reach, and a later sweep should start there
law	36	T1	cleared	deep	-	-	rholang/src/normalizer.rs:law36_normalization_preserves_closedness	-	WRITTEN, then falsified — the row declared no witness and no corpus, so there was nothing to sweep and a witness had to be authored. `law36_normalization_preserves_closedness` (`rholang/src/normalizer.rs`, in the test module) normalizes one closed term per binding construct — `new`, send, receive, contract, list, map, two nested news, match — and asserts both `is_closed(&out.par)` and `out.free_map.count() == 0`. Falsified: removing the scope installation in `normalize_new` (`put_all(&new_bindings)` → `put_all(&[])`, so a `new` declares names it does not bind) turns it FAILED. Scope and what is owed: the witness covers closedness, which is the row's second half; **well-scopedness** — that every binding is used in the sort its declaration gives it — is not asserted apart from the `E0609`-style refusals the walk already makes, and the register's column 14 does not yet name this test (the three-file pass belongs with the register work, not the sweep). Also recorded: the first fixture used a pattern variable in name context (`a!(b)`) and the port refused it — the term was wrong, not the walk
law	37	T1	cleared	deep	-	-	rholang/src/matcher/spatial_matcher.rs:spatial_match_core	-	mutation sweep: making the ground-pattern short-circuit answer every target turned the row's declared Rust witness `law5_a_ground_pattern_matches_only_itself` FAILED, so the port-side evidence is real. Scope: only the short-circuit was mutated — the set/map length guard and the remainder arms, which the Lean side names, were not independently deleted
law	38	T1	cleared	deep	-	-	rholang/src/reduce.rs:apply_effect	-	mutation sweep: the silence mechanism is an *absence* — `if let Some(..) = result { .. }` with no `else`, so an unmatched receive falls through to `Ok(())` — and the falsifier is therefore an added error rather than a deleted one: planting `if result.is_none() { return Err(ReduceError("an unmatched receive is an error")) }` immediately before it turned the corpus's `silence_agrees_with_the_lean_model` FAILED. Method note worth keeping: for a law whose content is 'nothing happens', 'delete the mechanism' has no referent and the plant must be the opposite of the law. Scope: the receive arm was planted; the `match` half of the row's statement was not, and the 13-row corpus was not classified row by row
law	39	T1	cleared	deep	-	-	rholang/src/system_processes.rs:Definition	-	mutation sweep: planting `arity: 2 → 3` on `rho:io:stdoutAck` turned the corpus's `every_urn_replies_in_the_shape_the_lean_catalog_says` FAILED, so the reply-shape corpus does reach the arity gate for a row that replies. Scope and disclosure: this is the same run that produced C158's contrast, not an independent one — the identical plant was green against law 40's `none`-kind row (`rho:io:stdout`) and red here, and the two rows are recorded from the same measurement rather than two. The `tuple`-kind rows and the slot-tag assertions were not separately mutated
law	40	T1	cleared	deep	-	-	rholang/src/system_processes.rs:every_catalog_urn_arity_matches_the_definition_the_node_installs C158	-	measured both ways, and the contrast was the finding: planting `arity: 2 → 3` on `rho:io:stdoutAck` (kind `send`) turned `every_urn_replies_in_the_shape_the_lean_catalog_says` FAILED, because the corpus requires the reply and a wrong-arity call loses it — but planting `arity: 1 → 2` on `rho:io:stdout` (kind `none`) left that corpus GREEN, since a non-replying urn has no reply to lose and such a row asserts only that the probe ran. So the node's arity was tied to the Lean's declared *arguments* for the six replying rows and to nothing for the three that did not. **Closed 2026-09-27 (C158):** `callArity` is now the corpus's fourth column — `protocol.tsv` carries six, not five — so the tie no longer runs through a reply at all. `every_catalog_urn_arity_matches_the_definition_the_node_installs` compares each catalog row's `callArity` against the node's own `Definition.arity`, the referent `Rchain/Protocol.lean`'s doc names, for all nine rows including the three non-replying ones; `a_drifted_catalog_arity_is_reported` shows the comparison itself can fail, so a green is evidence rather than the absence of a check. Falsified end to end on the row the finding named: planting `2` on the `rho:io:stdout` line of the emitted corpus reddens it with "the catalog declares arity 2, the node installs 1". The arity RULE remains separately checked by `silence.tsv` cases 7-12 per the register's law-40 note, which was never in question
law	41	T1	cleared	deep	-	-	rspace/src/rspace.rs:ChannelStore	-	mutation sweep: making every receive one-shot (`receive.persistent` → `false` in the `Effect::Consume` construction, so a `contract` cannot answer twice) turned the corpus's `stores_answer_the_reads_the_lean_model_says_they_survive` FAILED. Scope, and it is a real one: an earlier probe removing `self.store_persistent_data(&data_candidates)` from the consume path's persistent branch left the same corpus GREEN, so that call is not what this corpus exercises — the corpus's terms restore explicitly inside the contract body, and the mechanism it holds is the receive's persistence flag. That call was not pursued further and is not claimed to be dead
law	42	T1	cleared	deep	-	-	node/src/api/rho_expr.rs:expr_from_par	-	mutation sweep: deleting the `1 => exprs.into_iter().next()` arm of the envelope rule, so a single-expression par is wrapped in `ExprPar` instead of being unwrapped, turned the corpus's `the_api_json_is_the_lean_models_json_and_round_trips` FAILED. Scope: the `1 → unwrapped` arm was deleted; the `0 → absent` arm was not, and the round-trip half of the statement (`rho_expr_to_par (expr_from_par p) = p`) was exercised by the same test rather than targeted separately
law	43	T1	cleared	deep	-	-	node/src/api/dto.rs:NodeCapabilities	-	mutation sweep: deleting `#[serde(rename_all = "camelCase")]` from `NodeCapabilities` — four multi-word fields, so the attribute is load-bearing — turned the corpus's `every_envelope_is_the_lean_catalogs_and_the_served_schemas` FAILED. Scope note, and the reason the first probe was worthless: the same deletion on `RhoDataResponse` left the corpus GREEN, because both its fields (`expr`, `block`) are single words and `rename_all` is a **no-op** there. An attribute that looks load-bearing and is not, is the mirror of the fixture that looks like a test and cannot fail
law	44	T1	cleared	deep	-	-	rholang/src/native_state.rs:is_epoch_boundary	-	mutation sweep: making every block an epoch boundary turned 2 of the row's 3 witnesses red. The off-boundary arm is the one that carries it; the reward-split witnesses were not independently mutated
law	45	T1	cleared	deep	-	-	rholang/src/native_state.rs:epoch_divisor	-	mutation sweep: forcing the epoch divisor to 1 (every block a boundary) turned 2 witnesses red. Law 46 shares the pot-split witness and was not separately mutated
law	46	T1	finding	deep	-	-	rholang/src/native_state.rs:epoch_reward C149	-	the row's declared witness was vacuous and both sides are now fixed: the fixture bonded 4 and 5 against `minimum_bond: 3`, so `bond / minimum_bond` was 1 for every validator and deleting the factor left `an_epoch_splits_the_pot_and_keeps_the_dust` GREEN (law 47's witness caught it). Bonds are now `[4, 8]` — shares 2 and 5, sum 7 of a pot of 10, three units of dust — and the Lean twin `the_dust_is_real` moved to the same instance, since it carried the identical degeneracy over `[4, 5]` and its doc-comment stated that degeneracy as its evidence of strictness. C149 carries both halves; law 45's `falsifiable` prose described the same fixture and moved with it
law	47	T1	cleared	deep	-	-	rholang/src/native_state.rs:withdraw	-	mutation sweep: both an immediate deadline and an unstaged withdrawal turned 3 witnesses red, so the row is falsified from two directions
law	48	T1	exempt	-	-	legacy	-	-	EXEMPT, not deferred, and the register's own note is the reason: this row is `retired` because "the first half of the statement is true *by construction* — the port's merge reads only the accepted set, a fact about a `for` loop whose theorem could not fail — and the second half is a proposal (RCHIP-02's fee consequence) shared with the Scala". So there is nothing to falsify: the first half is unfalsifiable by construction and the second is a design decision with no oracle. Same caveat on the reason vocabulary as law 26c
law	49	T1	cleared	deep	-	-	rholang/src/storage.rs:refund_storage	-	mutation sweep: disabling the consume-storage refund made this witness FAIL. The produce-removal refund in the same function was not separately mutated
law	4a	T1	cleared	deep	-	-	rholang/src/reduce.rs:Effect::Consume	-	mutation sweep: replacing the consumed continuation's body with an empty par (`TaggedContinuation::ParBody(body.clone())` → a `ParWithDefault` body in the sequential `.consume` arm) turned the declared witness `peek_and_persistent_work` FAILED, so a receive does reduce to its own body rather than to nothing. Scope: the sequential `consume` arm was mutated; the path-addressed `consume_at` twin at `reduce.rs:2902` was not independently changed, and `list_channel_matches`, the row's other witness, was under a filter that did not run it
law	4b	T1	cleared	deep	-	-	rholang/src/reduce.rs:alloc	-	mutation sweep: making a fresh name a constant (`let bytes = rand.next()` → a fixed 32-byte vector while still advancing the RNG) turned the declared witness `law4_new_allocates_fresh_names_and_the_reduct_is_closed` FAILED on its `assert_ne!(ids[0], ids[1])` arm — the freshness, not the closedness half. Scope: the allocation was mutated; the closedness assertion is carried by the same test and was not separately targeted
law	5	T1	cleared	deep	-	-	rholang/src/matcher/spatial_matcher.rs:spatial_match	-	mutation sweep: turning the linearity refusal into a fall-through turned `law5_a_pattern_that_binds_a_variable_twice_never_matches` FAILED while its sibling `law5_a_pattern_that_binds_distinct_variables_matches` stayed green — so the negative arm carries the law and the positive control is not collaterally broken. Scope: only the refusal was mutated; `par_set` canonicalisation and the `.._` remainder arms were not
law	50a	T1	cleared	deep	-	-	rholang/src/parser.rs:with_depth	-	mutation sweep: removing the parser's recursion guard alone fails only rejects_excessive_nesting_depth, which no law row names — and that is CORRECT, because the row's own witness is named for the composition: with BOTH guards off, rejects_a_deep_ast_that_stays_inside_both_component_guards fails as its name says. A two-guard row where neither half alone is sufficient, like law 28
law	50b	T1	cleared	deep	-	-	models/src/types.rs:exceeds_value_depth	-	mutation sweep: a walk that never exceeds anything made this witness FAIL, caught by its one-past-the-limit arm. A first attempt that neutered the ASSERTION rather than the mechanism proved nothing and is recorded here as the trap it is: weakening a test's own claim is not a mutation of the code
law	6	T1	cleared	deep	-	-	models/src/types.rs:is_closed	-	mutation sweep: an is_closed that answers true for everything turned 2 witnesses red, caught by the row's negative arm (an open term must NOT be closed). A predicate with only its positive arm would have been vacuous
law	7	T1	cleared	deep	-	-	rspace/src/hashing/stable_hash_provider.rs:hash_channels	-	mutation sweep: removing the sort in hash_hashes left the witness GREEN and that is correct — hash_seq sorts the same hashes upstream, so the mutation removed a redundant duplicate rather than the mechanism. A mutation masked by a second implementation is not a deletion
law	8	T1	finding	deep	-	-	rspace/src/property_tests.rs:law8_comm_sorts_produces C119	-	the registered witness covers Comm::apply's produce sort but not the content-addressed selection; the selector is covered by space_matcher's own test, which no law row names
law	9	T1	cleared	deep	-	-	rspace/src/merger/channel_change.rs:combine	-	mutation sweep: a left-projection combine made the monoid witness FAIL, so it is a real falsifier — the two identity assertions are what catch it. The row's other two witnesses are about StateChange::combine and were not mutated
process	rho:block:data	T3	deferred	-	-	-	-	-	-
process	rho:crypto:blake2b256Hash	T3	deferred	-	-	-	-	-	-
process	rho:crypto:ed25519Verify	T3	deferred	-	-	-	-	-	-
process	rho:crypto:keccak256Hash	T3	deferred	-	-	-	-	-	-
process	rho:crypto:secp256k1Verify	T3	deferred	-	-	-	-	-	-
process	rho:crypto:sha256Hash	T3	deferred	-	-	-	-	-	-
process	rho:gov:censure	T3	deferred	-	-	-	-	-	-
process	rho:gov:resolveWeights	T3	deferred	-	-	-	-	-	-
process	rho:gov:tally	T3	deferred	-	-	-	-	-	-
process	rho:gov:trustLevels	T3	deferred	-	-	-	-	-	-
process	rho:io:http	T3	deferred	-	-	-	-	-	-
process	rho:io:stderr	T3	deferred	-	-	-	-	-	-
process	rho:io:stderrAck	T3	deferred	-	-	-	-	-	-
process	rho:io:stdout	T3	deferred	-	-	-	-	-	-
process	rho:io:stdoutAck	T3	deferred	-	-	-	-	-	-
process	rho:qucalc:fuse	T3	deferred	-	-	-	-	-	-
process	rho:qucalc:grant	T3	deferred	-	-	-	-	-	-
process	rho:qucalc:verify	T3	deferred	-	-	-	-	-	-
process	rho:qucalc:zfa	T3	deferred	-	-	-	-	-	-
process	rho:rchain:deployerId:ops	T3	deferred	-	-	-	-	-	-
process	rho:rchain:multiSigRevVault	T3	deferred	-	-	-	-	-	-
process	rho:rchain:pos	T3	deferred	-	-	-	-	-	-
process	rho:rchain:revVault	T3	deferred	-	-	-	-	-	-
process	rho:registry:insertArbitrary	T3	deferred	-	-	-	-	-	-
process	rho:registry:insertSigned:secp256k1	T3	deferred	-	-	-	-	-	-
process	rho:registry:lookup	T3	deferred	-	-	-	-	-	-
process	rho:registry:ops	T3	deferred	-	-	-	-	-	-
process	rho:rev:address	T3	deferred	-	-	-	-	-	-
process	rho:txn	T3	deferred	-	-	-	-	-	-
process	sys:authToken:ops	T3	deferred	-	-	-	-	-	-
roster	self	T3	deferred	-	-	-	-	spec/REVIEW-LEDGER.md	the ledger's own machinery — **and the machinery is gone** (2026-09-27). This row used to say the mechanical half was check 15; that check and the emitter it joined against were deleted with the rest of the apparatus, and nothing now re-derives the rosters or refuses a drift, so the ceilings in the header are hand-maintained. No adversarial review of the ledger itself has run, and the reason a reviewer would start with it is that it is the denominator every other count on this register is a fraction of
tool	.github/workflows/build-rnode.yml	T3	deferred	-	-	-	-	-	-
tool	.github/workflows/ci.yml	T3	deferred	-	-	-	-	-	-
tool	.github/workflows/coverage.yml	T3	cleared	deep	-	-	.github/workflows/coverage.yml:permissions C137	-	C137: fixed in `7d13ea1ae` — the workflow states `permissions: contents: read` and all five of its action refs are pinned to commits with the tag in a trailing comment. The floors and the raise history that used to live in its `Coverage` step moved to `.github/workflows/nightly.yml` when the deep gates left the push path, and check 11 reads them there now
tool	.github/workflows/devnet-fuzz.yml	T3	deferred	-	-	-	-	-	-
tool	.github/workflows/nightly.yml	T3	deferred	-	-	-	-	-	authored when the deep gates left the push path: `check-lean-conformance.sh`, `cargo llvm-cov` with its floors, and `tools/audit-instruments.sh --shared-tree-ok`. Named here because the ledger derives the tool roster from the tree, and because check 11 of `tools/audit-test-register.sh` now reads the coverage floors from this file — the rows for `coverage.yml` and this one are a pair
tool	tools/audit-instruments.sh	T3	exempt	-	-	dev-tool	-	-	EXEMPT, not deferred. This file was **deleted 2026-09-27** with the rest of the gate apparatus, so there is nothing to review: it is absent, not pending. It was a whole-gate harness (`audit-instruments.sh` ran 23 complete gate runs; `emit-review-ledger.sh` re-seeded this file from the tree), and what it did is recorded in the commit that removed it. Reason `dev-tool` is the nearest of the ledger's five
tool	tools/audit-mutate.sh	T3	finding	deep	-	-	tools/audit-mutate.sh:run C157	-	C157: reported `green` for runs in which no test ran — `cargo test`'s positional argument is a filter on test names, not a target selector, so three law-30 probes were empty runs read as evidence. Fixed: the harness refuses when every `test result:` line reads `0 passed; 0 failed`, and prints the per-target summaries on every run. Otherwise read end to end because I wrote it; the restore/journal/HEAD-anchor paths have not been falsified by planting defects in the harness itself **The file this row reviews was deleted 2026-09-27** with the gate restructure. The finding is historical and closed, and the row is kept rather than deleted because it is what houses this C-number — removing it would move the number into the unhoused backlog rather than settle it
tool	tools/audit-partiality.sh	T3	deferred	-	-	-	-	-	-
tool	tools/audit-test-register.sh	T3	finding	deep	-	-	tools/audit-test-register.sh:ANCHOR_CITE C155	-	the anchor check's cited window is the range padded by eight lines on each side, so a citation that moves by up to eight lines still contains the construct it names and is reported ok — measured when cargo fmt --all moved validate.rs by +4 and native_state.rs by +8 and fourteen of seventeen citations pointed at changed content while the step printed ok. The same blindness caught this row's author: one of the fourteen (native_state.rs:2755, law 28's test, moved to :2662) was missed by the hand-built enumeration and fixed a commit later than the other thirteen, with the gate green for it throughout. Read in full: the window construction, the identifier test and the comment that claims moved lines are caught. Not read: the pointer family and coverage-ledger steps of the same script, and the Rchain/LawsMain.lean anchor checks on the other side **The file this row reviews was deleted 2026-09-27** with the gate restructure. The finding is historical and closed, and the row is kept rather than deleted because it is what houses this C-number — removing it would move the number into the unhoused backlog rather than settle it
tool	tools/audit-type-system.sh	T1	finding	deep	-	-	tools/audit-type-system.sh:scan_spanning C159	-	C159, found by this file's own probe: `silent` is `scan_spanning`'s only caller, and `scan_spanning` piped its `note` calls into a subshell so `hard_failures` never incremented — the class printed every site it found and the gate exited 0. Its reported line was the stripped stream's too. Both fixed and measured: a planted `try_into().unwrap()` in production code went from `OK: no hard production violations` with the site printed above it, to a reported violation at the file's own line and exit 1. Introduced today in `03cafa506` as C126's fix, which was itself real: the exposure is a day and the tree holds no other site of the pattern. The rest of this tool is read end to end; its counted classes, the panic allowlist and the escape allowlist are not falsified by this row
tool	tools/audit-vendored-sources.sh	T3	deferred	-	-	-	-	-	-
tool	tools/check-lean-conformance.sh	T3	deferred	-	-	-	-	-	-
tool	tools/check-rust-witnesses.sh	T3	finding	deep	-	-	tools/check-rust-witnesses.sh:witness C128	-	the witness verdict matches 'test <name> ...' without requiring '... ok', so libtest's '... ignored' line counts as a pass and an #[ignore]d test satisfies the law register's Rust half; demonstrated live with a witness that panics if it ever runs
tool	tools/check-staged-rows.sh	T3	deferred	-	-	-	-	-	-
tool	tools/devnet-fuzz.py	T3	deferred	-	-	-	-	-	-
tool	tools/devnet.sh	T3	deferred	-	-	-	-	-	-
tool	tools/devnet-test.sh	T3	deferred	-	-	-	-	-	-
tool	tools/emit-coverage-ledger.sh	T3	deferred	-	-	-	-	-	-
tool	tools/emit-lean-corpus.sh	T3	deferred	-	-	-	-	-	-
tool	tools/emit-lean-counts.sh	T3	deferred	-	-	-	-	-	-
tool	tools/emit-lean-laws.sh	T3	deferred	-	-	-	-	-	-
tool	tools/emit-review-ledger.sh	T3	exempt	-	-	dev-tool	-	-	EXEMPT, not deferred. This file was **deleted 2026-09-27** with the rest of the gate apparatus, so there is nothing to review: it is absent, not pending. It was a whole-gate harness (`audit-instruments.sh` ran 23 complete gate runs; `emit-review-ledger.sh` re-seeded this file from the tree), and what it did is recorded in the commit that removed it. Reason `dev-tool` is the nearest of the ledger's five
tool	tools/next-audit-number.sh	T3	deferred	-	-	-	-	-	-
tool	tools/run-integration-tests.sh	T3	deferred	-	-	-	-	-	-
tool	tools/emit-findings-register.sh	T3	deferred	-	-	-	-	-	-
tool	tools/audit-status.sh	T3	deferred	-	-	-	-	-	-
tool	tools/todo.sh	T3	deferred	-	-	-	-	-	-
